,beta,rr_sus_slat,rr_sus_rec,p_primary,r_clear,r_sc,adr,rr_inf_asym,rr_inf_cs,r_lat,r_stab,r_react,r_relapse,r_relapse_td,r_relapse_tc,p_cs_pub,p_dx_pub,p_dx_pri,dur_succ,r_act,cas
0,9.644981920003955,0.46702108242615403,0.16423725411346976,0.10019119792345081,0.02595346665474112,0.22419973743679017,0.029397969588018002,1,1,0.5,0.6666666666666666,0.001,0.001,0.008,0.004,0.483,0.65,0.27,0.5,0.05567360404356617,Cascade(0.984 -> 2.938(0%) -> 2.744(100%))
1,10.24244699378651,0.35249479259612937,0.15690015143919697,0.10236599347409814,0.036411844262498334,0.22693443445377856,0.01876383461735142,1,1,0.5,0.6666666666666666,0.001,0.001,0.008,0.004,0.483,0.65,0.27,0.5,0.057019894929272764,Cascade(1.061 -> 3.001(0%) -> 3.161(100%))
2,11.433786654701366,0.45040171190524025,0.23004238724825507,0.09595588953966634,0.020200030319519408,0.2352260571213468,0.02291354556110787,1,1,0.5,0.6666666666666666,0.001,0.001,0.008,0.004,0.483,0.65,0.27,0.5,0.05307035819900768,Cascade(1.136 -> 2.627(0%) -> 2.884(100%))
3,8.222393779712437,0.3744661140736629,0.18837060231016123,0.12260896774769629,0.020396562222285402,0.20988709017590465,0.013087735636431733,1,1,0.5,0.6666666666666666,0.001,0.001,0.008,0.004,0.483,0.65,0.27,0.5,0.06987133629172922,Cascade(1.044 -> 2.666(0%) -> 3.548(100%))
4,11.506415035479078,0.4842657107078584,0.2513840862837009,0.09091247764503337,0.03317221637844012,0.2180090830001991,0.00862870832864766,1,1,0.5,0.6666666666666666,0.001,0.001,0.008,0.004,0.483,0.65,0.27,0.5,0.05000204898287849,Cascade(1.021 -> 2.957(0%) -> 3.316(100%))
5,10.419911535892872,0.31369530529753337,0.160610153833977,0.1082795646299874,0.02092636079866659,0.22702733124468408,0.0014718405060424218,1,1,0.5,0.6666666666666666,0.001,0.001,0.008,0.004,0.483,0.65,0.27,0.5,0.06071385174943178,Cascade(1.043 -> 2.814(0%) -> 3.060(100%))
6,6.522389149551307,0.3552104840284154,0.16239890793230502,0.13723628591167064,0.022094774776360796,0.16169853663675932,0.014871986144044658,1,1,0.5,0.6666666666666666,0.001,0.001,0.008,0.004,0.483,0.65,0.27,0.5,0.07953294956121698,Cascade(0.973 -> 2.831(0%) -> 2.899(100%))
7,10.520060589561922,0.2625219107877905,0.2682005934627186,0.09132510747444922,0.033706657458898996,0.1526889942034112,0.01331615317786903,1,1,0.5,0.6666666666666666,0.001,0.001,0.008,0.004,0.483,0.65,0.27,0.5,0.05025180525271379,Cascade(1.027 -> 2.934(0%) -> 2.957(100%))
8,8.45979905412533,0.5293452531731908,0.19967265764677214,0.12090976848824546,0.0314298269320731,0.2010611418413436,0.028175576387763673,1,1,0.5,0.6666666666666666,0.001,0.001,0.008,0.004,0.483,0.65,0.27,0.5,0.0687698282577428,Cascade(1.038 -> 2.660(0%) -> 3.583(100%))
9,9.183437754621206,0.3307276595304305,0.22410820417612667,0.1108325782544866,0.03266612844222383,0.23448886605442865,0.01380505871995551,1,1,0.5,0.6666666666666666,0.001,0.001,0.008,0.004,0.483,0.65,0.27,0.5,0.06232379614005232,Cascade(1.005 -> 2.840(0%) -> 2.879(100%))
10,10.20877782031218,0.5102954655304248,0.23103027740809917,0.09695099327046433,0.030741763125348428,0.21302026519540462,0.018667760552673437,1,1,0.5,0.6666666666666666,0.001,0.001,0.008,0.004,0.483,0.65,0.27,0.5,0.053679807268478215,Cascade(1.056 -> 2.920(0%) -> 2.880(100%))
11,7.475730640102003,0.5767206808874731,0.2790398201690283,0.12359285302250529,0.026373165987497848,0.17501779150115374,0.0077649309273070816,1,1,0.5,0.6666666666666666,0.001,0.001,0.008,0.004,0.483,0.65,0.27,0.5,0.07051109375861755,Cascade(1.060 -> 2.889(0%) -> 3.005(100%))
12,8.390951078117835,0.4456170488749347,0.2272129448042735,0.12439109604556087,0.028637955596102896,0.15730650875228072,0.04919105924405368,1,1,0.5,0.6666666666666666,0.001,0.001,0.008,0.004,0.483,0.65,0.27,0.5,0.07103119639589306,Cascade(1.071 -> 2.730(0%) -> 3.207(100%))
13,9.627105189080527,0.24362201990363214,0.24150623428990783,0.12110793219625801,0.03195536874335345,0.195726108387354,0.04730543981071196,1,1,0.5,0.6666666666666666,0.001,0.001,0.008,0.004,0.483,0.65,0.27,0.5,0.06889806873493232,Cascade(1.144 -> 3.168(0%) -> 3.108(100%))
14,10.064417760422211,0.4073715653651019,0.2785424226320332,0.09528325885900615,0.023232232246576813,0.16760914887933448,0.03047825462636851,1,1,0.5,0.6666666666666666,0.001,0.001,0.008,0.004,0.483,0.65,0.27,0.5,0.0526591664142517,Cascade(0.993 -> 3.213(0%) -> 2.793(100%))
15,12.959957768962777,0.2022623016801738,0.16717686139241847,0.1015851885045702,0.021553540483835742,0.1563461609603492,0.02569835158877159,1,1,0.5,0.6666666666666666,0.001,0.001,0.008,0.004,0.483,0.65,0.27,0.5,0.0565357934913604,Cascade(1.002 -> 3.038(0%) -> 3.386(100%))
16,7.476343200711659,0.7750276099676089,0.19458011251900104,0.11875105490942456,0.03133519213098236,0.20075979332065313,0.03040208985706148,1,1,0.5,0.6666666666666666,0.001,0.001,0.008,0.004,0.483,0.65,0.27,0.5,0.06737656570880732,Cascade(1.033 -> 2.844(0%) -> 2.918(100%))
17,7.952293340688743,0.3348163054930701,0.23148711244273082,0.13093881299746096,0.02517361452747336,0.19747243337498274,0.02388176798283613,1,1,0.5,0.6666666666666666,0.001,0.001,0.008,0.004,0.483,0.65,0.27,0.5,0.07533348339320002,Cascade(0.983 -> 2.703(0%) -> 2.725(100%))
18,7.7530681792044,0.37567609087550613,0.1949739048213318,0.1280906779453673,0.028448770574639928,0.15344010099855868,0.008378830433972716,1,1,0.5,0.6666666666666666,0.001,0.001,0.008,0.004,0.483,0.65,0.27,0.5,0.0734541280299222,Cascade(1.093 -> 3.098(0%) -> 3.142(100%))
19,10.592435908874505,0.413760634227302,0.1570432798297704,0.09271575245827018,0.029215518899627972,0.16848795498802635,0.011901065935305913,1,1,0.5,0.6666666666666666,0.001,0.001,0.008,0.004,0.483,0.65,0.27,0.5,0.0510952067720132,Cascade(1.091 -> 2.937(0%) -> 3.139(100%))
20,7.201712965563898,0.6208526412612944,0.20375918239454888,0.11990184578315434,0.03419339802842789,0.17074742135469148,0.04652033874705943,1,1,0.5,0.6666666666666666,0.001,0.001,0.008,0.004,0.483,0.65,0.27,0.5,0.0681184508845203,Cascade(0.982 -> 2.815(0%) -> 2.848(100%))
21,8.288354152461576,0.4684157281469255,0.30100396610165336,0.11046273203242268,0.02624175354009732,0.15861890531826836,0.013700184406341881,1,1,0.5,0.6666666666666666,0.001,0.001,0.008,0.004,0.483,0.65,0.27,0.5,0.062089996681538105,Cascade(1.077 -> 3.085(0%) -> 2.602(100%))
22,9.859442332746907,0.39184417644984815,0.22143082427862998,0.10500298152804795,0.03645033246193412,0.21615309698781213,0.0240889230982873,1,1,0.5,0.6666666666666666,0.001,0.001,0.008,0.004,0.483,0.65,0.27,0.5,0.058661078953828154,Cascade(1.103 -> 2.760(0%) -> 3.293(100%))
23,7.545355043970877,0.5677189275385259,0.1925297537807242,0.12177621737693099,0.03399675642040806,0.22035457101620706,0.030316860653087016,1,1,0.5,0.6666666666666666,0.001,0.001,0.008,0.004,0.483,0.65,0.27,0.5,0.06933097223421299,Cascade(0.960 -> 2.935(0%) -> 2.723(100%))
24,6.703379796254267,0.5082595167317215,0.17001729825781717,0.1395390842968719,0.02796155026335618,0.21266248052533562,0.031421585683589624,1,1,0.5,0.6666666666666666,0.001,0.001,0.008,0.004,0.483,0.65,0.27,0.5,0.08108391778774003,Cascade(1.025 -> 2.535(0%) -> 3.084(100%))
25,11.243661594822164,0.4102296789182552,0.17852630955751728,0.10268225327894381,0.02527894118525574,0.23988267997587212,0.03364293350334879,1,1,0.5,0.6666666666666666,0.001,0.001,0.008,0.004,0.483,0.65,0.27,0.5,0.05721621669367475,Cascade(1.058 -> 2.632(0%) -> 2.958(100%))
26,8.595803016292084,0.40934924919084364,0.14001926740795828,0.11881166830124633,0.030357530704188534,0.23940495290764677,0.0060742886594493785,1,1,0.5,0.6666666666666666,0.001,0.001,0.008,0.004,0.483,0.65,0.27,0.5,0.06741559325473667,Cascade(1.044 -> 2.752(0%) -> 3.063(100%))
27,8.278839927560249,0.2258481820398361,0.22141939190900442,0.13470303066448155,0.02985457586315234,0.17983699371921213,0.04495064177108698,1,1,0.5,0.6666666666666666,0.001,0.001,0.008,0.004,0.483,0.65,0.27,0.5,0.0778363009683965,Cascade(1.069 -> 3.361(0%) -> 2.825(100%))
28,10.2565816097226,0.569914583014976,0.20587753593072528,0.0960484794622925,0.033665030137910466,0.20392470202017055,0.026816632606723567,1,1,0.5,0.6666666666666666,0.001,0.001,0.008,0.004,0.483,0.65,0.27,0.5,0.053127008075144845,Cascade(0.992 -> 2.979(0%) -> 3.283(100%))
29,8.329908030567209,0.7223014408943662,0.22539715267580188,0.11190777380720278,0.033462951502747335,0.20183555751808796,0.019524123204531098,1,1,0.5,0.6666666666666666,0.001,0.001,0.008,0.004,0.483,0.65,0.27,0.5,0.06300459034921704,Cascade(1.101 -> 3.324(0%) -> 2.876(100%))
30,9.577125124232003,0.339524808110538,0.29810503366992086,0.1010804722945725,0.036155488604754274,0.1518222359934056,0.02158069228102902,1,1,0.5,0.6666666666666666,0.001,0.001,0.008,0.004,0.483,0.65,0.27,0.5,0.05622331542434585,Cascade(1.102 -> 2.752(0%) -> 2.948(100%))
31,9.57639067489144,0.4621951637137347,0.22031828011009813,0.10108844113174952,0.036125880474942876,0.1916978230837787,0.0014711119533878086,1,1,0.5,0.6666666666666666,0.001,0.001,0.008,0.004,0.483,0.65,0.27,0.5,0.05622824633550274,Cascade(1.055 -> 2.915(0%) -> 3.387(100%))
32,10.461017052176343,0.4900684484585008,0.3066277655018181,0.09220909563768294,0.022305672354133027,0.17227785437016158,0.01842665252058614,1,1,0.5,0.6666666666666666,0.001,0.001,0.008,0.004,0.483,0.65,0.27,0.5,0.05078762917461469,Cascade(1.014 -> 2.833(0%) -> 3.169(100%))
33,9.971230002428593,0.5964483462852197,0.15434099546636776,0.09823382998969293,0.027368795045411728,0.2303467358931677,0.03111765612436004,1,1,0.5,0.6666666666666666,0.001,0.001,0.008,0.004,0.483,0.65,0.27,0.5,0.054467462440163476,Cascade(0.984 -> 3.194(0%) -> 3.007(100%))
34,9.211584718403309,0.5029103654950278,0.294348455960024,0.10503536639306564,0.038239134180533346,0.22039172139427415,0.009380145963384903,1,1,0.5,0.6666666666666666,0.001,0.001,0.008,0.004,0.483,0.65,0.27,0.5,0.05868129446062382,Cascade(1.022 -> 2.725(0%) -> 3.236(100%))
35,9.89109254789524,0.33118093142793037,0.22223672369903258,0.10811688067194838,0.03743961230009285,0.22803402681891632,0.04167871615096516,1,1,0.5,0.6666666666666666,0.001,0.001,0.008,0.004,0.483,0.65,0.27,0.5,0.0606115747282021,Cascade(1.010 -> 3.009(0%) -> 3.115(100%))
36,8.193684342083895,0.577820237313148,0.24861533004657682,0.11924144698741035,0.03580078775629915,0.2416937894443369,0.029155328650186194,1,1,0.5,0.6666666666666666,0.001,0.001,0.008,0.004,0.483,0.65,0.27,0.5,0.06769247177875881,Cascade(1.030 -> 2.798(0%) -> 3.067(100%))
37,11.784961443750708,0.41768649367572963,0.3037163274258189,0.09255597697720255,0.027349430808214545,0.16221748680833706,0.04321054835265621,1,1,0.5,0.6666666666666666,0.001,0.001,0.008,0.004,0.483,0.65,0.27,0.5,0.05099817433856044,Cascade(1.086 -> 2.911(0%) -> 2.710(100%))
38,7.759246392662266,0.3783764682439107,0.2790304999525303,0.12980829491921586,0.024230867040570047,0.2280701468381256,0.007667417826605694,1,1,0.5,0.6666666666666666,0.001,0.001,0.008,0.004,0.483,0.65,0.27,0.5,0.07458603326215636,Cascade(1.007 -> 2.830(0%) -> 3.138(100%))
39,9.042715500574491,0.22008613000641938,0.1863350312983774,0.11601788565869758,0.03710413560626459,0.16134020183780926,0.031237879133429316,1,1,0.5,0.6666666666666666,0.001,0.001,0.008,0.004,0.483,0.65,0.27,0.5,0.0656223037641141,Cascade(1.046 -> 2.883(0%) -> 3.406(100%))
40,10.213156297902888,0.5439129319815966,0.2579351849657231,0.09373159647531346,0.030297717785470486,0.21413066937495465,0.03528832308445551,1,1,0.5,0.6666666666666666,0.001,0.001,0.008,0.004,0.483,0.65,0.27,0.5,0.051712934110231416,Cascade(1.060 -> 3.083(0%) -> 2.520(100%))
41,7.0608359691806575,0.4239007580028609,0.18541680185704035,0.12893635830594932,0.02315048924313329,0.17853458705211558,0.019270485532153256,1,1,0.5,0.6666666666666666,0.001,0.001,0.008,0.004,0.483,0.65,0.27,0.5,0.07401087138431871,Cascade(0.997 -> 2.804(0%) -> 2.846(100%))
42,8.278300782556334,0.4091184240864919,0.24787223234477043,0.1196770133142882,0.02919172809244508,0.17695604256311598,0.02351136490166285,1,1,0.5,0.6666666666666666,0.001,0.001,0.008,0.004,0.483,0.65,0.27,0.5,0.06797335473702372,Cascade(1.006 -> 2.724(0%) -> 3.127(100%))
43,9.665919739027084,0.44140856377177207,0.22717874255993523,0.10820498777472648,0.03210411376144371,0.22742694590257212,0.022375355298221697,1,1,0.5,0.6666666666666666,0.001,0.001,0.008,0.004,0.483,0.65,0.27,0.5,0.06066696174086313,Cascade(1.089 -> 2.727(0%) -> 3.313(100%))
44,8.71903983974452,0.49048710686065766,0.17677541835795316,0.11539973381552848,0.029303616913167768,0.20654495311618715,0.04365430246336236,1,1,0.5,0.6666666666666666,0.001,0.001,0.008,0.004,0.483,0.65,0.27,0.5,0.06522705126083662,Cascade(1.075 -> 2.800(0%) -> 2.866(100%))
45,8.598552087246807,0.2869525698178287,0.14430887237550047,0.11927575942172315,0.02290755613376772,0.16922578308412706,0.025803329302887968,1,1,0.5,0.6666666666666666,0.001,0.001,0.008,0.004,0.483,0.65,0.27,0.5,0.06771458870225236,Cascade(1.040 -> 3.231(0%) -> 3.128(100%))
46,7.711252444734927,0.23184049667832174,0.2411391997728273,0.13711044959495822,0.031442622342263,0.23348780641217895,0.01792488893073743,1,1,0.5,0.6666666666666666,0.001,0.001,0.008,0.004,0.483,0.65,0.27,0.5,0.0794484355098508,Cascade(1.042 -> 3.121(0%) -> 2.822(100%))
47,13.512460991975228,0.2751111135533625,0.2369395586622521,0.09199076283212645,0.02393714518576642,0.2417637585091199,0.018157317439913376,1,1,0.5,0.6666666666666666,0.001,0.001,0.008,0.004,0.483,0.65,0.27,0.5,0.05065519108541796,Cascade(1.001 -> 2.935(0%) -> 3.486(100%))
48,9.892757392909731,0.4742737759717607,0.30367075953428363,0.09284041873432443,0.03963754632037144,0.1945876472445787,0.004919621702067355,1,1,0.5,0.6666666666666666,0.001,0.001,0.008,0.004,0.483,0.65,0.27,0.5,0.051170940952193225,Cascade(0.936 -> 2.898(0%) -> 3.563(100%))
49,8.505087231276724,0.22212496307554258,0.17090694980397256,0.13752153845331963,0.032486843637621825,0.2121365119344296,0.03086659209874095,1,1,0.5,0.6666666666666666,0.001,0.001,0.008,0.004,0.483,0.65,0.27,0.5,0.07972462188023954,Cascade(1.042 -> 2.895(0%) -> 3.536(100%))
50,10.439261145876623,0.3054425869638384,0.1872651702611556,0.10176947879746934,0.031131762862753515,0.21442903880567035,0.03687800491978806,1,1,0.5,0.6666666666666666,0.001,0.001,0.008,0.004,0.483,0.65,0.27,0.5,0.05664997814882902,Cascade(0.999 -> 2.721(0%) -> 2.818(100%))
51,9.577125124232003,0.339524808110538,0.29810503366992086,0.1010804722945725,0.036155488604754274,0.1518222359934056,0.02158069228102902,1,1,0.5,0.6666666666666666,0.001,0.001,0.008,0.004,0.483,0.65,0.27,0.5,0.05622331542434585,Cascade(1.102 -> 2.752(0%) -> 2.948(100%))
52,10.850639056785129,0.35432828860933613,0.27980643856848625,0.10697415166978128,0.028578039781700416,0.23565950978929975,0.02923592515997061,1,1,0.5,0.6666666666666666,0.001,0.001,0.008,0.004,0.483,0.65,0.27,0.5,0.05989420791671469,Cascade(1.025 -> 3.014(0%) -> 3.052(100%))
53,11.71739678872088,0.438711314058216,0.26206511629370616,0.09490425143672623,0.027777840006249402,0.22534515473244351,0.015905397266056037,1,1,0.5,0.6666666666666666,0.001,0.001,0.008,0.004,0.483,0.65,0.27,0.5,0.052427741256864176,Cascade(1.146 -> 2.835(0%) -> 3.057(100%))
54,9.89109254789524,0.33118093142793037,0.22223672369903258,0.10811688067194838,0.03743961230009285,0.22803402681891632,0.04167871615096516,1,1,0.5,0.6666666666666666,0.001,0.001,0.008,0.004,0.483,0.65,0.27,0.5,0.0606115747282021,Cascade(1.010 -> 3.009(0%) -> 3.115(100%))
55,12.072908028856695,0.3365411556828631,0.2782832596735725,0.0995265278728421,0.02620526133853498,0.244863233383671,0.027337110787683312,1,1,0.5,0.6666666666666666,0.001,0.001,0.008,0.004,0.483,0.65,0.27,0.5,0.05526344248528164,Cascade(1.028 -> 2.726(0%) -> 3.038(100%))
56,11.011966887199886,0.7480173404945292,0.16603252478312858,0.09128964216042686,0.03997146908473129,0.2354438805647541,0.02505473430548611,1,1,0.5,0.6666666666666666,0.001,0.001,0.008,0.004,0.483,0.65,0.27,0.5,0.050230329924633395,Cascade(1.148 -> 2.833(0%) -> 3.079(100%))
57,9.546261373440204,0.2528912250644722,0.2369722255498842,0.10011808324052232,0.0339080837167054,0.15332795369637783,0.016349835903655227,1,1,0.5,0.6666666666666666,0.001,0.001,0.008,0.004,0.483,0.65,0.27,0.5,0.055628456009568915,Cascade(1.003 -> 2.904(0%) -> 2.810(100%))
58,7.950244228787514,0.35876217394946536,0.1978247780190553,0.11505456814996827,0.03807696050389116,0.17590886248336923,0.008142273710318393,1,1,0.5,0.6666666666666666,0.001,0.001,0.008,0.004,0.483,0.65,0.27,0.5,0.06500658911218953,Cascade(1.006 -> 3.103(0%) -> 2.826(100%))
59,11.820331217381401,0.2744250178783295,0.15797694958426173,0.10920872224450268,0.024155119352468137,0.21535499403650774,0.03167528296090121,1,1,0.5,0.6666666666666666,0.001,0.001,0.008,0.004,0.483,0.65,0.27,0.5,0.06129871551934867,Cascade(1.084 -> 2.751(0%) -> 3.042(100%))
60,7.8243174348782345,0.5266323921510676,0.2872974503151817,0.12057398903060894,0.03336104788918201,0.18573597545652404,0.010835391998544745,1,1,0.5,0.6666666666666666,0.001,0.001,0.008,0.004,0.483,0.65,0.27,0.5,0.06855266249044661,Cascade(1.054 -> 2.824(0%) -> 3.036(100%))
61,10.2565816097226,0.569914583014976,0.20587753593072528,0.0960484794622925,0.033665030137910466,0.20392470202017055,0.026816632606723567,1,1,0.5,0.6666666666666666,0.001,0.001,0.008,0.004,0.483,0.65,0.27,0.5,0.053127008075144845,Cascade(0.992 -> 2.979(0%) -> 3.283(100%))
62,9.13717745327465,0.21002277497777985,0.2729523075052627,0.1322175066716304,0.021726538419575968,0.1820591836014303,0.039459335231171136,1,1,0.5,0.6666666666666666,0.001,0.001,0.008,0.004,0.483,0.65,0.27,0.5,0.07618124800173814,Cascade(1.102 -> 2.867(0%) -> 2.843(100%))
63,7.52819531305695,0.7468955765368608,0.21124856471482767,0.11591452672605122,0.031259101871936736,0.18625119192806333,0.0067363770109286295,1,1,0.5,0.6666666666666666,0.001,0.001,0.008,0.004,0.483,0.65,0.27,0.5,0.06555617654071166,Cascade(1.112 -> 3.133(0%) -> 2.667(100%))
64,13.29084070340725,0.30693855764435674,0.22720078173976888,0.09330090634054578,0.035267108761352306,0.19297453023002628,0.04588708258191852,1,1,0.5,0.6666666666666666,0.001,0.001,0.008,0.004,0.483,0.65,0.27,0.5,0.05145086555892628,Cascade(1.043 -> 2.900(0%) -> 2.620(100%))
65,7.439436515772792,0.37383384922557117,0.15570967417896017,0.1364261000527299,0.021540617431329866,0.16964801247338412,0.03485904248311433,1,1,0.5,0.6666666666666666,0.001,0.001,0.008,0.004,0.483,0.65,0.27,0.5,0.07898924461534797,Cascade(1.085 -> 2.945(0%) -> 3.432(100%))
66,11.506253035752009,0.33392909307227014,0.25830898876327724,0.09664498291991375,0.03556353047942124,0.19245106523726893,0.011213747558569048,1,1,0.5,0.6666666666666666,0.001,0.001,0.008,0.004,0.483,0.65,0.27,0.5,0.05349224894565774,Cascade(1.126 -> 3.018(0%) -> 3.136(100%))
67,7.604098075985942,0.5161720888454737,0.25697468839726906,0.12535680914575484,0.032992501407184606,0.18148816349948135,0.03512805904142769,1,1,0.5,0.6666666666666666,0.001,0.001,0.008,0.004,0.483,0.65,0.27,0.5,0.0716616847055778,Cascade(1.015 -> 2.874(0%) -> 2.679(100%))
68,10.607085688070647,0.5348024395899493,0.20383166238482237,0.0904998274626419,0.03483365566472453,0.2121927342197308,0.031088545983010345,1,1,0.5,0.6666666666666666,0.001,0.001,0.008,0.004,0.483,0.65,0.27,0.5,0.049752507033705144,Cascade(0.997 -> 2.675(0%) -> 3.007(100%))
69,9.901017140850833,0.29049510580674787,0.2609182973615242,0.10965274870792593,0.023166089971969533,0.16561706673456816,0.03801944277671734,1,1,0.5,0.6666666666666666,0.001,0.001,0.008,0.004,0.483,0.65,0.27,0.5,0.06157864167536745,Cascade(1.069 -> 2.730(0%) -> 3.372(100%))
70,7.831848442008545,0.2822782271172214,0.24778468355688,0.12559118756703536,0.03384991734079105,0.21618220144825084,4.380562722988007e-06,1,1,0.5,0.6666666666666666,0.001,0.001,0.008,0.004,0.483,0.65,0.27,0.5,0.0718149141347221,Cascade(1.060 -> 2.842(0%) -> 2.793(100%))
71,10.264428427537055,0.5696218255217327,0.23918017807121908,0.096215231644939,0.02627984111544862,0.21816140960732644,0.048771234024456725,1,1,0.5,0.6666666666666666,0.001,0.001,0.008,0.004,0.483,0.65,0.27,0.5,0.05322906239062654,Cascade(1.042 -> 2.953(0%) -> 3.175(100%))
72,7.9730695773486095,0.6957169572286527,0.16436833577555496,0.11787111280233208,0.025088874105481593,0.2255342320333677,0.034253680418216616,1,1,0.5,0.6666666666666666,0.001,0.001,0.008,0.004,0.483,0.65,0.27,0.5,0.06681059565840941,Cascade(1.011 -> 3.314(0%) -> 3.234(100%))
73,10.942335786254956,0.2812397757055132,0.17238655580437762,0.10852132509400128,0.031097170759302628,0.21031008780564117,0.02039675210121855,1,1,0.5,0.6666666666666666,0.001,0.001,0.008,0.004,0.483,0.65,0.27,0.5,0.06086591196667953,Cascade(1.028 -> 3.172(0%) -> 2.600(100%))
74,10.008389692509759,0.3377181236043941,0.23741622345292676,0.09859923563836774,0.027172621746800026,0.1945650079983397,0.0009630397703117084,1,1,0.5,0.6666666666666666,0.001,0.001,0.008,0.004,0.483,0.65,0.27,0.5,0.0546922298807874,Cascade(1.075 -> 2.593(0%) -> 2.895(100%))
75,8.247465570704216,0.3178676089792349,0.17850147114109044,0.1210786890673093,0.033715106733607184,0.19628103689920293,0.024055451676125703,1,1,0.5,0.6666666666666666,0.001,0.001,0.008,0.004,0.483,0.65,0.27,0.5,0.06887914057904879,Cascade(1.028 -> 2.840(0%) -> 3.168(100%))
76,10.293263471157712,0.41297981199647327,0.24110127254634067,0.10230359377075905,0.020099577012489836,0.1926269886692028,0.03290138560706163,1,1,0.5,0.6666666666666666,0.001,0.001,0.008,0.004,0.483,0.65,0.27,0.5,0.05698117596375573,Cascade(1.000 -> 3.111(0%) -> 3.217(100%))
77,10.343104599308809,0.20791549962745087,0.29774724202743535,0.12742177639224914,0.030160136094305935,0.23717132837782806,0.0397632259577656,1,1,0.5,0.6666666666666666,0.001,0.001,0.008,0.004,0.483,0.65,0.27,0.5,0.0730145292105805,Cascade(1.071 -> 2.769(0%) -> 2.767(100%))
78,11.053218331715403,0.3434140351781357,0.276084970745087,0.09744368856971657,0.03768607549593204,0.18432510267890811,0.014085104725242738,1,1,0.5,0.6666666666666666,0.001,0.001,0.008,0.004,0.483,0.65,0.27,0.5,0.053982054823425524,Cascade(1.098 -> 2.899(0%) -> 2.955(100%))
79,11.27790545024204,0.3370552980284919,0.1690952234051668,0.10386762906462105,0.025703806383477495,0.2061618277801108,0.03352902113153754,1,1,0.5,0.6666666666666666,0.001,0.001,0.008,0.004,0.483,0.65,0.27,0.5,0.05795328482342652,Cascade(1.007 -> 2.580(0%) -> 2.907(100%))
80,7.421812712927315,0.43144556356452674,0.2760657102185649,0.1254953250934416,0.03153585373893965,0.1580713397692326,0.03511269804260443,1,1,0.5,0.6666666666666666,0.001,0.001,0.008,0.004,0.483,0.65,0.27,0.5,0.07175223226042268,Cascade(1.013 -> 3.097(0%) -> 2.892(100%))
81,7.835484995960603,0.438052871557527,0.14328349619352826,0.13175444798205385,0.025000625575163464,0.21566545502496326,0.0439664725719866,1,1,0.5,0.6666666666666666,0.001,0.001,0.008,0.004,0.483,0.65,0.27,0.5,0.07587395505559155,Cascade(1.095 -> 2.816(0%) -> 2.685(100%))
82,9.64286742068168,0.2339715407432225,0.20338170076824397,0.11720793206090903,0.033554060362608926,0.19678290943421722,0.014020016973031556,1,1,0.5,0.6666666666666666,0.001,0.001,0.008,0.004,0.483,0.65,0.27,0.5,0.06638478998488005,Cascade(1.047 -> 2.942(0%) -> 3.203(100%))
83,8.058782844351267,0.39706257014564056,0.26132262640293535,0.13009494588389567,0.027174917353049867,0.17024509244522096,0.03271087197975095,1,1,0.5,0.6666666666666666,0.001,0.001,0.008,0.004,0.483,0.65,0.27,0.5,0.07477537075358352,Cascade(1.059 -> 2.859(0%) -> 3.296(100%))
84,6.900073663790634,0.561082460753656,0.16512432893662,0.12260928603743143,0.0312657883490143,0.17124914444627165,0.0004488628141272326,1,1,0.5,0.6666666666666666,0.001,0.001,0.008,0.004,0.483,0.65,0.27,0.5,0.06987154302311331,Cascade(0.979 -> 2.521(0%) -> 3.186(100%))
85,7.967395024573656,0.46158151510066997,0.17700044094055628,0.1309742038850061,0.03075627255219964,0.22864039861220883,0.03657974425482661,1,1,0.5,0.6666666666666666,0.001,0.001,0.008,0.004,0.483,0.65,0.27,0.5,0.07535691372484583,Cascade(1.045 -> 2.831(0%) -> 2.829(100%))
86,8.588617590643135,0.46830075737581467,0.26029952948630225,0.11947148800801814,0.03267369126310078,0.22938688847106847,0.029909822495648018,1,1,0.5,0.6666666666666666,0.001,0.001,0.008,0.004,0.483,0.65,0.27,0.5,0.06784078333689782,Cascade(1.074 -> 2.839(0%) -> 3.115(100%))
87,8.194824703612998,0.5868430930933082,0.15210800480283035,0.1097968297758275,0.02520214632833169,0.21796661804582113,0.013788345413796197,1,1,0.5,0.6666666666666666,0.001,0.001,0.008,0.004,0.483,0.65,0.27,0.5,0.06166953424136777,Cascade(1.050 -> 2.693(0%) -> 2.788(100%))
88,10.890378260051023,0.5071701265229911,0.2588915368494802,0.10076057638122143,0.03098965148644543,0.24830051074031767,0.02814527760331778,1,1,0.5,0.6666666666666666,0.001,0.001,0.008,0.004,0.483,0.65,0.27,0.5,0.056025444244722986,Cascade(1.013 -> 2.974(0%) -> 2.991(100%))
89,8.142890208851474,0.2304486331856026,0.2609102146434377,0.13316905522953257,0.03203421938962399,0.19512726051294696,0.028468923269877766,1,1,0.5,0.6666666666666666,0.001,0.001,0.008,0.004,0.483,0.65,0.27,0.5,0.07681374092199436,Cascade(1.063 -> 2.674(0%) -> 3.029(100%))
90,10.554245389631587,0.34664416455935687,0.23022759518480806,0.10223297746215225,0.024525210910307647,0.2010324983297177,0.022084631505351816,1,1,0.5,0.6666666666666666,0.001,0.001,0.008,0.004,0.483,0.65,0.27,0.5,0.056937365093426756,Cascade(1.026 -> 3.059(0%) -> 2.905(100%))
91,9.065840200991184,0.6817857327807214,0.21305684535277153,0.10147584372898741,0.03567506629682892,0.20678885062861416,0.025436927899956326,1,1,0.5,0.6666666666666666,0.001,0.001,0.008,0.004,0.483,0.65,0.27,0.5,0.05646806656268699,Cascade(1.014 -> 2.888(0%) -> 3.161(100%))
92,9.480943657257756,0.4785217754724173,0.15656193491316905,0.11305912286771279,0.032960919824764824,0.23410354685313012,0.02202154728475864,1,1,0.5,0.6666666666666666,0.001,0.001,0.008,0.004,0.483,0.65,0.27,0.5,0.0637354336589281,Cascade(1.059 -> 2.964(0%) -> 3.019(100%))
93,7.74207842136375,0.6198028637871564,0.22422841977472358,0.12462056314522464,0.035868982041926935,0.2159801532296279,0.032948667624993926,1,1,0.5,0.6666666666666666,0.001,0.001,0.008,0.004,0.483,0.65,0.27,0.5,0.07118088333956323,Cascade(0.991 -> 3.098(0%) -> 2.927(100%))
94,9.644981920003955,0.46702108242615403,0.16423725411346976,0.10019119792345081,0.02595346665474112,0.22419973743679017,0.029397969588018002,1,1,0.5,0.6666666666666666,0.001,0.001,0.008,0.004,0.483,0.65,0.27,0.5,0.05567360404356617,Cascade(0.984 -> 2.938(0%) -> 2.744(100%))
95,8.947504253263027,0.330373007724605,0.2379755314850741,0.11786658715972056,0.029871735695785634,0.20642478708141493,0.04490019543332316,1,1,0.5,0.6666666666666666,0.001,0.001,0.008,0.004,0.483,0.65,0.27,0.5,0.06680768772844436,Cascade(1.010 -> 2.721(0%) -> 3.136(100%))
96,10.988933776958726,0.4457432332882693,0.22301368164739807,0.10331489819446665,0.029708593910320963,0.23976414721776845,0.04000991521623424,1,1,0.5,0.6666666666666666,0.001,0.001,0.008,0.004,0.483,0.65,0.27,0.5,0.057609353599404875,Cascade(1.045 -> 3.276(0%) -> 2.860(100%))
97,9.293967362128488,0.2094921180953203,0.24676279347744018,0.129825315107303,0.03311808686478005,0.22451605335432193,0.021159552992481036,1,1,0.5,0.6666666666666666,0.001,0.001,0.008,0.004,0.483,0.65,0.27,0.5,0.074597271881859,Cascade(1.064 -> 2.727(0%) -> 3.153(100%))
98,11.726930335505434,0.4786918017696009,0.16279554826131654,0.1003425148885546,0.024446150463523105,0.20003029939519634,0.04444039884052158,1,1,0.5,0.6666666666666666,0.001,0.001,0.008,0.004,0.483,0.65,0.27,0.5,0.05576706499369848,Cascade(1.043 -> 3.165(0%) -> 3.480(100%))
99,9.659773321693914,0.528649941369632,0.16175094169766907,0.10634128759849788,0.02684394049009732,0.2004013559493653,0.038931806239313346,1,1,0.5,0.6666666666666666,0.001,0.001,0.008,0.004,0.483,0.65,0.27,0.5,0.059497706519712736,Cascade(1.020 -> 2.708(0%) -> 3.333(100%))
100,9.34209313481176,0.5323591482710843,0.2443898281291058,0.10757488440337652,0.02110313771470399,0.1997610712015739,0.03615609254995905,1,1,0.5,0.6666666666666666,0.001,0.001,0.008,0.004,0.483,0.65,0.27,0.5,0.06027109867445753,Cascade(0.974 -> 2.933(0%) -> 3.231(100%))
101,12.04595611894008,0.3441131237568559,0.2377978277738944,0.10528380028257217,0.021889488073228817,0.23536021425250708,0.03653458580111318,1,1,0.5,0.6666666666666666,0.001,0.001,0.008,0.004,0.483,0.65,0.27,0.5,0.058836422273243316,Cascade(1.179 -> 2.502(0%) -> 3.019(100%))
102,8.90381259082643,0.5517630219966823,0.14726166853286451,0.11496528149943261,0.021241589832744733,0.19301971983581714,0.01811438274781746,1,1,0.5,0.6666666666666666,0.001,0.001,0.008,0.004,0.483,0.65,0.27,0.5,0.06494958847162949,Cascade(1.152 -> 3.129(0%) -> 3.271(100%))
103,7.545355043970877,0.5677189275385259,0.1925297537807242,0.12177621737693099,0.03399675642040806,0.22035457101620706,0.030316860653087016,1,1,0.5,0.6666666666666666,0.001,0.001,0.008,0.004,0.483,0.65,0.27,0.5,0.06933097223421299,Cascade(0.960 -> 2.935(0%) -> 2.723(100%))
104,9.67277301867316,0.4294990998704635,0.20787810568463058,0.11640731352252387,0.03239267504969272,0.24475278932993358,0.027503822835957082,1,1,0.5,0.6666666666666666,0.001,0.001,0.008,0.004,0.483,0.65,0.27,0.5,0.06587159180017231,Cascade(1.032 -> 3.233(0%) -> 3.028(100%))
105,8.329908030567209,0.7223014408943662,0.22539715267580188,0.11190777380720278,0.033462951502747335,0.20183555751808796,0.019524123204531098,1,1,0.5,0.6666666666666666,0.001,0.001,0.008,0.004,0.483,0.65,0.27,0.5,0.06300459034921704,Cascade(1.101 -> 3.324(0%) -> 2.876(100%))
106,9.891260618921315,0.3799505362634934,0.17960489630248225,0.09895681702159227,0.03054465564984326,0.17605847913180858,0.027557245628683173,1,1,0.5,0.6666666666666666,0.001,0.001,0.008,0.004,0.483,0.65,0.27,0.5,0.054912360967256574,Cascade(1.021 -> 3.098(0%) -> 3.028(100%))
107,7.95410544660427,0.5023140605575974,0.15938157120521307,0.11851532842121439,0.024555208743658154,0.18863421970879563,0.03573689652659037,1,1,0.5,0.6666666666666666,0.001,0.001,0.008,0.004,0.483,0.65,0.27,0.5,0.06722483795943222,Cascade(1.032 -> 2.561(0%) -> 2.704(100%))
108,8.525297088850424,0.39678249766956014,0.29846110493654276,0.1290406928390118,0.02473951439375662,0.24765012380660115,0.0436222233407598,1,1,0.5,0.6666666666666666,0.001,0.001,0.008,0.004,0.483,0.65,0.27,0.5,0.0740796336740678,Cascade(1.062 -> 3.019(0%) -> 3.008(100%))
109,12.131991208048921,0.2883887431574257,0.20976919859234008,0.09803859257753342,0.02808372893895402,0.20703176445523078,0.026411663963546324,1,1,0.5,0.6666666666666666,0.001,0.001,0.008,0.004,0.483,0.65,0.27,0.5,0.054347443122704175,Cascade(1.076 -> 2.807(0%) -> 3.089(100%))
110,8.51175823974603,0.29264585519986297,0.2075196841663167,0.1272414486058832,0.02551992811922181,0.21819982950540798,0.028483029546559218,1,1,0.5,0.6666666666666666,0.001,0.001,0.008,0.004,0.483,0.65,0.27,0.5,0.07289613398953913,Cascade(0.965 -> 2.691(0%) -> 3.429(100%))
111,13.512460991975228,0.2751111135533625,0.2369395586622521,0.09199076283212645,0.02393714518576642,0.2417637585091199,0.018157317439913376,1,1,0.5,0.6666666666666666,0.001,0.001,0.008,0.004,0.483,0.65,0.27,0.5,0.05065519108541796,Cascade(1.001 -> 2.935(0%) -> 3.486(100%))
112,12.112855708653502,0.2227093203770203,0.23662057508866474,0.105949859295356,0.028660194180212997,0.24529998777660994,0.020913635284034546,1,1,0.5,0.6666666666666666,0.001,0.001,0.008,0.004,0.483,0.65,0.27,0.5,0.059252750193547206,Cascade(1.027 -> 2.849(0%) -> 3.079(100%))
113,9.577125124232003,0.339524808110538,0.29810503366992086,0.1010804722945725,0.036155488604754274,0.1518222359934056,0.02158069228102902,1,1,0.5,0.6666666666666666,0.001,0.001,0.008,0.004,0.483,0.65,0.27,0.5,0.05622331542434585,Cascade(1.102 -> 2.752(0%) -> 2.948(100%))
114,7.750363668722625,0.49116005191051826,0.1733005787170708,0.11756426404073672,0.031203159552617633,0.15130654648578226,0.040238868195163924,1,1,0.5,0.6666666666666666,0.001,0.001,0.008,0.004,0.483,0.65,0.27,0.5,0.06661349900621202,Cascade(1.009 -> 2.898(0%) -> 2.725(100%))
115,12.226958438148841,0.28376058177916763,0.21965381289595265,0.09387538102457833,0.030307567160460028,0.22978923591490935,0.013266724129824048,1,1,0.5,0.6666666666666666,0.001,0.001,0.008,0.004,0.483,0.65,0.27,0.5,0.0518004803416144,Cascade(1.036 -> 3.167(0%) -> 2.792(100%))
116,9.703248911168073,0.31345761630617636,0.2556676591961539,0.10030466866411705,0.0339057408744432,0.16431893338398756,0.012779724578598387,1,1,0.5,0.6666666666666666,0.001,0.001,0.008,0.004,0.483,0.65,0.27,0.5,0.05574368631833566,Cascade(1.037 -> 3.031(0%) -> 3.109(100%))
117,10.264428427537055,0.5696218255217327,0.23918017807121908,0.096215231644939,0.02627984111544862,0.21816140960732644,0.048771234024456725,1,1,0.5,0.6666666666666666,0.001,0.001,0.008,0.004,0.483,0.65,0.27,0.5,0.05322906239062654,Cascade(1.042 -> 2.953(0%) -> 3.175(100%))
118,8.44182108625551,0.33091683139187256,0.20989851144555166,0.12398332601647279,0.021329492493059005,0.21884394575955748,0.04150393672778198,1,1,0.5,0.6666666666666666,0.001,0.001,0.008,0.004,0.483,0.65,0.27,0.5,0.0707653916292946,Cascade(1.001 -> 2.928(0%) -> 2.735(100%))
119,7.6625255820983815,0.5835907144956863,0.21677028010330454,0.11108441511739506,0.039794455772919936,0.15327796152765752,0.009462343619271996,1,1,0.5,0.6666666666666666,0.001,0.001,0.008,0.004,0.483,0.65,0.27,0.5,0.062483106948825445,Cascade(0.983 -> 3.096(0%) -> 3.111(100%))
120,7.523294128946804,0.5253103164641144,0.18522526011912266,0.1199956668294021,0.0393649113058927,0.18457772959524718,0.039473437326908375,1,1,0.5,0.6666666666666666,0.001,0.001,0.008,0.004,0.483,0.65,0.27,0.5,0.06817902043565262,Cascade(1.005 -> 2.579(0%) -> 2.849(100%))
121,9.168938610672495,0.20725960012082909,0.2490483083049015,0.12684489565612236,0.020606114767006474,0.20631790994712274,0.019828795343755014,1,1,0.5,0.6666666666666666,0.001,0.001,0.008,0.004,0.483,0.65,0.27,0.5,0.07263594693833834,Cascade(1.062 -> 3.190(0%) -> 2.951(100%))
122,9.290608198113954,0.438019355677276,0.21806924887273077,0.10822734606182635,0.036305860780638535,0.226548590853183,0.005220466160038002,1,1,0.5,0.6666666666666666,0.001,0.001,0.008,0.004,0.483,0.65,0.27,0.5,0.060681018633999134,Cascade(1.041 -> 2.914(0%) -> 3.232(100%))
123,8.845780985632691,0.37661114094735404,0.23589417570937207,0.11882327353967907,0.02711587196404723,0.20416987073717502,0.01902800914144514,1,1,0.5,0.6666666666666666,0.001,0.001,0.008,0.004,0.483,0.65,0.27,0.5,0.06742306620885864,Cascade(1.085 -> 3.011(0%) -> 3.427(100%))
124,9.75502480127042,0.406136274309688,0.2933527470087354,0.10946442424593,0.033129032751651716,0.2030251691135299,0.015076054124378265,1,1,0.5,0.6666666666666666,0.001,0.001,0.008,0.004,0.483,0.65,0.27,0.5,0.06145988280885909,Cascade(1.083 -> 3.644(0%) -> 2.957(100%))
125,8.55739915121627,0.5228583723916729,0.30701002633968455,0.11395379524166323,0.03279965207183029,0.1517676017539466,0.015199605868199328,1,1,0.5,0.6666666666666666,0.001,0.001,0.008,0.004,0.483,0.65,0.27,0.5,0.06430465738112573,Cascade(1.095 -> 3.026(0%) -> 3.246(100%))
126,10.361192991201056,0.4060702548051012,0.19549827745929538,0.09951637175020375,0.02284318298618941,0.1711153513308101,0.012136493048039442,1,1,0.5,0.6666666666666666,0.001,0.001,0.008,0.004,0.483,0.65,0.27,0.5,0.05525717993542337,Cascade(1.048 -> 3.068(0%) -> 3.028(100%))
127,8.213216085544804,0.3333583545398536,0.21604324640115039,0.1316744386618227,0.028607598980916207,0.20851244215634365,0.03040554654028989,1,1,0.5,0.6666666666666666,0.001,0.001,0.008,0.004,0.483,0.65,0.27,0.5,0.07582089283361595,Cascade(1.096 -> 2.816(0%) -> 2.708(100%))
128,8.641643311530496,0.21501318524974483,0.2593603100671699,0.11966196043295166,0.02880608627683745,0.16946938706023396,0.03568766898238578,1,1,0.5,0.6666666666666666,0.001,0.001,0.008,0.004,0.483,0.65,0.27,0.5,0.0679636429727617,Cascade(0.999 -> 3.188(0%) -> 3.074(100%))
129,13.29084070340725,0.30693855764435674,0.22720078173976888,0.09330090634054578,0.035267108761352306,0.19297453023002628,0.04588708258191852,1,1,0.5,0.6666666666666666,0.001,0.001,0.008,0.004,0.483,0.65,0.27,0.5,0.05145086555892628,Cascade(1.043 -> 2.900(0%) -> 2.620(100%))
130,8.234537357493748,0.752578403889066,0.2438087745156376,0.10709157444772635,0.0271463284541256,0.17020613148422298,0.00022527376485584338,1,1,0.5,0.6666666666666666,0.001,0.001,0.008,0.004,0.483,0.65,0.27,0.5,0.059967837340928344,Cascade(1.080 -> 3.085(0%) -> 3.068(100%))
131,7.873460336804075,0.44809473924487986,0.1440524149082015,0.11901859194857,0.020471441834291698,0.16012477747909148,0.02468043766682103,1,1,0.5,0.6666666666666666,0.001,0.001,0.008,0.004,0.483,0.65,0.27,0.5,0.06754886701401416,Cascade(1.042 -> 3.301(0%) -> 2.917(100%))
132,8.333275888409739,0.49964772413670694,0.16335763466658554,0.11530233897274841,0.026236169886961064,0.21771707829035836,0.01766483535973143,1,1,0.5,0.6666666666666666,0.001,0.001,0.008,0.004,0.483,0.65,0.27,0.5,0.06516482638761985,Cascade(1.037 -> 2.801(0%) -> 3.005(100%))
133,9.979802367255711,0.6512741344452452,0.2657763531438885,0.09638912748444681,0.025142248325331566,0.2005036884593136,0.03147129028986611,1,1,0.5,0.6666666666666666,0.001,0.001,0.008,0.004,0.483,0.65,0.27,0.5,0.05333552883007599,Cascade(1.061 -> 2.786(0%) -> 2.783(100%))
134,10.667216246533393,0.45434868044563465,0.25867677892833885,0.09157483337368481,0.03571642851742564,0.17593145377689115,0.01552179546814774,1,1,0.5,0.6666666666666666,0.001,0.001,0.008,0.004,0.483,0.65,0.27,0.5,0.05040306936551139,Cascade(1.008 -> 2.948(0%) -> 2.819(100%))
135,7.935903410024521,0.5527430162481964,0.2321171820385923,0.13036035426486273,0.028023074643840407,0.2179755028732725,0.04099076164931271,1,1,0.5,0.6666666666666666,0.001,0.001,0.008,0.004,0.483,0.65,0.27,0.5,0.07495078846978306,Cascade(1.093 -> 3.055(0%) -> 3.107(100%))
136,9.760721531304142,0.3739880101591823,0.20021515993463906,0.10418879968993486,0.03159085504040542,0.18248032547518295,0.022699201999358688,1,1,0.5,0.6666666666666666,0.001,0.001,0.008,0.004,0.483,0.65,0.27,0.5,0.0581533249717531,Cascade(1.068 -> 3.045(0%) -> 3.575(100%))
137,9.469013664480837,0.42188022580392076,0.2286798082593569,0.1070276379371433,0.031702504356144044,0.1772582568613579,0.0400456821478528,1,1,0.5,0.6666666666666666,0.001,0.001,0.008,0.004,0.483,0.65,0.27,0.5,0.05992774383850952,Cascade(1.059 -> 3.251(0%) -> 2.999(100%))
138,9.838904615271629,0.446664206947167,0.18397541496380465,0.1055636725043785,0.030768408428536093,0.24344230602334507,0.013963076231893521,1,1,0.5,0.6666666666666666,0.001,0.001,0.008,0.004,0.483,0.65,0.27,0.5,0.05901128412346113,Cascade(1.004 -> 2.794(0%) -> 3.247(100%))
139,8.841642023673728,0.5307853162779161,0.16781700799877217,0.10866270024377184,0.03468849649242514,0.2284728514253331,0.0011114732976017123,1,1,0.5,0.6666666666666666,0.001,0.001,0.008,0.004,0.483,0.65,0.27,0.5,0.06095487099748322,Cascade(1.066 -> 3.070(0%) -> 3.045(100%))
140,11.604238888247773,0.2707259216867935,0.2556701220170037,0.1039300229993391,0.030222078963573103,0.21245394371222912,0.04867932257086522,1,1,0.5,0.6666666666666666,0.001,0.001,0.008,0.004,0.483,0.65,0.27,0.5,0.05799213547317769,Cascade(1.081 -> 3.067(0%) -> 3.299(100%))
141,10.672286244961892,0.24964993032870686,0.14203619339393447,0.11278487802582088,0.02468927055402069,0.1987614332134683,0.03411133308725557,1,1,0.5,0.6666666666666666,0.001,0.001,0.008,0.004,0.483,0.65,0.27,0.5,0.06356117881245,Cascade(0.969 -> 2.985(0%) -> 3.036(100%))
142,8.511753665322033,0.3238653498816555,0.18440199196395463,0.12138300135076575,0.021395510715722117,0.19733939989632146,0.019621692711578445,1,1,0.5,0.6666666666666666,0.001,0.001,0.008,0.004,0.483,0.65,0.27,0.5,0.06907617399696182,Cascade(1.085 -> 3.116(0%) -> 2.767(100%))
143,9.14464095966056,0.348472458979036,0.23588816383115174,0.115011561742146,0.039338443822852405,0.2018631681581553,0.02278958517422885,1,1,0.5,0.6666666666666666,0.001,0.001,0.008,0.004,0.483,0.65,0.27,0.5,0.06497913236502403,Cascade(1.032 -> 3.221(0%) -> 2.748(100%))
144,7.545355043970877,0.5677189275385259,0.1925297537807242,0.12177621737693099,0.03399675642040806,0.22035457101620706,0.030316860653087016,1,1,0.5,0.6666666666666666,0.001,0.001,0.008,0.004,0.483,0.65,0.27,0.5,0.06933097223421299,Cascade(0.960 -> 2.935(0%) -> 2.723(100%))
145,7.104396579694507,0.7251014186979052,0.16085432833736163,0.1261551234514268,0.02056658035245043,0.2068843246442064,0.036152700969894334,1,1,0.5,0.6666666666666666,0.001,0.001,0.008,0.004,0.483,0.65,0.27,0.5,0.07218393495061842,Cascade(1.014 -> 2.935(0%) -> 3.403(100%))
146,9.001665096589349,0.37961032226921754,0.23932766922854654,0.10802214224340495,0.027883444207205645,0.1734799039588381,0.04443617025866448,1,1,0.5,0.6666666666666666,0.001,0.001,0.008,0.004,0.483,0.65,0.27,0.5,0.06055203125506411,Cascade(1.082 -> 2.663(0%) -> 2.883(100%))
147,9.084478899807621,0.22759600166037453,0.21382731966818616,0.11030537382974952,0.039571430764674384,0.15022737566583044,0.026849081787087364,1,1,0.5,0.6666666666666666,0.001,0.001,0.008,0.004,0.483,0.65,0.27,0.5,0.06199058114162514,Cascade(1.026 -> 2.805(0%) -> 3.160(100%))
148,10.398110565635886,0.45989506709860084,0.23061834814297538,0.10347067160775758,0.022303176153469814,0.1982178633538677,0.026277204797270103,1,1,0.5,0.6666666666666666,0.001,0.001,0.008,0.004,0.483,0.65,0.27,0.5,0.05770623912176575,Cascade(1.106 -> 2.657(0%) -> 3.134(100%))
149,8.412076423038894,0.3163138739822342,0.20214449830661038,0.12805276576185787,0.033458131702423594,0.21762157484605704,0.0015081409771480255,1,1,0.5,0.6666666666666666,0.001,0.001,0.008,0.004,0.483,0.65,0.27,0.5,0.07342919429851916,Cascade(1.039 -> 2.740(0%) -> 3.443(100%))
150,8.465822280813612,0.6763988704130751,0.16784217668550053,0.1166376426082412,0.0218484168681753,0.21297737495694435,0.047510769862625625,1,1,0.5,0.6666666666666666,0.001,0.001,0.008,0.004,0.483,0.65,0.27,0.5,0.06601913791789185,Cascade(1.077 -> 3.173(0%) -> 3.040(100%))
151,11.27790545024204,0.3370552980284919,0.1690952234051668,0.10386762906462105,0.025703806383477495,0.2061618277801108,0.03352902113153754,1,1,0.5,0.6666666666666666,0.001,0.001,0.008,0.004,0.483,0.65,0.27,0.5,0.05795328482342652,Cascade(1.007 -> 2.580(0%) -> 2.907(100%))
152,7.864249625616475,0.517181219481835,0.3034487361578218,0.11521036592850643,0.035846864696758844,0.15577761477345609,0.028080905601436553,1,1,0.5,0.6666666666666666,0.001,0.001,0.008,0.004,0.483,0.65,0.27,0.5,0.06510607803933488,Cascade(1.033 -> 2.844(0%) -> 2.918(100%))
153,9.021080653383446,0.6743616521838873,0.27474255831515637,0.10511343337501886,0.032480899013233575,0.20305648954257388,0.001982926818900707,1,1,0.5,0.6666666666666666,0.001,0.001,0.008,0.004,0.483,0.65,0.27,0.5,0.05873003199246179,Cascade(1.148 -> 2.720(0%) -> 3.242(100%))
154,9.925953936236036,0.3287032370541023,0.15609016036414308,0.11190667605120336,0.02258685548968162,0.21696010377087088,0.04272254893069911,1,1,0.5,0.6666666666666666,0.001,0.001,0.008,0.004,0.483,0.65,0.27,0.5,0.06300389442948642,Cascade(1.079 -> 2.706(0%) -> 3.042(100%))
155,7.73724827024143,0.5275343340330095,0.1413126146596912,0.12644823798779461,0.020076194919607198,0.2249689015814192,0.0034333871406321418,1,1,0.5,0.6666666666666666,0.001,0.001,0.008,0.004,0.483,0.65,0.27,0.5,0.0723759274988606,Cascade(1.057 -> 3.181(0%) -> 3.182(100%))
156,12.000388640865266,0.34221570212512575,0.290209920040683,0.10546775565010073,0.025781515001435672,0.23418698455501738,0.047110510618409776,1,1,0.5,0.6666666666666666,0.001,0.001,0.008,0.004,0.483,0.65,0.27,0.5,0.05895134374208576,Cascade(1.047 -> 3.012(0%) -> 2.790(100%))
157,12.133311155422161,0.2112528326629536,0.20683617069660226,0.11476619798683586,0.02316502844995563,0.22571678647108526,0.034564174656695285,1,1,0.5,0.6666666666666666,0.001,0.001,0.008,0.004,0.483,0.65,0.27,0.5,0.06482253486358014,Cascade(1.086 -> 2.840(0%) -> 2.624(100%))
158,7.523294128946804,0.5253103164641144,0.18522526011912266,0.1199956668294021,0.0393649113058927,0.18457772959524718,0.039473437326908375,1,1,0.5,0.6666666666666666,0.001,0.001,0.008,0.004,0.483,0.65,0.27,0.5,0.06817902043565262,Cascade(1.005 -> 2.579(0%) -> 2.849(100%))
159,7.2399562116434755,0.685367289079251,0.29340031970103453,0.11763219193431566,0.026310244856237296,0.18244209421085278,0.02607964532038806,1,1,0.5,0.6666666666666666,0.001,0.001,0.008,0.004,0.483,0.65,0.27,0.5,0.06665711898090858,Cascade(1.028 -> 2.726(0%) -> 3.038(100%))
160,7.501138362204417,0.6436641750437746,0.14998863701847104,0.12391764509322702,0.031864662184818225,0.23218846415003247,0.022819127881857,1,1,0.5,0.6666666666666666,0.001,0.001,0.008,0.004,0.483,0.65,0.27,0.5,0.07072260067742919,Cascade(1.059 -> 2.771(0%) -> 2.818(100%))
161,8.908043702039441,0.6517502818049296,0.2448179124692249,0.10772884463685659,0.025247801231418635,0.17007252688411773,0.04710868028156018,1,1,0.5,0.6666666666666666,0.001,0.001,0.008,0.004,0.483,0.65,0.27,0.5,0.0603677727276818,Cascade(1.038 -> 3.057(0%) -> 3.061(100%))
162,9.084313909406504,0.3590834413861064,0.22542454725779262,0.11752512215902433,0.026619949611376002,0.22459392278028245,0.01397283982834287,1,1,0.5,0.6666666666666666,0.001,0.001,0.008,0.004,0.483,0.65,0.27,0.5,0.06658836705162426,Cascade(1.059 -> 2.683(0%) -> 2.996(100%))
163,7.273786284694716,0.46362426553874414,0.24107403442453476,0.13152494158508932,0.025064182208189043,0.17160136469739906,0.026577549568801324,1,1,0.5,0.6666666666666666,0.001,0.001,0.008,0.004,0.483,0.65,0.27,0.5,0.0757217724969217,Cascade(1.001 -> 2.763(0%) -> 2.888(100%))
164,7.4094568045504206,0.39116022811020446,0.2872001119092426,0.13809420921944623,0.03046795186148143,0.21981765701378495,0.04699536330196429,1,1,0.5,0.6666666666666666,0.001,0.001,0.008,0.004,0.483,0.65,0.27,0.5,0.08010980474698182,Cascade(0.975 -> 3.228(0%) -> 2.893(100%))
165,9.916913911886509,0.3245255210724599,0.1686620628176136,0.11989027882843642,0.0330691159308309,0.246913700609449,0.019493683361744424,1,1,0.5,0.6666666666666666,0.001,0.001,0.008,0.004,0.483,0.65,0.27,0.5,0.06811098431502592,Cascade(1.035 -> 3.101(0%) -> 3.136(100%))
166,9.871291681259146,0.5984732213921801,0.2343555079759232,0.1003234952074606,0.028253272880237237,0.22965109971147663,0.04302555983556864,1,1,0.5,0.6666666666666666,0.001,0.001,0.008,0.004,0.483,0.65,0.27,0.5,0.05575531575685344,Cascade(1.011 -> 3.172(0%) -> 2.900(100%))
167,7.524073634687977,0.5849191849366212,0.2387379416573388,0.12471375693494277,0.030937583522129938,0.187536492800764,0.02907453761051921,1,1,0.5,0.6666666666666666,0.001,0.001,0.008,0.004,0.483,0.65,0.27,0.5,0.07124169831472674,Cascade(1.063 -> 2.897(0%) -> 3.073(100%))
168,13.993101922498454,0.2539682061448718,0.22372858850087327,0.09678643225258027,0.0338128702998894,0.22096258415290745,0.033954274946293266,1,1,0.5,0.6666666666666666,0.001,0.001,0.008,0.004,0.483,0.65,0.27,0.5,0.053578929562562896,Cascade(1.049 -> 2.730(0%) -> 3.606(100%))
169,13.29084070340725,0.30693855764435674,0.22720078173976888,0.09330090634054578,0.035267108761352306,0.19297453023002628,0.04588708258191852,1,1,0.5,0.6666666666666666,0.001,0.001,0.008,0.004,0.483,0.65,0.27,0.5,0.05145086555892628,Cascade(1.043 -> 2.900(0%) -> 2.620(100%))
170,8.440303759542225,0.39304238483899834,0.2980185268534785,0.12504565302374757,0.02700799350895857,0.22961205992977488,0.016473464021245145,1,1,0.5,0.6666666666666666,0.001,0.001,0.008,0.004,0.483,0.65,0.27,0.5,0.0714583872037963,Cascade(1.050 -> 2.805(0%) -> 2.698(100%))
171,10.18769990643083,0.33142285128411136,0.14284172330377948,0.1068387635115219,0.029694409287134634,0.18964088183702038,0.046810677201072334,1,1,0.5,0.6666666666666666,0.001,0.001,0.008,0.004,0.483,0.65,0.27,0.5,0.059809337411218993,Cascade(0.992 -> 2.966(0%) -> 2.897(100%))
172,9.705741753691427,0.4995902020034726,0.30378317328284665,0.09985756022077716,0.02540869398909172,0.16266173418257956,0.025199711397100005,1,1,0.5,0.6666666666666666,0.001,0.001,0.008,0.004,0.483,0.65,0.27,0.5,0.05546764367940986,Cascade(0.952 -> 3.226(0%) -> 2.875(100%))
173,11.4267175362177,0.5163133148637242,0.27982665035950605,0.09148594647752627,0.03087425214145087,0.21159238352055768,0.03840124218107425,1,1,0.5,0.6666666666666666,0.001,0.001,0.008,0.004,0.483,0.65,0.27,0.5,0.050349219212855685,Cascade(1.137 -> 2.921(0%) -> 3.486(100%))
174,8.525142457901365,0.6059262690589858,0.2679427066372041,0.10150500163358632,0.0328057609990011,0.17848316281979118,0.009180450372392845,1,1,0.5,0.6666666666666666,0.001,0.001,0.008,0.004,0.483,0.65,0.27,0.5,0.05648612503026519,Cascade(1.012 -> 3.050(0%) -> 2.762(100%))
175,8.329908030567209,0.7223014408943662,0.22539715267580188,0.11190777380720278,0.033462951502747335,0.20183555751808796,0.019524123204531098,1,1,0.5,0.6666666666666666,0.001,0.001,0.008,0.004,0.483,0.65,0.27,0.5,0.06300459034921704,Cascade(1.101 -> 3.324(0%) -> 2.876(100%))
176,8.233272111224363,0.6123426929911868,0.2276884350137654,0.1179834164178933,0.02727188938598231,0.2073316125352328,0.024393108271854872,1,1,0.5,0.6666666666666666,0.001,0.001,0.008,0.004,0.483,0.65,0.27,0.5,0.0668827653663443,Cascade(1.095 -> 2.723(0%) -> 3.313(100%))
177,9.958772621546435,0.264385901509347,0.16951752669163136,0.10983093915831182,0.03959982003698876,0.16512210383000567,0.03123545177329498,1,1,0.5,0.6666666666666666,0.001,0.001,0.008,0.004,0.483,0.65,0.27,0.5,0.0616910562216477,Cascade(0.987 -> 2.692(0%) -> 3.284(100%))
178,7.6944923353900005,0.5726259624223455,0.1605187428802338,0.12190565150142947,0.031088235739448956,0.15779410050199347,0.029081627676370375,1,1,0.5,0.6666666666666666,0.001,0.001,0.008,0.004,0.483,0.65,0.27,0.5,0.06941489357599932,Cascade(1.121 -> 2.996(0%) -> 3.117(100%))
179,11.958652631358653,0.2510024269638015,0.2714653955578585,0.11059986706805879,0.021334211806276374,0.19173983276243595,0.04368230239816478,1,1,0.5,0.6666666666666666,0.001,0.001,0.008,0.004,0.483,0.65,0.27,0.5,0.06217666434536171,Cascade(1.040 -> 2.884(0%) -> 2.936(100%))
180,8.149328617720375,0.6757197243012429,0.1431586957461875,0.12071582171932296,0.02191944384050154,0.22932850950754652,0.02584899707495938,1,1,0.5,0.6666666666666666,0.001,0.001,0.008,0.004,0.483,0.65,0.27,0.5,0.0686443727188215,Cascade(1.055 -> 3.113(0%) -> 2.842(100%))
181,12.370966335043025,0.2668457955349419,0.1727841149413027,0.10214319817144747,0.03785030491934025,0.18005797972907198,0.04744948853949359,1,1,0.5,0.6666666666666666,0.001,0.001,0.008,0.004,0.483,0.65,0.27,0.5,0.05688167532028783,Cascade(1.082 -> 3.203(0%) -> 3.206(100%))
182,7.563093687830462,0.5768487831260768,0.2545514206788254,0.13075052845977733,0.023830692375124567,0.23303908684960473,0.016846627760666553,1,1,0.5,0.6666666666666666,0.001,0.001,0.008,0.004,0.483,0.65,0.27,0.5,0.07520886278371877,Cascade(1.068 -> 2.850(0%) -> 2.811(100%))
183,8.008256207465624,0.6933123351361163,0.25538809340229757,0.11271218794891516,0.02903673635500784,0.1954361381871542,0.02212815546502562,1,1,0.5,0.6666666666666666,0.001,0.001,0.008,0.004,0.483,0.65,0.27,0.5,0.06351500968347903,Cascade(1.085 -> 2.593(0%) -> 2.839(100%))
184,9.970997159351956,0.3637524084697021,0.17449699029232585,0.10220826264052248,0.027339377517517218,0.19479719996257852,0.022487163369370122,1,1,0.5,0.6666666666666666,0.001,0.001,0.008,0.004,0.483,0.65,0.27,0.5,0.05692203346687635,Cascade(1.026 -> 2.940(0%) -> 3.547(100%))
185,9.34624292085291,0.549054664291816,0.21671094965489213,0.10268590112119365,0.03577253722433332,0.1891443788515959,0.018897187155488285,1,1,0.5,0.6666666666666666,0.001,0.001,0.008,0.004,0.483,0.65,0.27,0.5,0.05721848193932295,Cascade(1.065 -> 2.945(0%) -> 2.774(100%))
186,7.148341721252097,0.5625138551360886,0.2539569371517215,0.13776080953800945,0.02475858408141553,0.21438936378070603,0.041070699769771644,1,1,0.5,0.6666666666666666,0.001,0.001,0.008,0.004,0.483,0.65,0.27,0.5,0.07988549526738442,Cascade(1.075 -> 3.298(0%) -> 3.077(100%))
187,11.196652714619772,0.510159467354391,0.20774899088107784,0.09554913335974766,0.029574058218270385,0.2104762693113556,0.030719500913672985,1,1,0.5,0.6666666666666666,0.001,0.001,0.008,0.004,0.483,0.65,0.27,0.5,0.052821627400658225,Cascade(1.041 -> 2.876(0%) -> 3.361(100%))
188,9.975043883799822,0.5848945002953648,0.2587277412859086,0.09202699305513405,0.02556493895671485,0.1680427477130285,0.031074381559822707,1,1,0.5,0.6666666666666666,0.001,0.001,0.008,0.004,0.483,0.65,0.27,0.5,0.05067716350114036,Cascade(1.036 -> 3.375(0%) -> 3.141(100%))
189,7.964878100113304,0.705245804934833,0.2810190349343348,0.11392054692864015,0.022188363776573274,0.2107444770319819,0.01942511356017991,1,1,0.5,0.6666666666666666,0.001,0.001,0.008,0.004,0.483,0.65,0.27,0.5,0.06428348300694973,Cascade(1.049 -> 2.364(0%) -> 3.054(100%))
190,8.329908030567209,0.7223014408943662,0.22539715267580188,0.11190777380720278,0.033462951502747335,0.20183555751808796,0.019524123204531098,1,1,0.5,0.6666666666666666,0.001,0.001,0.008,0.004,0.483,0.65,0.27,0.5,0.06300459034921704,Cascade(1.101 -> 3.324(0%) -> 2.876(100%))
191,10.351555222273904,0.475124878704679,0.14875323302018406,0.09986352058358622,0.03179565315389685,0.18997434451525294,0.02034939981494121,1,1,0.5,0.6666666666666666,0.001,0.001,0.008,0.004,0.483,0.65,0.27,0.5,0.05547132177574384,Cascade(1.122 -> 3.202(0%) -> 3.461(100%))
192,7.520062578867151,0.7216486948203991,0.2670093183089519,0.12274365070838932,0.037605902641136967,0.22116636084966687,0.03192655056306376,1,1,0.5,0.6666666666666666,0.001,0.001,0.008,0.004,0.483,0.65,0.27,0.5,0.0699588272045597,Cascade(1.013 -> 2.974(0%) -> 2.991(100%))
193,7.515164743802757,0.3135913161133626,0.27618298983667766,0.12439649563441238,0.022113729396776003,0.15050072242155565,0.026008641333682508,1,1,0.5,0.6666666666666666,0.001,0.001,0.008,0.004,0.483,0.65,0.27,0.5,0.07103471777705081,Cascade(1.038 -> 2.986(0%) -> 2.852(100%))
194,12.157244018376355,0.30867620775047877,0.25492775223186925,0.1013514266256691,0.038532014164466784,0.24269055790329946,0.030510564546722473,1,1,0.5,0.6666666666666666,0.001,0.001,0.008,0.004,0.483,0.65,0.27,0.5,0.056391024049092485,Cascade(1.020 -> 2.895(0%) -> 3.064(100%))
195,6.672404461370487,0.588803029299195,0.2250225683641908,0.13254534955037806,0.03531000052219134,0.20030396571079345,0.03683064751616087,1,1,0.5,0.6666666666666666,0.001,0.001,0.008,0.004,0.483,0.65,0.27,0.5,0.07639900799521723,Cascade(0.960 -> 2.512(0%) -> 2.981(100%))
196,9.124255944613537,0.4249037051819302,0.22802827726888353,0.11505082981034082,0.03658505092331732,0.24934322869733963,0.012724676041536188,1,1,0.5,0.6666666666666666,0.001,0.001,0.008,0.004,0.483,0.65,0.27,0.5,0.06500420232366765,Cascade(1.055 -> 3.190(0%) -> 2.769(100%))
197,11.208183919208217,0.37013209687176263,0.24081354709107006,0.1083610815301718,0.029503064379344048,0.2209532393702,0.04959917363557605,1,1,0.5,0.6666666666666666,0.001,0.001,0.008,0.004,0.483,0.65,0.27,0.5,0.06076511426628501,Cascade(1.069 -> 3.361(0%) -> 2.825(100%))
198,8.05543814020601,0.27738265564179704,0.22144811416657545,0.1299100763595894,0.036817355628777665,0.18941829974314237,0.01509973709195704,1,1,0.5,0.6666666666666666,0.001,0.001,0.008,0.004,0.483,0.65,0.27,0.5,0.07465324722762703,Cascade(0.969 -> 3.202(0%) -> 3.146(100%))
199,7.6244517099637985,0.5570986258356029,0.2683373468283363,0.1228386366852222,0.03035780657284589,0.209573712925846,0.03110889917098652,1,1,0.5,0.6666666666666666,0.001,0.001,0.008,0.004,0.483,0.65,0.27,0.5,0.07002054685868578,Cascade(1.054 -> 2.972(0%) -> 2.915(100%))
200,10.424346175808093,0.5201212818186861,0.21981042964904135,0.09301303701815,0.027372977640907747,0.15595580177511792,0.011542064745145155,1,1,0.5,0.6666666666666666,0.001,0.001,0.008,0.004,0.483,0.65,0.27,0.5,0.05127584012473359,Cascade(1.065 -> 2.862(0%) -> 3.272(100%))
201,9.831160315098069,0.27999887036132143,0.23334961754257444,0.11172571050753873,0.025596114992970844,0.21542561984974312,0.0028775595976057245,1,1,0.5,0.6666666666666666,0.001,0.001,0.008,0.004,0.483,0.65,0.27,0.5,0.0628891952796338,Cascade(1.085 -> 3.011(0%) -> 3.427(100%))
202,10.867269037135559,0.4854031259488727,0.19594194160413012,0.09206790985631677,0.023619019671572112,0.17010700950302332,0.02467975333884308,1,1,0.5,0.6666666666666666,0.001,0.001,0.008,0.004,0.483,0.65,0.27,0.5,0.05070198027792294,Cascade(1.043 -> 3.157(0%) -> 3.149(100%))
203,8.173116027216928,0.4602487595559243,0.15847989558722703,0.12045224542512464,0.02381785315113415,0.21485799286950985,0.010887530683749395,1,1,0.5,0.6666666666666666,0.001,0.001,0.008,0.004,0.483,0.65,0.27,0.5,0.06847396562529148,Cascade(1.090 -> 3.040(0%) -> 3.045(100%))
204,11.617062465851848,0.35810733585908755,0.26657127800821445,0.10629333552032826,0.025202177221635525,0.23149357500976994,0.034572507299270555,1,1,0.5,0.6666666666666666,0.001,0.001,0.008,0.004,0.483,0.65,0.27,0.5,0.05946768651558266,Cascade(1.100 -> 2.950(0%) -> 3.140(100%))
205,7.863956231094725,0.6529283407402752,0.2017890500943138,0.1185277193330088,0.03631038991562249,0.24531785947838963,0.029850385919093416,1,1,0.5,0.6666666666666666,0.001,0.001,0.008,0.004,0.483,0.65,0.27,0.5,0.0672328114749799,Cascade(0.970 -> 2.849(0%) -> 3.450(100%))
206,12.78153620136126,0.24162763026206224,0.25180397930561654,0.11118626492118495,0.022012574540902337,0.24666256981884574,0.0247908413969298,1,1,0.5,0.6666666666666666,0.001,0.001,0.008,0.004,0.483,0.65,0.27,0.5,0.06254756229173572,Cascade(1.040 -> 3.081(0%) -> 3.001(100%))
207,8.857532302080932,0.25038942830691385,0.26605931413944656,0.12560698341500245,0.026678830388151675,0.20662445904769836,0.031796397238433256,1,1,0.5,0.6666666666666666,0.001,0.001,0.008,0.004,0.483,0.65,0.27,0.5,0.07182524393068075,Cascade(1.013 -> 2.912(0%) -> 3.187(100%))
208,8.284513594513466,0.365808878095361,0.2617139065896157,0.11708853739547719,0.030745671903046164,0.15162675452054528,0.0075803259694453146,1,1,0.5,0.6666666666666666,0.001,0.001,0.008,0.004,0.483,0.65,0.27,0.5,0.06630819870096304,Cascade(1.051 -> 2.985(0%) -> 3.244(100%))
209,10.264428427537055,0.5696218255217327,0.23918017807121908,0.096215231644939,0.02627984111544862,0.21816140960732644,0.048771234024456725,1,1,0.5,0.6666666666666666,0.001,0.001,0.008,0.004,0.483,0.65,0.27,0.5,0.05322906239062654,Cascade(1.042 -> 2.953(0%) -> 3.175(100%))
210,8.113807064309757,0.38734139369549225,0.19105560919335668,0.13777436655572423,0.024009565060418896,0.2266217017570563,0.04574826619334784,1,1,0.5,0.6666666666666666,0.001,0.001,0.008,0.004,0.483,0.65,0.27,0.5,0.07989461297118138,Cascade(1.021 -> 2.775(0%) -> 3.035(100%))
211,7.65456531659224,0.26653183924907836,0.2178223001437241,0.13517802406675303,0.03889707774737546,0.16474997980214956,0.02818585868777156,1,1,0.5,0.6666666666666666,0.001,0.001,0.008,0.004,0.483,0.65,0.27,0.5,0.07815367082969861,Cascade(1.068 -> 2.956(0%) -> 2.792(100%))
212,11.171744671961413,0.29387381209141633,0.16585492168382596,0.11082095830490227,0.03442402725613005,0.21124925921648996,0.04512212958976015,1,1,0.5,0.6666666666666666,0.001,0.001,0.008,0.004,0.483,0.65,0.27,0.5,0.06231644759284774,Cascade(1.050 -> 3.011(0%) -> 3.183(100%))
213,8.465822280813612,0.6763988704130751,0.16784217668550053,0.1166376426082412,0.0218484168681753,0.21297737495694435,0.047510769862625625,1,1,0.5,0.6666666666666666,0.001,0.001,0.008,0.004,0.483,0.65,0.27,0.5,0.06601913791789185,Cascade(1.077 -> 3.173(0%) -> 3.040(100%))
214,8.05499605516808,0.24368339765086414,0.24226078165250708,0.13485457291896333,0.023169621549862837,0.21665151732864169,0.023431520245610203,1,1,0.5,0.6666666666666666,0.001,0.001,0.008,0.004,0.483,0.65,0.27,0.5,0.07793751703338295,Cascade(1.026 -> 2.400(0%) -> 2.746(100%))
215,7.873460336804075,0.44809473924487986,0.1440524149082015,0.11901859194857,0.020471441834291698,0.16012477747909148,0.02468043766682103,1,1,0.5,0.6666666666666666,0.001,0.001,0.008,0.004,0.483,0.65,0.27,0.5,0.06754886701401416,Cascade(1.042 -> 3.301(0%) -> 2.917(100%))
216,9.659773321693914,0.528649941369632,0.16175094169766907,0.10634128759849788,0.02684394049009732,0.2004013559493653,0.038931806239313346,1,1,0.5,0.6666666666666666,0.001,0.001,0.008,0.004,0.483,0.65,0.27,0.5,0.059497706519712736,Cascade(1.020 -> 2.708(0%) -> 3.333(100%))
217,7.604098075985942,0.5161720888454737,0.25697468839726906,0.12535680914575484,0.032992501407184606,0.18148816349948135,0.03512805904142769,1,1,0.5,0.6666666666666666,0.001,0.001,0.008,0.004,0.483,0.65,0.27,0.5,0.0716616847055778,Cascade(1.015 -> 2.874(0%) -> 2.679(100%))
218,8.511753665322033,0.3238653498816555,0.18440199196395463,0.12138300135076575,0.021395510715722117,0.19733939989632146,0.019621692711578445,1,1,0.5,0.6666666666666666,0.001,0.001,0.008,0.004,0.483,0.65,0.27,0.5,0.06907617399696182,Cascade(1.085 -> 3.116(0%) -> 2.767(100%))
219,7.954911688552236,0.4123869352502393,0.14684993051701445,0.12750300603696915,0.037033621510194466,0.16248314506474948,0.0352410199165447,1,1,0.5,0.6666666666666666,0.001,0.001,0.008,0.004,0.483,0.65,0.27,0.5,0.0730678769779072,Cascade(1.013 -> 3.109(0%) -> 3.295(100%))
220,8.235123695493911,0.357821370786698,0.1454620928249764,0.12406197195262283,0.02068539008672224,0.1769370419800949,0.011422155907594808,1,1,0.5,0.6666666666666666,0.001,0.001,0.008,0.004,0.483,0.65,0.27,0.5,0.07081663769592193,Cascade(1.026 -> 3.205(0%) -> 3.027(100%))
221,7.404478049953338,0.650352447468231,0.25646854924164797,0.13197446553532136,0.035286356357548905,0.21403225614196536,0.02579832833176213,1,1,0.5,0.6666666666666666,0.001,0.001,0.008,0.004,0.483,0.65,0.27,0.5,0.07601992124385576,Cascade(1.137 -> 3.158(0%) -> 3.003(100%))
222,11.073795492181032,0.48058435659321247,0.16095784579900863,0.0939723824130035,0.02250965923679151,0.15392748806976592,0.020377518153549323,1,1,0.5,0.6666666666666666,0.001,0.001,0.008,0.004,0.483,0.65,0.27,0.5,0.051859557362764555,Cascade(1.010 -> 3.127(0%) -> 3.333(100%))
223,7.7530681792044,0.37567609087550613,0.1949739048213318,0.1280906779453673,0.028448770574639928,0.15344010099855868,0.008378830433972716,1,1,0.5,0.6666666666666666,0.001,0.001,0.008,0.004,0.483,0.65,0.27,0.5,0.0734541280299222,Cascade(1.093 -> 3.098(0%) -> 3.142(100%))
224,9.608173924254187,0.535444655672005,0.20567344077658667,0.09888912527035831,0.02641544988423968,0.17663162044399183,0.026677582806766256,1,1,0.5,0.6666666666666666,0.001,0.001,0.008,0.004,0.483,0.65,0.27,0.5,0.054870675764526644,Cascade(1.052 -> 3.171(0%) -> 3.193(100%))
225,7.300015975847415,0.46209140039536345,0.20366616319972888,0.13642737305691605,0.036108614129075234,0.18465269999418532,0.04320096247965851,1,1,0.5,0.6666666666666666,0.001,0.001,0.008,0.004,0.483,0.65,0.27,0.5,0.07899009811128929,Cascade(1.006 -> 2.785(0%) -> 2.838(100%))
226,11.507054884520048,0.23297978630545438,0.17610988001668304,0.10687901694859789,0.020147712390604956,0.2134075554175731,0.012287377996766907,1,1,0.5,0.6666666666666666,0.001,0.001,0.008,0.004,0.483,0.65,0.27,0.5,0.05983456831539174,Cascade(1.022 -> 2.707(0%) -> 2.745(100%))
227,8.362161181516226,0.5423780815347793,0.21739256501096405,0.11764536558504489,0.039916229637485624,0.24040160810243819,0.018545706719179246,1,1,0.5,0.6666666666666666,0.001,0.001,0.008,0.004,0.483,0.65,0.27,0.5,0.06666557923337117,Cascade(1.029 -> 2.758(0%) -> 3.730(100%))
228,7.557178437527159,0.5691173039226789,0.19392318570484088,0.12681641024551535,0.023843237261497504,0.1634923842423477,0.04968471610154684,1,1,0.5,0.6666666666666666,0.001,0.001,0.008,0.004,0.483,0.65,0.27,0.5,0.07261726613596384,Cascade(1.091 -> 3.058(0%) -> 3.149(100%))
229,9.594519544825221,0.2318195717264203,0.165555326493313,0.12049108283475002,0.023671052459650205,0.15067257955568583,0.016238028121876285,1,1,0.5,0.6666666666666666,0.001,0.001,0.008,0.004,0.483,0.65,0.27,0.5,0.06849906833412531,Cascade(1.079 -> 3.066(0%) -> 3.518(100%))
230,8.531755852669418,0.3249363979894754,0.21480283386734011,0.12732227476744729,0.03809996692894718,0.16506411189100118,0.04392570554936507,1,1,0.5,0.6666666666666666,0.001,0.001,0.008,0.004,0.483,0.65,0.27,0.5,0.072949194809297,Cascade(1.133 -> 2.947(0%) -> 2.876(100%))
231,9.050329244544972,0.4810354843829693,0.27662310013010205,0.11446501589093906,0.021237272814440024,0.21792351205118976,0.029838688552375627,1,1,0.5,0.6666666666666666,0.001,0.001,0.008,0.004,0.483,0.65,0.27,0.5,0.06463043129013284,Cascade(1.003 -> 2.827(0%) -> 3.506(100%))
232,10.43769319425018,0.43424377629205313,0.2224845952444203,0.10072097271780751,0.029283868325340013,0.21060542410497884,0.04841447148391474,1,1,0.5,0.6666666666666666,0.001,0.001,0.008,0.004,0.483,0.65,0.27,0.5,0.056000957245832345,Cascade(1.037 -> 2.664(0%) -> 2.544(100%))
233,10.331571360532463,0.5461716441170709,0.2857488181482544,0.09819201080775149,0.02858995295904903,0.23283054236417597,0.03348294583361085,1,1,0.5,0.6666666666666666,0.001,0.001,0.008,0.004,0.483,0.65,0.27,0.5,0.05444175034183402,Cascade(1.018 -> 2.804(0%) -> 3.087(100%))
234,8.412076423038894,0.3163138739822342,0.20214449830661038,0.12805276576185787,0.033458131702423594,0.21762157484605704,0.0015081409771480255,1,1,0.5,0.6666666666666666,0.001,0.001,0.008,0.004,0.483,0.65,0.27,0.5,0.07342919429851916,Cascade(1.039 -> 2.740(0%) -> 3.443(100%))
235,6.700345761117143,0.7643697004286291,0.23498082904038806,0.1279420607393103,0.02705074509044934,0.19978836184828055,0.00878469871447929,1,1,0.5,0.6666666666666666,0.001,0.001,0.008,0.004,0.483,0.65,0.27,0.5,0.07335639925930643,Cascade(0.937 -> 2.981(0%) -> 3.345(100%))
236,9.218495708286582,0.4880935802294498,0.1446084680493292,0.1102336247132891,0.0321596096535951,0.23227745658769255,0.02417950275363356,1,1,0.5,0.6666666666666666,0.001,0.001,0.008,0.004,0.483,0.65,0.27,0.5,0.06194526325956538,Cascade(1.056 -> 2.742(0%) -> 3.030(100%))
237,9.705565676184419,0.5696503760438912,0.15839097094915194,0.10044298144457933,0.02966172572908211,0.21167318703597976,0.03920635259334797,1,1,0.5,0.6666666666666666,0.001,0.001,0.008,0.004,0.483,0.65,0.27,0.5,0.055829135548227146,Cascade(1.084 -> 2.884(0%) -> 2.579(100%))
238,10.980016483955387,0.252515051468018,0.14479828741763232,0.10991546430819968,0.03287083720206597,0.21872624042377806,0.03236761078149606,1,1,0.5,0.6666666666666666,0.001,0.001,0.008,0.004,0.483,0.65,0.27,0.5,0.061744396122313305,Cascade(1.041 -> 3.025(0%) -> 2.981(100%))
239,7.920434895863734,0.589546623503981,0.18671547396323934,0.11896772511180977,0.025628484307101455,0.17815975368228815,0.032348509626577406,1,1,0.5,0.6666666666666666,0.001,0.001,0.008,0.004,0.483,0.65,0.27,0.5,0.06751609929778547,Cascade(1.083 -> 2.701(0%) -> 3.022(100%))
240,7.730189341245086,0.7940230006823533,0.30966816209329906,0.11150000798434573,0.03384114860167123,0.20430163335375098,0.004731369324550313,1,1,0.5,0.6666666666666666,0.001,0.001,0.008,0.004,0.483,0.65,0.27,0.5,0.06274620652015787,Cascade(0.971 -> 2.968(0%) -> 3.450(100%))
241,6.760078877283455,0.5077753991638801,0.21848466042936385,0.13995783024638092,0.032072687604227004,0.21365648734559567,0.000346177583749722,1,1,0.5,0.6666666666666666,0.001,0.001,0.008,0.004,0.483,0.65,0.27,0.5,0.08136684174828043,Cascade(1.013 -> 3.097(0%) -> 2.892(100%))
242,10.24357454502356,0.23916840814265464,0.2647588274761065,0.10761944693409498,0.029265178790850735,0.2210015470411228,0.0050164300262417,1,1,0.5,0.6666666666666666,0.001,0.001,0.008,0.004,0.483,0.65,0.27,0.5,0.060299076758425815,Cascade(0.996 -> 3.051(0%) -> 3.150(100%))
243,7.615239020522424,0.6061600695474286,0.2047418387273907,0.12782419114206198,0.025934181849318446,0.23568146467868864,0.04300259717159623,1,1,0.5,0.6666666666666666,0.001,0.001,0.008,0.004,0.483,0.65,0.27,0.5,0.07327891340476417,Cascade(1.009 -> 2.645(0%) -> 3.039(100%))
244,9.328539783326963,0.24624288154059815,0.20060674401873313,0.12921400641199268,0.03260205241721724,0.2157171625935314,0.04977841384805059,1,1,0.5,0.6666666666666666,0.001,0.001,0.008,0.004,0.483,0.65,0.27,0.5,0.07419389342700393,Cascade(1.039 -> 2.755(0%) -> 2.928(100%))
245,11.436939919581041,0.34444085284689063,0.2558793624273442,0.09980713771012588,0.034071244861378046,0.16452245905409643,0.03332653436798141,1,1,0.5,0.6666666666666666,0.001,0.001,0.008,0.004,0.483,0.65,0.27,0.5,0.05543653026543697,Cascade(1.116 -> 2.893(0%) -> 3.238(100%))
246,8.752577645676297,0.3954059344864836,0.24950533155630275,0.12709096267866044,0.03457575883726217,0.2149921638400726,0.03788921219291094,1,1,0.5,0.6666666666666666,0.001,0.001,0.008,0.004,0.483,0.65,0.27,0.5,0.07279736905271328,Cascade(1.068 -> 3.305(0%) -> 3.000(100%))
247,10.622794208919515,0.4548932460792841,0.28040156581931863,0.09474399584454021,0.029775394941274177,0.16968179140486897,0.029401235353766517,1,1,0.5,0.6666666666666666,0.001,0.001,0.008,0.004,0.483,0.65,0.27,0.5,0.052329946120009276,Cascade(1.136 -> 3.138(0%) -> 2.847(100%))
248,8.992111490936315,0.30378093293597275,0.16079749754373948,0.12061354156025894,0.023357861127060935,0.23031558254457218,0.039023778855920496,1,1,0.5,0.6666666666666666,0.001,0.001,0.008,0.004,0.483,0.65,0.27,0.5,0.06857823451947313,Cascade(1.066 -> 2.517(0%) -> 3.159(100%))
249,7.16537953104268,0.5011613669318677,0.2405320072232717,0.1334937943571177,0.03225164693357912,0.20932533642242646,0.021418036614927062,1,1,0.5,0.6666666666666666,0.001,0.001,0.008,0.004,0.483,0.65,0.27,0.5,0.07702991247366507,Cascade(0.998 -> 2.968(0%) -> 2.777(100%))
250,7.903651263903347,0.44302338468499325,0.2337186847585301,0.13489017886417526,0.0382144526923013,0.24835650890890726,0.04470707164481181,1,1,0.5,0.6666666666666666,0.001,0.001,0.008,0.004,0.483,0.65,0.27,0.5,0.07796130362216586,Cascade(1.103 -> 3.144(0%) -> 2.748(100%))
251,7.647505061915547,0.34755714691968365,0.20764502318079167,0.13226091124433206,0.03511559413584001,0.2365224814803673,0.011496549526008376,1,1,0.5,0.6666666666666666,0.001,0.001,0.008,0.004,0.483,0.65,0.27,0.5,0.07621006876271606,Cascade(1.003 -> 2.827(0%) -> 3.506(100%))
252,8.478034475406657,0.3325051733001257,0.15238264119604966,0.13114736533256252,0.023450939261220532,0.1881563111793477,0.029219166013096595,1,1,0.5,0.6666666666666666,0.001,0.001,0.008,0.004,0.483,0.65,0.27,0.5,0.07547158177333523,Cascade(1.101 -> 2.920(0%) -> 2.829(100%))
253,8.777398883008347,0.521729630330483,0.18785331634169006,0.11399521767975994,0.03681265521963075,0.23378344377080784,0.049249027486833845,1,1,0.5,0.6666666666666666,0.001,0.001,0.008,0.004,0.483,0.65,0.27,0.5,0.06433103971585404,Cascade(1.011 -> 2.980(0%) -> 2.846(100%))
254,9.445280961213617,0.6470440324524513,0.23356372615297916,0.09889020108884301,0.02254792438176118,0.18083804004441065,0.03462895231508338,1,1,0.5,0.6666666666666666,0.001,0.001,0.008,0.004,0.483,0.65,0.27,0.5,0.054871338214463744,Cascade(1.025 -> 3.345(0%) -> 2.919(100%))
255,11.356771597238104,0.47214615233888013,0.17784448880878184,0.09307895268004536,0.026210180845099493,0.15964894880055489,0.027824087670292902,1,1,0.5,0.6666666666666666,0.001,0.001,0.008,0.004,0.483,0.65,0.27,0.5,0.051315907241927666,Cascade(1.091 -> 3.166(0%) -> 3.126(100%))
256,7.73724827024143,0.5275343340330095,0.1413126146596912,0.12644823798779461,0.020076194919607198,0.2249689015814192,0.0034333871406321418,1,1,0.5,0.6666666666666666,0.001,0.001,0.008,0.004,0.483,0.65,0.27,0.5,0.0723759274988606,Cascade(1.057 -> 3.181(0%) -> 3.182(100%))
257,8.401583259156157,0.42374959954864894,0.17630419362984145,0.1297846633477694,0.03844853450961859,0.22265378542408992,0.03197217805311542,1,1,0.5,0.6666666666666666,0.001,0.001,0.008,0.004,0.483,0.65,0.27,0.5,0.07457042980135158,Cascade(1.118 -> 3.467(0%) -> 3.389(100%))
258,8.69217017560646,0.5538296719102674,0.260869964011064,0.11306106152621181,0.02919545089622568,0.20683917580247385,0.0292632236159151,1,1,0.5,0.6666666666666666,0.001,0.001,0.008,0.004,0.483,0.65,0.27,0.5,0.0637366658638097,Cascade(1.079 -> 2.740(0%) -> 3.873(100%))
259,11.094206050869424,0.4416912413647062,0.26243860804249775,0.09367267730022705,0.02763165547718654,0.24623675560620278,0.008446552762132957,1,1,0.5,0.6666666666666666,0.001,0.001,0.008,0.004,0.483,0.65,0.27,0.5,0.05167706796105095,Cascade(1.059 -> 2.806(0%) -> 3.399(100%))
260,12.547055543699837,0.24303327217892626,0.15649894941786152,0.09326010420040182,0.031290086591364466,0.2462820058017102,0.011226957324147248,1,1,0.5,0.6666666666666666,0.001,0.001,0.008,0.004,0.483,0.65,0.27,0.5,0.051426050972512606,Cascade(1.032 -> 2.780(0%) -> 2.601(100%))
261,9.157757420204238,0.38534904462248604,0.2064234379005412,0.11567487549107486,0.03876281508574443,0.20902065073190612,0.02914203411615013,1,1,0.5,0.6666666666666666,0.001,0.001,0.008,0.004,0.483,0.65,0.27,0.5,0.0654029113756721,Cascade(1.039 -> 2.626(0%) -> 2.979(100%))
262,11.263581201558063,0.39176481344842035,0.22428708410640258,0.09177205536098716,0.023959282268472826,0.15283439417051264,0.012419154692554557,1,1,0.5,0.6666666666666666,0.001,0.001,0.008,0.004,0.483,0.65,0.27,0.5,0.05052258956723864,Cascade(1.070 -> 3.241(0%) -> 2.947(100%))
263,13.180069821661304,0.25958914804340283,0.21280005160692206,0.09797824788572233,0.032476183048492306,0.23666610812877556,0.016140797270796182,1,1,0.5,0.6666666666666666,0.001,0.001,0.008,0.004,0.483,0.65,0.27,0.5,0.05431035762500626,Cascade(1.072 -> 2.995(0%) -> 2.791(100%))
264,8.506815972509226,0.44961359173686244,0.1837341513052387,0.11822707984116297,0.029005216251731848,0.2375309488224563,0.0178429711383165,1,1,0.5,0.6666666666666666,0.001,0.001,0.008,0.004,0.483,0.65,0.27,0.5,0.06703941408172656,Cascade(1.128 -> 2.910(0%) -> 2.775(100%))
265,8.614162910454134,0.3267000706515184,0.18648202606519845,0.13129425628502642,0.036561259975164746,0.24119923227833973,0.01199780485552351,1,1,0.5,0.6666666666666666,0.001,0.001,0.008,0.004,0.483,0.65,0.27,0.5,0.07556888925561465,Cascade(1.069 -> 3.089(0%) -> 3.592(100%))
266,10.336807741096225,0.32920684787323906,0.1980656946469925,0.11152968977036203,0.03391597011926141,0.23825836409227738,0.03374460619329092,1,1,0.5,0.6666666666666666,0.001,0.001,0.008,0.004,0.483,0.65,0.27,0.5,0.0627650065996778,Cascade(1.137 -> 2.962(0%) -> 2.556(100%))
267,11.105852273854648,0.32058328182461165,0.1646135529351953,0.10194695394986038,0.026434457446008766,0.19325738644682702,0.03535378690202715,1,1,0.5,0.6666666666666666,0.001,0.001,0.008,0.004,0.483,0.65,0.27,0.5,0.05675998450105393,Cascade(1.002 -> 2.570(0%) -> 3.360(100%))
268,8.942649643309613,0.47201958137276473,0.17814169766042634,0.1123685307587524,0.030137798681732567,0.2141647002001538,0.01558385730245964,1,1,0.5,0.6666666666666666,0.001,0.001,0.008,0.004,0.483,0.65,0.27,0.5,0.06329683807560679,Cascade(1.068 -> 2.747(0%) -> 2.832(100%))
269,9.220221539203271,0.4448343224943899,0.2668978624703266,0.1088702339111976,0.02711892515855096,0.1661295076404788,0.029579443273302284,1,1,0.5,0.6666666666666666,0.001,0.001,0.008,0.004,0.483,0.65,0.27,0.5,0.06108551080558817,Cascade(1.001 -> 3.126(0%) -> 2.918(100%))
270,9.919560995552306,0.27225423460962006,0.1978392505805618,0.11214313361989038,0.031080137930716515,0.19998900317160578,0.04847106417166894,1,1,0.5,0.6666666666666666,0.001,0.001,0.008,0.004,0.483,0.65,0.27,0.5,0.06315383586383147,Cascade(1.023 -> 3.038(0%) -> 2.878(100%))
271,11.002783415137785,0.6018616021291412,0.19473978922326424,0.09527109173889949,0.03250178028198217,0.23640486811576283,0.04366401903249366,1,1,0.5,0.6666666666666666,0.001,0.001,0.008,0.004,0.483,0.65,0.27,0.5,0.05265173405479639,Cascade(1.021 -> 3.042(0%) -> 3.097(100%))
272,7.308220040945526,0.20184974986184762,0.20342500458547932,0.13875511160410528,0.02717779443723763,0.15971255735536752,0.021442136290059984,1,1,0.5,0.6666666666666666,0.001,0.001,0.008,0.004,0.483,0.65,0.27,0.5,0.08055496959903158,Cascade(1.080 -> 3.085(0%) -> 3.068(100%))
273,10.322213041176191,0.41352794560154527,0.26139880154209416,0.10986571703931933,0.03461321659448042,0.2199172139110468,0.04597653859255169,1,1,0.5,0.6666666666666666,0.001,0.001,0.008,0.004,0.483,0.65,0.27,0.5,0.061713001702335485,Cascade(1.013 -> 2.974(0%) -> 2.991(100%))
274,7.952113847769507,0.5636653162881701,0.1530851013384814,0.12461691060310312,0.03873172606974238,0.24026703165788504,0.038159681001037254,1,1,0.5,0.6666666666666666,0.001,0.001,0.008,0.004,0.483,0.65,0.27,0.5,0.07117850008329443,Cascade(1.025 -> 3.345(0%) -> 2.919(100%))
275,9.762079124048062,0.5225991616999778,0.17689968791753097,0.0992860506073705,0.030380742620332742,0.17783233965117834,0.013503924380842363,1,1,0.5,0.6666666666666666,0.001,0.001,0.008,0.004,0.483,0.65,0.27,0.5,0.055115195381575464,Cascade(1.005 -> 3.083(0%) -> 3.328(100%))
276,7.495254139825245,0.4945912552010192,0.22135754946856226,0.12797684339324278,0.024827655863943747,0.2082475020577656,0.03354063417842744,1,1,0.5,0.6666666666666666,0.001,0.001,0.008,0.004,0.483,0.65,0.27,0.5,0.07337926890108637,Cascade(0.976 -> 2.991(0%) -> 3.446(100%))
277,8.918401291984155,0.5073153469038002,0.29995983739452997,0.1072230975738109,0.024394215938490546,0.15226227921265245,0.03691210477865671,1,1,0.5,0.6666666666666666,0.001,0.001,0.008,0.004,0.483,0.65,0.27,0.5,0.06005033132153396,Cascade(1.041 -> 3.012(0%) -> 3.205(100%))
278,8.656404433293659,0.7172831237718253,0.3072248452661141,0.1076810327189476,0.02395284555079265,0.18089626565260006,0.032941629873317446,1,1,0.5,0.6666666666666666,0.001,0.001,0.008,0.004,0.483,0.65,0.27,0.5,0.06033774730075387,Cascade(1.043 -> 3.157(0%) -> 3.149(100%))
279,7.148341721252097,0.5625138551360886,0.2539569371517215,0.13776080953800945,0.02475858408141553,0.21438936378070603,0.041070699769771644,1,1,0.5,0.6666666666666666,0.001,0.001,0.008,0.004,0.483,0.65,0.27,0.5,0.07988549526738442,Cascade(1.075 -> 3.298(0%) -> 3.077(100%))
280,10.726313416131488,0.40098571223144935,0.23393820672572505,0.10484539083782654,0.02796623281702198,0.2333537190046428,0.01906129203964923,1,1,0.5,0.6666666666666666,0.001,0.001,0.008,0.004,0.483,0.65,0.27,0.5,0.05856272746892146,Cascade(1.024 -> 2.788(0%) -> 2.951(100%))
281,10.351129257502311,0.5222834028953253,0.27369114085868074,0.10345975918391614,0.035771490270374906,0.15717664046425217,0.048955422064808955,1,1,0.5,0.6666666666666666,0.001,0.001,0.008,0.004,0.483,0.65,0.27,0.5,0.0576994508856295,Cascade(1.203 -> 3.164(0%) -> 3.195(100%))
282,9.762079124048062,0.5225991616999778,0.17689968791753097,0.0992860506073705,0.030380742620332742,0.17783233965117834,0.013503924380842363,1,1,0.5,0.6666666666666666,0.001,0.001,0.008,0.004,0.483,0.65,0.27,0.5,0.055115195381575464,Cascade(1.005 -> 3.083(0%) -> 3.328(100%))
283,8.394687735069859,0.31074386394331494,0.1849104300182303,0.1275779211321078,0.022062386587887197,0.1551293484461919,0.04997271630293023,1,1,0.5,0.6666666666666666,0.001,0.001,0.008,0.004,0.483,0.65,0.27,0.5,0.07311708645525149,Cascade(1.069 -> 3.319(0%) -> 2.927(100%))
284,8.158970921199277,0.5238236826120943,0.26821959301788395,0.12251907344003152,0.022503240367948204,0.1796843829401491,0.033621291874913736,1,1,0.5,0.6666666666666666,0.001,0.001,0.008,0.004,0.483,0.65,0.27,0.5,0.06981295531992306,Cascade(1.115 -> 2.718(0%) -> 3.006(100%))
285,10.446128917161252,0.5619118879862446,0.18436829972995677,0.10350567995714147,0.023787942120262372,0.2244551026191677,0.03481938456283826,1,1,0.5,0.6666666666666666,0.001,0.001,0.008,0.004,0.483,0.65,0.27,0.5,0.0577280177035551,Cascade(1.133 -> 2.947(0%) -> 2.876(100%))
286,8.329908030567209,0.7223014408943662,0.22539715267580188,0.11190777380720278,0.033462951502747335,0.20183555751808796,0.019524123204531098,1,1,0.5,0.6666666666666666,0.001,0.001,0.008,0.004,0.483,0.65,0.27,0.5,0.06300459034921704,Cascade(1.101 -> 3.324(0%) -> 2.876(100%))
287,9.37894454603061,0.452347283260418,0.20759156678955995,0.11510977573731417,0.03493756839476747,0.24360366010862505,0.04482396872488112,1,1,0.5,0.6666666666666666,0.001,0.001,0.008,0.004,0.483,0.65,0.27,0.5,0.06504183941755415,Cascade(1.027 -> 2.843(0%) -> 3.156(100%))
288,7.104396579694507,0.7251014186979052,0.16085432833736163,0.1261551234514268,0.02056658035245043,0.2068843246442064,0.036152700969894334,1,1,0.5,0.6666666666666666,0.001,0.001,0.008,0.004,0.483,0.65,0.27,0.5,0.07218393495061842,Cascade(1.014 -> 2.935(0%) -> 3.403(100%))
289,8.329908030567209,0.7223014408943662,0.22539715267580188,0.11190777380720278,0.033462951502747335,0.20183555751808796,0.019524123204531098,1,1,0.5,0.6666666666666666,0.001,0.001,0.008,0.004,0.483,0.65,0.27,0.5,0.06300459034921704,Cascade(1.101 -> 3.324(0%) -> 2.876(100%))
290,13.013790245536127,0.2265188727674491,0.2810906362988335,0.10308387618879036,0.03485909176333434,0.22964856696697916,0.0448353434224161,1,1,0.5,0.6666666666666666,0.001,0.001,0.008,0.004,0.483,0.65,0.27,0.5,0.057465728094374356,Cascade(1.002 -> 3.279(0%) -> 3.001(100%))
291,10.367241133042016,0.6496907649914663,0.15609817088729497,0.09503922569912125,0.031437015837132,0.21799231557291895,0.04207736139423123,1,1,0.5,0.6666666666666666,0.001,0.001,0.008,0.004,0.483,0.65,0.27,0.5,0.052510135465563774,Cascade(1.079 -> 3.020(0%) -> 3.099(100%))
292,10.954788878319578,0.3355159833050652,0.2168970552391648,0.09637056702457429,0.0297899528511483,0.21538604213480833,0.030516320373552553,1,1,0.5,0.6666666666666666,0.001,0.001,0.008,0.004,0.483,0.65,0.27,0.5,0.053324163372617306,Cascade(0.997 -> 2.943(0%) -> 2.881(100%))
293,12.133311155422161,0.2112528326629536,0.20683617069660226,0.11476619798683586,0.02316502844995563,0.22571678647108526,0.034564174656695285,1,1,0.5,0.6666666666666666,0.001,0.001,0.008,0.004,0.483,0.65,0.27,0.5,0.06482253486358014,Cascade(1.086 -> 2.840(0%) -> 2.624(100%))
294,8.573002978649159,0.38604788043422933,0.17557096089758276,0.13432940174401287,0.03220805677756629,0.21383856422945893,0.04150219255353063,1,1,0.5,0.6666666666666666,0.001,0.001,0.008,0.004,0.483,0.65,0.27,0.5,0.0775869031561416,Cascade(1.069 -> 2.936(0%) -> 3.351(100%))
295,8.641643311530496,0.21501318524974483,0.2593603100671699,0.11966196043295166,0.02880608627683745,0.16946938706023396,0.03568766898238578,1,1,0.5,0.6666666666666666,0.001,0.001,0.008,0.004,0.483,0.65,0.27,0.5,0.0679636429727617,Cascade(0.999 -> 3.188(0%) -> 3.074(100%))
296,11.63763686421274,0.3779085556288875,0.27089469899062474,0.10213733901745561,0.02742989880380168,0.2141968928741045,0.036701238879397365,1,1,0.5,0.6666666666666666,0.001,0.001,0.008,0.004,0.483,0.65,0.27,0.5,0.056878041295138175,Cascade(1.082 -> 3.295(0%) -> 2.916(100%))
297,10.634885438149041,0.3190402198963717,0.26553044220411576,0.10425621099699667,0.03840924085391427,0.15819360770034488,0.02736569252583157,1,1,0.5,0.6666666666666666,0.001,0.001,0.008,0.004,0.483,0.65,0.27,0.5,0.05819533011389215,Cascade(1.097 -> 3.095(0%) -> 2.923(100%))
298,11.69736978771223,0.2524120706005594,0.30889863873895634,0.10844084004163095,0.021287647494183774,0.24892121021385444,0.04005775662978943,1,1,0.5,0.6666666666666666,0.001,0.001,0.008,0.004,0.483,0.65,0.27,0.5,0.06081528008006476,Cascade(1.148 -> 2.720(0%) -> 3.242(100%))
299,8.119142095225957,0.45339585614559336,0.19636229178805342,0.12435322281661486,0.033320928303512715,0.19579472328463057,0.024976739319122605,1,1,0.5,0.6666666666666666,0.001,0.001,0.008,0.004,0.483,0.65,0.27,0.5,0.07100649831465763,Cascade(1.096 -> 2.880(0%) -> 2.706(100%))
