,beta,rr_sus_slat,rr_sus_rec,r_clear,r_sc,adr,rr_inf_asym,rr_inf_cs,r_lat,p_primary,r_stab,r_react,r_relapse,r_relapse_td,r_relapse_tc,p_cs_pub,p_dx_pub,p_dx_pri,dur_succ,r_act,cas
0,13.616038053029156,0.5564945426028094,0.18039094374412923,0.03197455958272834,0.16338996573122158,0.0939405788125929,1,1,0.5,0.14,0.6666666666666666,0.001,0.001,0.008,0.004,0.483,0.65,0.27,0.5,0.08139534883720931,Cascade(1.546 -> 2.446(0%) -> 3.379(100%))
1,14.445686818421963,0.4071897721307679,0.1912842250968646,0.026821282018644435,0.22075078307640067,0.036362138016972315,1,1,0.5,0.14,0.6666666666666666,0.001,0.001,0.008,0.004,0.483,0.65,0.27,0.5,0.08139534883720931,Cascade(1.317 -> 2.964(0%) -> 3.788(100%))
2,18.789570055653165,0.3152274360806409,0.2937235617909457,0.022770043385760278,0.18757182745101386,0.09083507096601305,1,1,0.5,0.14,0.6666666666666666,0.001,0.001,0.008,0.004,0.483,0.65,0.27,0.5,0.08139534883720931,Cascade(1.216 -> 2.790(0%) -> 3.894(100%))
3,15.938685714294234,0.5991610699500483,0.1649813193304296,0.03397311225353764,0.20128359614903849,0.08580456986948508,1,1,0.5,0.14,0.6666666666666666,0.001,0.001,0.008,0.004,0.483,0.65,0.27,0.5,0.08139534883720931,Cascade(1.515 -> 3.170(0%) -> 4.961(100%))
4,11.372891062837487,0.63215630476747,0.2908193179710857,0.03480972365532841,0.17712816944059648,0.05077592093642005,1,1,0.5,0.14,0.6666666666666666,0.001,0.001,0.008,0.004,0.483,0.65,0.27,0.5,0.08139534883720931,Cascade(1.538 -> 2.238(0%) -> 4.786(100%))
5,13.462805121983346,0.675082294873846,0.273917261027734,0.02535294749727331,0.17717895518742205,0.09364622760585269,1,1,0.5,0.14,0.6666666666666666,0.001,0.001,0.008,0.004,0.483,0.65,0.27,0.5,0.08139534883720931,Cascade(1.407 -> 3.254(0%) -> 4.138(100%))
6,13.206633689144535,0.48661282039109915,0.1580145973985681,0.03879473317295258,0.23727360478843149,0.027776105547859115,1,1,0.5,0.14,0.6666666666666666,0.001,0.001,0.008,0.004,0.483,0.65,0.27,0.5,0.08139534883720931,Cascade(1.283 -> 3.157(0%) -> 4.833(100%))
7,15.526552825904293,0.4064264287967617,0.2919848239881895,0.026192870964906963,0.16663262204876086,0.05222843350354285,1,1,0.5,0.14,0.6666666666666666,0.001,0.001,0.008,0.004,0.483,0.65,0.27,0.5,0.08139534883720931,Cascade(1.620 -> 2.331(0%) -> 4.219(100%))
8,14.475826058449075,0.47842577484924087,0.2626864173044501,0.027285918659715566,0.21477951822639513,0.0703043909186787,1,1,0.5,0.14,0.6666666666666666,0.001,0.001,0.008,0.004,0.483,0.65,0.27,0.5,0.08139534883720931,Cascade(1.313 -> 2.406(0%) -> 5.145(100%))
9,13.969809307628203,0.4385110696151807,0.2022243128744573,0.031232168030501477,0.2115765399265127,0.04765463338355911,1,1,0.5,0.14,0.6666666666666666,0.001,0.001,0.008,0.004,0.483,0.65,0.27,0.5,0.08139534883720931,Cascade(1.394 -> 3.166(0%) -> 4.269(100%))
10,12.989086884219025,0.6891393242995558,0.15991980304073877,0.020926851905344455,0.2287315938664444,0.08851243178463801,1,1,0.5,0.14,0.6666666666666666,0.001,0.001,0.008,0.004,0.483,0.65,0.27,0.5,0.08139534883720931,Cascade(1.310 -> 2.551(0%) -> 4.661(100%))
11,13.494622588704377,0.675702719151722,0.1838535147936286,0.03329363168574888,0.2012319153679524,0.08319107621600728,1,1,0.5,0.14,0.6666666666666666,0.001,0.001,0.008,0.004,0.483,0.65,0.27,0.5,0.08139534883720931,Cascade(1.406 -> 3.569(0%) -> 3.706(100%))
12,18.16566279793699,0.33677037308890756,0.27655901680332334,0.03312009717475776,0.19381299711186328,0.08713366040872156,1,1,0.5,0.14,0.6666666666666666,0.001,0.001,0.008,0.004,0.483,0.65,0.27,0.5,0.08139534883720931,Cascade(1.333 -> 3.245(0%) -> 3.702(100%))
13,19.878263477088495,0.23541455456171165,0.23093602521813875,0.030516910810022,0.17423601244590428,0.039376571408823564,1,1,0.5,0.14,0.6666666666666666,0.001,0.001,0.008,0.004,0.483,0.65,0.27,0.5,0.08139534883720931,Cascade(1.510 -> 2.718(0%) -> 5.461(100%))
14,11.554380995523132,0.6352215502254001,0.19269484496169795,0.029308131827397478,0.15438877617770633,0.06772142413757375,1,1,0.5,0.14,0.6666666666666666,0.001,0.001,0.008,0.004,0.483,0.65,0.27,0.5,0.08139534883720931,Cascade(1.155 -> 3.090(0%) -> 4.939(100%))
15,10.648752611312378,0.648532489552134,0.30893022182716057,0.039673780821959256,0.1624941164976141,0.04610204289311852,1,1,0.5,0.14,0.6666666666666666,0.001,0.001,0.008,0.004,0.483,0.65,0.27,0.5,0.08139534883720931,Cascade(1.432 -> 2.787(0%) -> 4.637(100%))
16,19.45359768871887,0.362677199453446,0.2234431833938056,0.03387706557665609,0.18228443927985827,0.09878166660149518,1,1,0.5,0.14,0.6666666666666666,0.001,0.001,0.008,0.004,0.483,0.65,0.27,0.5,0.08139534883720931,Cascade(1.424 -> 2.623(0%) -> 5.735(100%))
17,16.972341464080273,0.47109029607024294,0.2759731517866628,0.03244496931289328,0.16934442764328236,0.09305483540237325,1,1,0.5,0.14,0.6666666666666666,0.001,0.001,0.008,0.004,0.483,0.65,0.27,0.5,0.08139534883720931,Cascade(1.650 -> 2.657(0%) -> 4.552(100%))
18,12.976250881967099,0.47148959923409695,0.25498163109850247,0.0250113489915007,0.1644697049515716,0.037559840304761824,1,1,0.5,0.14,0.6666666666666666,0.001,0.001,0.008,0.004,0.483,0.65,0.27,0.5,0.08139534883720931,Cascade(1.418 -> 2.895(0%) -> 4.737(100%))
19,18.67672100581164,0.314583180341656,0.2852174856097399,0.038612687417153894,0.21073027283251922,0.05970386571460553,1,1,0.5,0.14,0.6666666666666666,0.001,0.001,0.008,0.004,0.483,0.65,0.27,0.5,0.08139534883720931,Cascade(1.570 -> 3.198(0%) -> 4.206(100%))
20,12.296155239133011,0.5870591969121306,0.2479839581229404,0.031574416757135834,0.18858945563532672,0.069100309301966,1,1,0.5,0.14,0.6666666666666666,0.001,0.001,0.008,0.004,0.483,0.65,0.27,0.5,0.08139534883720931,Cascade(1.348 -> 2.418(0%) -> 5.162(100%))
21,18.08387727982042,0.36350378960122576,0.20326094824570937,0.0253793623079396,0.2128313037232867,0.04765244100650942,1,1,0.5,0.14,0.6666666666666666,0.001,0.001,0.008,0.004,0.483,0.65,0.27,0.5,0.08139534883720931,Cascade(1.370 -> 3.136(0%) -> 5.628(100%))
22,28.114470546075445,0.2430822790968983,0.20022351698010957,0.032616885183541514,0.19466182520227332,0.09497990850025043,1,1,0.5,0.14,0.6666666666666666,0.001,0.001,0.008,0.004,0.483,0.65,0.27,0.5,0.08139534883720931,Cascade(1.629 -> 2.511(0%) -> 5.054(100%))
23,20.070983411323954,0.20955340292592084,0.23005769613835253,0.030389962097773726,0.2086334119844931,0.028754085069223195,1,1,0.5,0.14,0.6666666666666666,0.001,0.001,0.008,0.004,0.483,0.65,0.27,0.5,0.08139534883720931,Cascade(1.408 -> 2.767(0%) -> 4.176(100%))
24,26.269039346777376,0.2704335938341096,0.2826322597062125,0.025045460587010647,0.16954266987563973,0.0786567093107702,1,1,0.5,0.14,0.6666666666666666,0.001,0.001,0.008,0.004,0.483,0.65,0.27,0.5,0.08139534883720931,Cascade(1.575 -> 2.968(0%) -> 5.789(100%))
25,13.0565642136454,0.659276809597714,0.2454808600584797,0.023688182222115432,0.23206501560323078,0.06389535762316044,1,1,0.5,0.14,0.6666666666666666,0.001,0.001,0.008,0.004,0.483,0.65,0.27,0.5,0.08139534883720931,Cascade(1.407 -> 3.254(0%) -> 4.138(100%))
26,12.84746426312861,0.5618447947328998,0.27885845572966383,0.03229184800098726,0.15954085197702428,0.09020060367830823,1,1,0.5,0.14,0.6666666666666666,0.001,0.001,0.008,0.004,0.483,0.65,0.27,0.5,0.08139534883720931,Cascade(1.307 -> 3.210(0%) -> 3.627(100%))
27,16.93138728188896,0.36237821788352814,0.2293494028610714,0.02585292067579019,0.2193956707660618,0.04542289261588468,1,1,0.5,0.14,0.6666666666666666,0.001,0.001,0.008,0.004,0.483,0.65,0.27,0.5,0.08139534883720931,Cascade(1.538 -> 2.846(0%) -> 4.314(100%))
28,20.729666102263,0.27918723942564083,0.2671246661461939,0.030059654272842105,0.1876484358297525,0.056678679642704,1,1,0.5,0.14,0.6666666666666666,0.001,0.001,0.008,0.004,0.483,0.65,0.27,0.5,0.08139534883720931,Cascade(1.573 -> 2.483(0%) -> 5.316(100%))
29,11.880315625853987,0.5785060157468922,0.23225731427885077,0.031045443853035683,0.1714125819808668,0.04392419505166144,1,1,0.5,0.14,0.6666666666666666,0.001,0.001,0.008,0.004,0.483,0.65,0.27,0.5,0.08139534883720931,Cascade(1.228 -> 3.109(0%) -> 5.245(100%))
30,13.88604137172574,0.4193261381349852,0.20835109263275114,0.021703627903125088,0.19892877925385571,0.027359452325774226,1,1,0.5,0.14,0.6666666666666666,0.001,0.001,0.008,0.004,0.483,0.65,0.27,0.5,0.08139534883720931,Cascade(1.308 -> 2.689(0%) -> 5.821(100%))
31,21.84218793705179,0.24153605210739262,0.23491099823783687,0.035823146315714205,0.20636592138910861,0.08270234448915922,1,1,0.5,0.14,0.6666666666666666,0.001,0.001,0.008,0.004,0.483,0.65,0.27,0.5,0.08139534883720931,Cascade(1.302 -> 3.124(0%) -> 4.658(100%))
32,15.91672791526382,0.5123214519887298,0.17408531946793862,0.021981525762143232,0.17531119333226472,0.08587229429206059,1,1,0.5,0.14,0.6666666666666666,0.001,0.001,0.008,0.004,0.483,0.65,0.27,0.5,0.08139534883720931,Cascade(1.377 -> 3.017(0%) -> 5.468(100%))
33,13.969809307628203,0.4385110696151807,0.2022243128744573,0.031232168030501477,0.2115765399265127,0.04765463338355911,1,1,0.5,0.14,0.6666666666666666,0.001,0.001,0.008,0.004,0.483,0.65,0.27,0.5,0.08139534883720931,Cascade(1.394 -> 3.166(0%) -> 4.269(100%))
34,16.530019785124498,0.32769500856951944,0.25569050573398394,0.023404701623420194,0.21401217618706317,0.040726729669964476,1,1,0.5,0.14,0.6666666666666666,0.001,0.001,0.008,0.004,0.483,0.65,0.27,0.5,0.08139534883720931,Cascade(1.350 -> 2.961(0%) -> 4.838(100%))
35,15.855958599682259,0.33558375351090164,0.26216109656414444,0.020214291927289105,0.17619094857050688,0.0366360721608982,1,1,0.5,0.14,0.6666666666666666,0.001,0.001,0.008,0.004,0.483,0.65,0.27,0.5,0.08139534883720931,Cascade(1.308 -> 3.087(0%) -> 3.791(100%))
36,19.727274732084904,0.31788864233317926,0.20997058634015045,0.03480304522803918,0.17359376571686227,0.08074728181327737,1,1,0.5,0.14,0.6666666666666666,0.001,0.001,0.008,0.004,0.483,0.65,0.27,0.5,0.08139534883720931,Cascade(1.405 -> 2.979(0%) -> 3.904(100%))
37,15.854196193545814,0.5625587762120938,0.2201396541521956,0.03576554809906974,0.22030741673924048,0.0848612187414006,1,1,0.5,0.14,0.6666666666666666,0.001,0.001,0.008,0.004,0.483,0.65,0.27,0.5,0.08139534883720931,Cascade(1.503 -> 2.627(0%) -> 5.761(100%))
38,15.775587331381693,0.46610419370432393,0.15618083400956695,0.03908896545316359,0.20393304760734562,0.08153652681988184,1,1,0.5,0.14,0.6666666666666666,0.001,0.001,0.008,0.004,0.483,0.65,0.27,0.5,0.08139534883720931,Cascade(1.369 -> 2.968(0%) -> 3.747(100%))
39,19.237608986410635,0.4345480648233815,0.14589545520996994,0.03861352847021081,0.1931047360126473,0.09054099708663399,1,1,0.5,0.14,0.6666666666666666,0.001,0.001,0.008,0.004,0.483,0.65,0.27,0.5,0.08139534883720931,Cascade(1.617 -> 2.834(0%) -> 5.073(100%))
40,16.16042695713058,0.33088639345919274,0.25159273217779027,0.03967336625015141,0.19149727516105397,0.05420472228011775,1,1,0.5,0.14,0.6666666666666666,0.001,0.001,0.008,0.004,0.483,0.65,0.27,0.5,0.08139534883720931,Cascade(1.228 -> 3.109(0%) -> 5.245(100%))
41,11.851836903187188,0.7119879729854922,0.22757201172989278,0.027102588827688158,0.2411671163757474,0.0897700170678999,1,1,0.5,0.14,0.6666666666666666,0.001,0.001,0.008,0.004,0.483,0.65,0.27,0.5,0.08139534883720931,Cascade(1.449 -> 2.403(0%) -> 4.020(100%))
42,13.88604137172574,0.4193261381349852,0.20835109263275114,0.021703627903125088,0.19892877925385571,0.027359452325774226,1,1,0.5,0.14,0.6666666666666666,0.001,0.001,0.008,0.004,0.483,0.65,0.27,0.5,0.08139534883720931,Cascade(1.308 -> 2.689(0%) -> 5.821(100%))
43,15.043883917804823,0.49887182479333475,0.2958870032351375,0.030793441680863058,0.18878882897951907,0.08583355084038384,1,1,0.5,0.14,0.6666666666666666,0.001,0.001,0.008,0.004,0.483,0.65,0.27,0.5,0.08139534883720931,Cascade(1.422 -> 3.352(0%) -> 3.747(100%))
44,15.641869675075549,0.2509805969507179,0.28440273463750887,0.03906368998094109,0.23701783522998524,0.02817263460696455,1,1,0.5,0.14,0.6666666666666666,0.001,0.001,0.008,0.004,0.483,0.65,0.27,0.5,0.08139534883720931,Cascade(1.513 -> 2.555(0%) -> 3.830(100%))
45,20.356741329976774,0.23034285767495472,0.21174349841592588,0.03978651664102765,0.23681389029013256,0.05264286560121283,1,1,0.5,0.14,0.6666666666666666,0.001,0.001,0.008,0.004,0.483,0.65,0.27,0.5,0.08139534883720931,Cascade(1.329 -> 2.902(0%) -> 4.366(100%))
46,19.62818952269709,0.30577689944341646,0.29243075317224393,0.022061085126557467,0.23808159555718245,0.061068916885449936,1,1,0.5,0.14,0.6666666666666666,0.001,0.001,0.008,0.004,0.483,0.65,0.27,0.5,0.08139534883720931,Cascade(1.525 -> 2.500(0%) -> 5.439(100%))
47,13.774896047881375,0.39667042140716036,0.2650896634765511,0.024211061859189545,0.20420699824160482,0.04951451892745596,1,1,0.5,0.14,0.6666666666666666,0.001,0.001,0.008,0.004,0.483,0.65,0.27,0.5,0.08139534883720931,Cascade(1.268 -> 2.881(0%) -> 4.211(100%))
48,19.63894523315998,0.2804975238710706,0.21696352545378478,0.03935118280796873,0.18852421020605759,0.08853094537596899,1,1,0.5,0.14,0.6666666666666666,0.001,0.001,0.008,0.004,0.483,0.65,0.27,0.5,0.08139534883720931,Cascade(1.315 -> 2.723(0%) -> 4.196(100%))
49,12.976250881967099,0.47148959923409695,0.25498163109850247,0.0250113489915007,0.1644697049515716,0.037559840304761824,1,1,0.5,0.14,0.6666666666666666,0.001,0.001,0.008,0.004,0.483,0.65,0.27,0.5,0.08139534883720931,Cascade(1.418 -> 2.895(0%) -> 4.737(100%))
50,17.574127159031924,0.3948635630633637,0.15373139113343462,0.031510983909540304,0.1906644258642166,0.08075079891833231,1,1,0.5,0.14,0.6666666666666666,0.001,0.001,0.008,0.004,0.483,0.65,0.27,0.5,0.08139534883720931,Cascade(1.298 -> 3.510(0%) -> 5.483(100%))
51,14.156555960723722,0.45746051875974825,0.20626866656098705,0.03909501417023262,0.1863226396557719,0.06378461164330797,1,1,0.5,0.14,0.6666666666666666,0.001,0.001,0.008,0.004,0.483,0.65,0.27,0.5,0.08139534883720931,Cascade(1.333 -> 2.860(0%) -> 3.729(100%))
52,13.154335879324073,0.491741758852011,0.22269323297053736,0.029694667559944907,0.2095053315913018,0.03780574922306026,1,1,0.5,0.14,0.6666666666666666,0.001,0.001,0.008,0.004,0.483,0.65,0.27,0.5,0.08139534883720931,Cascade(1.366 -> 2.469(0%) -> 5.634(100%))
53,20.65349857131062,0.2892407637198632,0.26911685623717546,0.02175465592684677,0.20018539881704556,0.08563359016759269,1,1,0.5,0.14,0.6666666666666666,0.001,0.001,0.008,0.004,0.483,0.65,0.27,0.5,0.08139534883720931,Cascade(1.152 -> 3.214(0%) -> 4.995(100%))
54,19.988680848904476,0.24415277996907309,0.21168853715035238,0.03957884795959939,0.2287908701329599,0.043492702099552985,1,1,0.5,0.14,0.6666666666666666,0.001,0.001,0.008,0.004,0.483,0.65,0.27,0.5,0.08139534883720931,Cascade(1.447 -> 2.695(0%) -> 4.996(100%))
55,13.416917617072274,0.5372946742915052,0.19996329811632096,0.028147961136136306,0.17152405311480803,0.0917109960270307,1,1,0.5,0.14,0.6666666666666666,0.001,0.001,0.008,0.004,0.483,0.65,0.27,0.5,0.08139534883720931,Cascade(1.485 -> 2.238(0%) -> 4.143(100%))
56,19.45359768871887,0.362677199453446,0.2234431833938056,0.03387706557665609,0.18228443927985827,0.09878166660149518,1,1,0.5,0.14,0.6666666666666666,0.001,0.001,0.008,0.004,0.483,0.65,0.27,0.5,0.08139534883720931,Cascade(1.424 -> 2.623(0%) -> 5.735(100%))
57,12.896454112955231,0.519143419411117,0.3040816495907756,0.022978624012486567,0.17377566117355156,0.028231416050733284,1,1,0.5,0.14,0.6666666666666666,0.001,0.001,0.008,0.004,0.483,0.65,0.27,0.5,0.08139534883720931,Cascade(1.425 -> 2.597(0%) -> 6.274(100%))
58,11.805708767022223,0.5319024519678435,0.170185593976002,0.03536921342695108,0.23147367612957254,0.03587983870241201,1,1,0.5,0.14,0.6666666666666666,0.001,0.001,0.008,0.004,0.483,0.65,0.27,0.5,0.08139534883720931,Cascade(1.406 -> 2.447(0%) -> 4.088(100%))
59,15.044059083645717,0.5272631218284107,0.2466318250686875,0.032282599140553814,0.16818004760210134,0.09332423477025581,1,1,0.5,0.14,0.6666666666666666,0.001,0.001,0.008,0.004,0.483,0.65,0.27,0.5,0.08139534883720931,Cascade(1.424 -> 2.623(0%) -> 5.735(100%))
60,18.896075113984203,0.2275189961467963,0.20787375452986642,0.03501151744533531,0.21230102831940872,0.05940920992349391,1,1,0.5,0.14,0.6666666666666666,0.001,0.001,0.008,0.004,0.483,0.65,0.27,0.5,0.08139534883720931,Cascade(1.346 -> 2.659(0%) -> 4.086(100%))
61,21.419527668451092,0.29893635173584016,0.20627712327123315,0.02457287058343532,0.19089438141066778,0.06419115973536021,1,1,0.5,0.14,0.6666666666666666,0.001,0.001,0.008,0.004,0.483,0.65,0.27,0.5,0.08139534883720931,Cascade(1.632 -> 3.080(0%) -> 3.775(100%))
62,19.114363051433873,0.33301801778723344,0.2923914357637535,0.03009029692244451,0.18203183612071536,0.07571819625881769,1,1,0.5,0.14,0.6666666666666666,0.001,0.001,0.008,0.004,0.483,0.65,0.27,0.5,0.08139534883720931,Cascade(1.292 -> 3.502(0%) -> 4.113(100%))
63,13.740126144898372,0.4352962083451134,0.1896281413469565,0.036387903192744736,0.20253875451299025,0.03667599441925227,1,1,0.5,0.14,0.6666666666666666,0.001,0.001,0.008,0.004,0.483,0.65,0.27,0.5,0.08139534883720931,Cascade(1.349 -> 2.766(0%) -> 4.669(100%))
64,18.17760921111089,0.3111347524647634,0.17698196200078667,0.03780702870506612,0.19160801555834747,0.06411332326959854,1,1,0.5,0.14,0.6666666666666666,0.001,0.001,0.008,0.004,0.483,0.65,0.27,0.5,0.08139534883720931,Cascade(1.510 -> 3.108(0%) -> 3.687(100%))
65,15.365790897610937,0.4764361702115552,0.23287358909027378,0.023434130963645376,0.18227130271051908,0.059202815436472545,1,1,0.5,0.14,0.6666666666666666,0.001,0.001,0.008,0.004,0.483,0.65,0.27,0.5,0.08139534883720931,Cascade(1.362 -> 3.159(0%) -> 4.585(100%))
66,18.896075113984203,0.2275189961467963,0.20787375452986642,0.03501151744533531,0.21230102831940872,0.05940920992349391,1,1,0.5,0.14,0.6666666666666666,0.001,0.001,0.008,0.004,0.483,0.65,0.27,0.5,0.08139534883720931,Cascade(1.346 -> 2.659(0%) -> 4.086(100%))
67,19.878263477088495,0.23541455456171165,0.23093602521813875,0.030516910810022,0.17423601244590428,0.039376571408823564,1,1,0.5,0.14,0.6666666666666666,0.001,0.001,0.008,0.004,0.483,0.65,0.27,0.5,0.08139534883720931,Cascade(1.510 -> 2.718(0%) -> 5.461(100%))
68,16.00942547737925,0.440309516084441,0.266436615968644,0.031172496050074907,0.20863749454743322,0.08235592752983359,1,1,0.5,0.14,0.6666666666666666,0.001,0.001,0.008,0.004,0.483,0.65,0.27,0.5,0.08139534883720931,Cascade(1.307 -> 2.517(0%) -> 5.194(100%))
69,22.987019249738076,0.26996475906253364,0.22158371958272233,0.021525887293808613,0.23877470891089936,0.0657312273218257,1,1,0.5,0.14,0.6666666666666666,0.001,0.001,0.008,0.004,0.483,0.65,0.27,0.5,0.08139534883720931,Cascade(1.422 -> 2.391(0%) -> 5.827(100%))
70,17.253725068089626,0.35543800773325107,0.26314501789462563,0.028464923292436353,0.2250376284500175,0.07294338923588635,1,1,0.5,0.14,0.6666666666666666,0.001,0.001,0.008,0.004,0.483,0.65,0.27,0.5,0.08139534883720931,Cascade(1.386 -> 2.513(0%) -> 5.005(100%))
71,12.976250881967099,0.47148959923409695,0.25498163109850247,0.0250113489915007,0.1644697049515716,0.037559840304761824,1,1,0.5,0.14,0.6666666666666666,0.001,0.001,0.008,0.004,0.483,0.65,0.27,0.5,0.08139534883720931,Cascade(1.418 -> 2.895(0%) -> 4.737(100%))
72,10.904355074359303,0.7444527390365633,0.21606857185314807,0.026872781804778256,0.20960823353851832,0.05065294406405564,1,1,0.5,0.14,0.6666666666666666,0.001,0.001,0.008,0.004,0.483,0.65,0.27,0.5,0.08139534883720931,Cascade(1.355 -> 2.552(0%) -> 5.126(100%))
73,19.862233366150555,0.2837610672597663,0.16965245712054283,0.032631773760249845,0.23365181036543153,0.04775375036912556,1,1,0.5,0.14,0.6666666666666666,0.001,0.001,0.008,0.004,0.483,0.65,0.27,0.5,0.08139534883720931,Cascade(1.545 -> 2.770(0%) -> 4.096(100%))
74,15.043883917804823,0.49887182479333475,0.2958870032351375,0.030793441680863058,0.18878882897951907,0.08583355084038384,1,1,0.5,0.14,0.6666666666666666,0.001,0.001,0.008,0.004,0.483,0.65,0.27,0.5,0.08139534883720931,Cascade(1.422 -> 3.352(0%) -> 3.747(100%))
75,16.75729966000456,0.44535902064043803,0.1624973971977998,0.03579231968218207,0.19440837362612223,0.08542303543139851,1,1,0.5,0.14,0.6666666666666666,0.001,0.001,0.008,0.004,0.483,0.65,0.27,0.5,0.08139534883720931,Cascade(1.367 -> 2.504(0%) -> 4.771(100%))
76,19.301528193091663,0.2533531865783267,0.14443711248261476,0.03479476602598535,0.2182364876083435,0.057940434896712315,1,1,0.5,0.14,0.6666666666666666,0.001,0.001,0.008,0.004,0.483,0.65,0.27,0.5,0.08139534883720931,Cascade(1.221 -> 2.709(0%) -> 4.527(100%))
77,10.90153772960132,0.7175996064777356,0.29277530705693666,0.03791011832493846,0.1547322289604365,0.0407516093358081,1,1,0.5,0.14,0.6666666666666666,0.001,0.001,0.008,0.004,0.483,0.65,0.27,0.5,0.08139534883720931,Cascade(1.379 -> 3.236(0%) -> 4.862(100%))
78,21.923430549210558,0.23332928980093012,0.19565996503797967,0.0289234665715239,0.23964741876572612,0.07775074198034497,1,1,0.5,0.14,0.6666666666666666,0.001,0.001,0.008,0.004,0.483,0.65,0.27,0.5,0.08139534883720931,Cascade(1.385 -> 2.531(0%) -> 4.118(100%))
79,12.553072449818877,0.7012593946630449,0.2011914595013395,0.03308582212414369,0.1709789198654706,0.08969824569420956,1,1,0.5,0.14,0.6666666666666666,0.001,0.001,0.008,0.004,0.483,0.65,0.27,0.5,0.08139534883720931,Cascade(1.420 -> 2.548(0%) -> 4.460(100%))
80,11.98544821651234,0.5817460146188916,0.22260962903737508,0.03522941952970452,0.15919995884720076,0.07173321209565622,1,1,0.5,0.14,0.6666666666666666,0.001,0.001,0.008,0.004,0.483,0.65,0.27,0.5,0.08139534883720931,Cascade(1.428 -> 2.471(0%) -> 4.726(100%))
81,14.570339605322703,0.4915676251902304,0.2584729611348074,0.03364404056015195,0.2162861249893331,0.09229532633127487,1,1,0.5,0.14,0.6666666666666666,0.001,0.001,0.008,0.004,0.483,0.65,0.27,0.5,0.08139534883720931,Cascade(1.711 -> 2.142(0%) -> 3.469(100%))
82,17.94854541722378,0.3219023118739737,0.2466346782695869,0.02656235976497129,0.1849323470196594,0.08552071138356335,1,1,0.5,0.14,0.6666666666666666,0.001,0.001,0.008,0.004,0.483,0.65,0.27,0.5,0.08139534883720931,Cascade(1.324 -> 2.234(0%) -> 4.562(100%))
83,13.314904749280423,0.5465340684213659,0.1449142094766573,0.021846681659240738,0.2121723594182039,0.0703910620729895,1,1,0.5,0.14,0.6666666666666666,0.001,0.001,0.008,0.004,0.483,0.65,0.27,0.5,0.08139534883720931,Cascade(1.309 -> 2.947(0%) -> 3.997(100%))
84,19.749381858148237,0.2464939994959122,0.14382823299531522,0.03038437676720372,0.23243618877380073,0.05907728812329361,1,1,0.5,0.14,0.6666666666666666,0.001,0.001,0.008,0.004,0.483,0.65,0.27,0.5,0.08139534883720931,Cascade(1.335 -> 2.747(0%) -> 4.261(100%))
85,18.888466917754325,0.3856946689763404,0.1575962252480718,0.02941301611350967,0.16976552904429007,0.08333059987782,1,1,0.5,0.14,0.6666666666666666,0.001,0.001,0.008,0.004,0.483,0.65,0.27,0.5,0.08139534883720931,Cascade(1.278 -> 2.828(0%) -> 6.748(100%))
86,18.500091835366632,0.42805420749035444,0.14903523298521035,0.03312132037279252,0.1587869539872295,0.09740077258747251,1,1,0.5,0.14,0.6666666666666666,0.001,0.001,0.008,0.004,0.483,0.65,0.27,0.5,0.08139534883720931,Cascade(1.585 -> 3.205(0%) -> 4.176(100%))
87,15.526552825904293,0.4064264287967617,0.2919848239881895,0.026192870964906963,0.16663262204876086,0.05222843350354285,1,1,0.5,0.14,0.6666666666666666,0.001,0.001,0.008,0.004,0.483,0.65,0.27,0.5,0.08139534883720931,Cascade(1.620 -> 2.331(0%) -> 4.219(100%))
88,17.20395220922451,0.26617056633856434,0.23925016410980898,0.027373981540886088,0.20582900254779202,0.029847054698020795,1,1,0.5,0.14,0.6666666666666666,0.001,0.001,0.008,0.004,0.483,0.65,0.27,0.5,0.08139534883720931,Cascade(1.311 -> 2.922(0%) -> 3.727(100%))
89,12.327378112858824,0.4655309156999371,0.26666360041130327,0.033370841740680515,0.17052840390443155,0.07423952001285233,1,1,0.5,0.14,0.6666666666666666,0.001,0.001,0.008,0.004,0.483,0.65,0.27,0.5,0.08139534883720931,Cascade(1.317 -> 2.167(0%) -> 4.859(100%))
90,10.90153772960132,0.7175996064777356,0.29277530705693666,0.03791011832493846,0.1547322289604365,0.0407516093358081,1,1,0.5,0.14,0.6666666666666666,0.001,0.001,0.008,0.004,0.483,0.65,0.27,0.5,0.08139534883720931,Cascade(1.379 -> 3.236(0%) -> 4.862(100%))
91,13.259458374613148,0.4950605452555174,0.3016805712981708,0.031966539346429415,0.21300213642678267,0.05695174066798539,1,1,0.5,0.14,0.6666666666666666,0.001,0.001,0.008,0.004,0.483,0.65,0.27,0.5,0.08139534883720931,Cascade(1.175 -> 3.457(0%) -> 4.658(100%))
92,21.69927588704782,0.31402901564659064,0.18305959304667196,0.03980934825769474,0.20344081845052436,0.09132167819970173,1,1,0.5,0.14,0.6666666666666666,0.001,0.001,0.008,0.004,0.483,0.65,0.27,0.5,0.08139534883720931,Cascade(1.394 -> 3.972(0%) -> 3.551(100%))
93,12.896454112955231,0.519143419411117,0.3040816495907756,0.022978624012486567,0.17377566117355156,0.028231416050733284,1,1,0.5,0.14,0.6666666666666666,0.001,0.001,0.008,0.004,0.483,0.65,0.27,0.5,0.08139534883720931,Cascade(1.425 -> 2.597(0%) -> 6.274(100%))
94,18.500091835366632,0.42805420749035444,0.14903523298521035,0.03312132037279252,0.1587869539872295,0.09740077258747251,1,1,0.5,0.14,0.6666666666666666,0.001,0.001,0.008,0.004,0.483,0.65,0.27,0.5,0.08139534883720931,Cascade(1.585 -> 3.205(0%) -> 4.176(100%))
95,23.10318256077636,0.25503932929959927,0.2777463218531183,0.029830828533257796,0.17786336869973896,0.08443018085948333,1,1,0.5,0.14,0.6666666666666666,0.001,0.001,0.008,0.004,0.483,0.65,0.27,0.5,0.08139534883720931,Cascade(1.492 -> 2.379(0%) -> 4.298(100%))
96,22.395765610763558,0.28942443909081417,0.272436041854187,0.024768945912519783,0.242171550334844,0.0729570230968991,1,1,0.5,0.14,0.6666666666666666,0.001,0.001,0.008,0.004,0.483,0.65,0.27,0.5,0.08139534883720931,Cascade(1.633 -> 2.471(0%) -> 4.929(100%))
97,22.199299046578854,0.2486813600644653,0.2205436560755279,0.029363964643067914,0.19511813077332282,0.08517975745864065,1,1,0.5,0.14,0.6666666666666666,0.001,0.001,0.008,0.004,0.483,0.65,0.27,0.5,0.08139534883720931,Cascade(1.368 -> 2.576(0%) -> 4.647(100%))
98,12.976250881967099,0.47148959923409695,0.25498163109850247,0.0250113489915007,0.1644697049515716,0.037559840304761824,1,1,0.5,0.14,0.6666666666666666,0.001,0.001,0.008,0.004,0.483,0.65,0.27,0.5,0.08139534883720931,Cascade(1.418 -> 2.895(0%) -> 4.737(100%))
99,15.136610941842285,0.4140434653765017,0.1492068539346113,0.032504858718454176,0.19632868559105593,0.0794690639143853,1,1,0.5,0.14,0.6666666666666666,0.001,0.001,0.008,0.004,0.483,0.65,0.27,0.5,0.08139534883720931,Cascade(1.312 -> 2.697(0%) -> 4.266(100%))
100,14.270608618861134,0.45293780545381,0.1827733722800624,0.02298221236499902,0.1506467531181366,0.0662188808337978,1,1,0.5,0.14,0.6666666666666666,0.001,0.001,0.008,0.004,0.483,0.65,0.27,0.5,0.08139534883720931,Cascade(1.239 -> 3.113(0%) -> 3.927(100%))
101,18.256311867020596,0.2796747712971557,0.169285434504991,0.026762638243044368,0.16425856124398977,0.07124594097652472,1,1,0.5,0.14,0.6666666666666666,0.001,0.001,0.008,0.004,0.483,0.65,0.27,0.5,0.08139534883720931,Cascade(1.370 -> 2.184(0%) -> 5.370(100%))
102,13.565117299474327,0.6953396000161802,0.24230405362819296,0.023475179188028324,0.22781862657848526,0.07963740995086846,1,1,0.5,0.14,0.6666666666666666,0.001,0.001,0.008,0.004,0.483,0.65,0.27,0.5,0.08139534883720931,Cascade(1.506 -> 2.783(0%) -> 5.417(100%))
103,23.709738845723088,0.24762838827224332,0.19088651369457715,0.029229981478439485,0.16157725218584923,0.07221720135319261,1,1,0.5,0.14,0.6666666666666666,0.001,0.001,0.008,0.004,0.483,0.65,0.27,0.5,0.08139534883720931,Cascade(1.266 -> 3.346(0%) -> 5.664(100%))
104,12.989736895362034,0.4856312005819356,0.2240941525036492,0.038017153332912064,0.1683320365730628,0.061716098710959885,1,1,0.5,0.14,0.6666666666666666,0.001,0.001,0.008,0.004,0.483,0.65,0.27,0.5,0.08139534883720931,Cascade(1.392 -> 2.774(0%) -> 3.852(100%))
105,15.663964943376065,0.5014049461767072,0.1899342475126863,0.027034822081200744,0.1815631032328056,0.09792669835660278,1,1,0.5,0.14,0.6666666666666666,0.001,0.001,0.008,0.004,0.483,0.65,0.27,0.5,0.08139534883720931,Cascade(1.262 -> 3.172(0%) -> 4.264(100%))
106,15.988087817686443,0.3599484145085631,0.26945206472036914,0.02205829730006948,0.20405524585160778,0.03824609643544066,1,1,0.5,0.14,0.6666666666666666,0.001,0.001,0.008,0.004,0.483,0.65,0.27,0.5,0.08139534883720931,Cascade(1.282 -> 2.858(0%) -> 5.922(100%))
107,20.636686498932857,0.2660704309766004,0.22878899993074603,0.02168426213941354,0.21921460845483154,0.054020055465854144,1,1,0.5,0.14,0.6666666666666666,0.001,0.001,0.008,0.004,0.483,0.65,0.27,0.5,0.08139534883720931,Cascade(1.298 -> 2.678(0%) -> 4.977(100%))
108,12.84746426312861,0.5618447947328998,0.27885845572966383,0.03229184800098726,0.15954085197702428,0.09020060367830823,1,1,0.5,0.14,0.6666666666666666,0.001,0.001,0.008,0.004,0.483,0.65,0.27,0.5,0.08139534883720931,Cascade(1.307 -> 3.210(0%) -> 3.627(100%))
109,10.90153772960132,0.7175996064777356,0.29277530705693666,0.03791011832493846,0.1547322289604365,0.0407516093358081,1,1,0.5,0.14,0.6666666666666666,0.001,0.001,0.008,0.004,0.483,0.65,0.27,0.5,0.08139534883720931,Cascade(1.379 -> 3.236(0%) -> 4.862(100%))
110,21.40305428511487,0.31449683175970267,0.2298910887726852,0.03313946826019024,0.22630199198788864,0.08435326275802818,1,1,0.5,0.14,0.6666666666666666,0.001,0.001,0.008,0.004,0.483,0.65,0.27,0.5,0.08139534883720931,Cascade(1.507 -> 2.438(0%) -> 4.597(100%))
111,15.835957415340513,0.434849958052226,0.14409005879478312,0.03258915731200167,0.20036734055269328,0.07353334355967625,1,1,0.5,0.14,0.6666666666666666,0.001,0.001,0.008,0.004,0.483,0.65,0.27,0.5,0.08139534883720931,Cascade(1.435 -> 2.858(0%) -> 3.490(100%))
112,20.38325201258338,0.2694514078740673,0.22605242166944078,0.03457019223181555,0.2050563616672839,0.042175110813693795,1,1,0.5,0.14,0.6666666666666666,0.001,0.001,0.008,0.004,0.483,0.65,0.27,0.5,0.08139534883720931,Cascade(1.366 -> 3.575(0%) -> 4.634(100%))
113,13.465262067796688,0.5656441284506499,0.16816310116056382,0.028168862956365524,0.15845451248773498,0.08510634049615315,1,1,0.5,0.14,0.6666666666666666,0.001,0.001,0.008,0.004,0.483,0.65,0.27,0.5,0.08139534883720931,Cascade(1.349 -> 3.346(0%) -> 3.637(100%))
114,22.84042516649414,0.28606212362945765,0.27868646205365044,0.031506298198143094,0.19577256612870336,0.09792119684489328,1,1,0.5,0.14,0.6666666666666666,0.001,0.001,0.008,0.004,0.483,0.65,0.27,0.5,0.08139534883720931,Cascade(1.548 -> 2.672(0%) -> 4.056(100%))
115,12.976250881967099,0.47148959923409695,0.25498163109850247,0.0250113489915007,0.1644697049515716,0.037559840304761824,1,1,0.5,0.14,0.6666666666666666,0.001,0.001,0.008,0.004,0.483,0.65,0.27,0.5,0.08139534883720931,Cascade(1.418 -> 2.895(0%) -> 4.737(100%))
116,17.936883455179473,0.30373209185609695,0.2109782043329147,0.026442785233025762,0.1657548168395269,0.0765071497433687,1,1,0.5,0.14,0.6666666666666666,0.001,0.001,0.008,0.004,0.483,0.65,0.27,0.5,0.08139534883720931,Cascade(1.351 -> 2.195(0%) -> 4.990(100%))
117,26.32667668392166,0.2400077447448868,0.1837752669246532,0.03254945952695761,0.19639207452906726,0.08666716491112227,1,1,0.5,0.14,0.6666666666666666,0.001,0.001,0.008,0.004,0.483,0.65,0.27,0.5,0.08139534883720931,Cascade(1.615 -> 2.560(0%) -> 4.834(100%))
118,9.979400489754017,0.7508460992611694,0.17778845943350993,0.028992796206661738,0.21700253147565804,0.04651254293582234,1,1,0.5,0.14,0.6666666666666666,0.001,0.001,0.008,0.004,0.483,0.65,0.27,0.5,0.08139534883720931,Cascade(1.671 -> 2.021(0%) -> 3.585(100%))
119,17.686784478191758,0.37855723069948244,0.22963538319355808,0.031972134993231885,0.21829004934015434,0.07273261931938324,1,1,0.5,0.14,0.6666666666666666,0.001,0.001,0.008,0.004,0.483,0.65,0.27,0.5,0.08139534883720931,Cascade(1.460 -> 2.895(0%) -> 4.124(100%))
120,14.570339605322703,0.4915676251902304,0.2584729611348074,0.03364404056015195,0.2162861249893331,0.09229532633127487,1,1,0.5,0.14,0.6666666666666666,0.001,0.001,0.008,0.004,0.483,0.65,0.27,0.5,0.08139534883720931,Cascade(1.711 -> 2.142(0%) -> 3.469(100%))
121,12.989736895362034,0.4856312005819356,0.2240941525036492,0.038017153332912064,0.1683320365730628,0.061716098710959885,1,1,0.5,0.14,0.6666666666666666,0.001,0.001,0.008,0.004,0.483,0.65,0.27,0.5,0.08139534883720931,Cascade(1.392 -> 2.774(0%) -> 3.852(100%))
122,10.992700940865229,0.7429937680907552,0.24656638182523274,0.030081743212097632,0.16254147873838906,0.04878706183965619,1,1,0.5,0.14,0.6666666666666666,0.001,0.001,0.008,0.004,0.483,0.65,0.27,0.5,0.08139534883720931,Cascade(1.608 -> 2.387(0%) -> 3.900(100%))
123,14.665203281309452,0.47250897192888597,0.24163942782920683,0.026800695170685455,0.2208664747241622,0.0517724285337384,1,1,0.5,0.14,0.6666666666666666,0.001,0.001,0.008,0.004,0.483,0.65,0.27,0.5,0.08139534883720931,Cascade(1.427 -> 2.965(0%) -> 4.182(100%))
124,15.983586354716344,0.38584415901770186,0.2375707141939351,0.02253853840784472,0.20697683303836195,0.051889228777697666,1,1,0.5,0.14,0.6666666666666666,0.001,0.001,0.008,0.004,0.483,0.65,0.27,0.5,0.08139534883720931,Cascade(1.412 -> 2.407(0%) -> 6.416(100%))
125,15.451908233579742,0.4730576646821981,0.15943377215547722,0.025621151315815067,0.2096489402771352,0.08545716722514683,1,1,0.5,0.14,0.6666666666666666,0.001,0.001,0.008,0.004,0.483,0.65,0.27,0.5,0.08139534883720931,Cascade(1.235 -> 3.110(0%) -> 5.440(100%))
126,20.900300373095106,0.2834971120371249,0.2789748246924513,0.026974793160279616,0.22983907003744672,0.06478811235311019,1,1,0.5,0.14,0.6666666666666666,0.001,0.001,0.008,0.004,0.483,0.65,0.27,0.5,0.08139534883720931,Cascade(1.430 -> 2.956(0%) -> 4.083(100%))
127,14.371179048767061,0.5859555468489493,0.2576029443719049,0.03153904479564341,0.20370080186293066,0.07756379780062021,1,1,0.5,0.14,0.6666666666666666,0.001,0.001,0.008,0.004,0.483,0.65,0.27,0.5,0.08139534883720931,Cascade(1.377 -> 2.741(0%) -> 5.988(100%))
128,15.472985209811037,0.4337505325255168,0.2505848922953657,0.02304951024276099,0.2436561987686927,0.0464577839362825,1,1,0.5,0.14,0.6666666666666666,0.001,0.001,0.008,0.004,0.483,0.65,0.27,0.5,0.08139534883720931,Cascade(1.433 -> 3.102(0%) -> 3.995(100%))
129,16.75729966000456,0.44535902064043803,0.1624973971977998,0.03579231968218207,0.19440837362612223,0.08542303543139851,1,1,0.5,0.14,0.6666666666666666,0.001,0.001,0.008,0.004,0.483,0.65,0.27,0.5,0.08139534883720931,Cascade(1.367 -> 2.504(0%) -> 4.771(100%))
130,14.036320062147901,0.46557615897750915,0.23919247909844515,0.0332991140102911,0.23114021150041184,0.05925252165089892,1,1,0.5,0.14,0.6666666666666666,0.001,0.001,0.008,0.004,0.483,0.65,0.27,0.5,0.08139534883720931,Cascade(1.438 -> 2.556(0%) -> 3.955(100%))
131,18.281404278158966,0.27791345656032235,0.2696735263579179,0.037789446726239885,0.20683585988058034,0.052145641586307925,1,1,0.5,0.14,0.6666666666666666,0.001,0.001,0.008,0.004,0.483,0.65,0.27,0.5,0.08139534883720931,Cascade(1.352 -> 2.765(0%) -> 6.367(100%))
132,12.960945482215262,0.6744303169057242,0.1861394411599942,0.033460410037289126,0.23306169126471066,0.089676143727758,1,1,0.5,0.14,0.6666666666666666,0.001,0.001,0.008,0.004,0.483,0.65,0.27,0.5,0.08139534883720931,Cascade(1.468 -> 2.795(0%) -> 3.350(100%))
133,20.591356250120008,0.2667071179852082,0.21545685443023277,0.02554269909645083,0.24673331494537917,0.04985614676605392,1,1,0.5,0.14,0.6666666666666666,0.001,0.001,0.008,0.004,0.483,0.65,0.27,0.5,0.08139534883720931,Cascade(1.346 -> 2.859(0%) -> 3.827(100%))
134,15.938685714294234,0.5991610699500483,0.1649813193304296,0.03397311225353764,0.20128359614903849,0.08580456986948508,1,1,0.5,0.14,0.6666666666666666,0.001,0.001,0.008,0.004,0.483,0.65,0.27,0.5,0.08139534883720931,Cascade(1.515 -> 3.170(0%) -> 4.961(100%))
135,18.182049354381377,0.3163656745109368,0.20295453762413448,0.025815990486876488,0.17776265615663678,0.07200515062257548,1,1,0.5,0.14,0.6666666666666666,0.001,0.001,0.008,0.004,0.483,0.65,0.27,0.5,0.08139534883720931,Cascade(1.400 -> 3.328(0%) -> 3.905(100%))
136,20.585062711590105,0.2109236204267935,0.21358181528541065,0.035670164692380844,0.17979222690747243,0.07844933132393264,1,1,0.5,0.14,0.6666666666666666,0.001,0.001,0.008,0.004,0.483,0.65,0.27,0.5,0.08139534883720931,Cascade(1.462 -> 2.305(0%) -> 3.621(100%))
137,15.240501112999912,0.41956606695418996,0.22764853464867738,0.03655618313081745,0.18526633484524466,0.08316483870703975,1,1,0.5,0.14,0.6666666666666666,0.001,0.001,0.008,0.004,0.483,0.65,0.27,0.5,0.08139534883720931,Cascade(1.330 -> 3.135(0%) -> 3.993(100%))
138,18.571251057499165,0.3425575806151257,0.24711394824189098,0.034207059979753915,0.15590885251390316,0.0708397097450783,1,1,0.5,0.14,0.6666666666666666,0.001,0.001,0.008,0.004,0.483,0.65,0.27,0.5,0.08139534883720931,Cascade(1.537 -> 3.134(0%) -> 3.857(100%))
139,18.188222943512198,0.33229920368574684,0.25027840390637923,0.03245285289927249,0.19693801789611534,0.09647431521295352,1,1,0.5,0.14,0.6666666666666666,0.001,0.001,0.008,0.004,0.483,0.65,0.27,0.5,0.08139534883720931,Cascade(1.179 -> 3.502(0%) -> 4.175(100%))
140,14.140477726260205,0.3889877001224742,0.2830112309501159,0.025218096515696894,0.18533425621380742,0.03720136168828664,1,1,0.5,0.14,0.6666666666666666,0.001,0.001,0.008,0.004,0.483,0.65,0.27,0.5,0.08139534883720931,Cascade(1.346 -> 2.870(0%) -> 4.506(100%))
141,14.587590383511793,0.48035705325678113,0.2718428761959686,0.0340025823519677,0.2251278073171267,0.06859314787818854,1,1,0.5,0.14,0.6666666666666666,0.001,0.001,0.008,0.004,0.483,0.65,0.27,0.5,0.08139534883720931,Cascade(1.236 -> 3.144(0%) -> 6.144(100%))
142,18.44475864960037,0.3309824779861417,0.1740937261989271,0.0330386639809152,0.1925282770337558,0.059911153751670936,1,1,0.5,0.14,0.6666666666666666,0.001,0.001,0.008,0.004,0.483,0.65,0.27,0.5,0.08139534883720931,Cascade(1.377 -> 2.741(0%) -> 5.988(100%))
143,19.417516922633762,0.3486969746600428,0.24365273419306846,0.02118595946364794,0.17774397712615356,0.060904052185494814,1,1,0.5,0.14,0.6666666666666666,0.001,0.001,0.008,0.004,0.483,0.65,0.27,0.5,0.08139534883720931,Cascade(1.341 -> 3.191(0%) -> 4.863(100%))
144,10.930766775986065,0.6485556805159596,0.20945756979122226,0.029786836965011814,0.19832296429388932,0.040810474763754656,1,1,0.5,0.14,0.6666666666666666,0.001,0.001,0.008,0.004,0.483,0.65,0.27,0.5,0.08139534883720931,Cascade(1.311 -> 2.720(0%) -> 4.535(100%))
145,20.19722631899675,0.23635292560544224,0.22192629892657917,0.03459768118660185,0.21766198453709132,0.04362734967356989,1,1,0.5,0.14,0.6666666666666666,0.001,0.001,0.008,0.004,0.483,0.65,0.27,0.5,0.08139534883720931,Cascade(1.271 -> 3.099(0%) -> 5.863(100%))
146,18.896075113984203,0.2275189961467963,0.20787375452986642,0.03501151744533531,0.21230102831940872,0.05940920992349391,1,1,0.5,0.14,0.6666666666666666,0.001,0.001,0.008,0.004,0.483,0.65,0.27,0.5,0.08139534883720931,Cascade(1.346 -> 2.659(0%) -> 4.086(100%))
147,14.665203281309452,0.47250897192888597,0.24163942782920683,0.026800695170685455,0.2208664747241622,0.0517724285337384,1,1,0.5,0.14,0.6666666666666666,0.001,0.001,0.008,0.004,0.483,0.65,0.27,0.5,0.08139534883720931,Cascade(1.427 -> 2.965(0%) -> 4.182(100%))
148,14.371179048767061,0.5859555468489493,0.2576029443719049,0.03153904479564341,0.20370080186293066,0.07756379780062021,1,1,0.5,0.14,0.6666666666666666,0.001,0.001,0.008,0.004,0.483,0.65,0.27,0.5,0.08139534883720931,Cascade(1.377 -> 2.741(0%) -> 5.988(100%))
149,10.90153772960132,0.7175996064777356,0.29277530705693666,0.03791011832493846,0.1547322289604365,0.0407516093358081,1,1,0.5,0.14,0.6666666666666666,0.001,0.001,0.008,0.004,0.483,0.65,0.27,0.5,0.08139534883720931,Cascade(1.379 -> 3.236(0%) -> 4.862(100%))
150,15.016438101727662,0.4317339815516505,0.14812754899169503,0.03346725652062814,0.22685024091367542,0.04387158200764401,1,1,0.5,0.14,0.6666666666666666,0.001,0.001,0.008,0.004,0.483,0.65,0.27,0.5,0.08139534883720931,Cascade(1.287 -> 2.473(0%) -> 5.340(100%))
151,18.182049354381377,0.3163656745109368,0.20295453762413448,0.025815990486876488,0.17776265615663678,0.07200515062257548,1,1,0.5,0.14,0.6666666666666666,0.001,0.001,0.008,0.004,0.483,0.65,0.27,0.5,0.08139534883720931,Cascade(1.400 -> 3.328(0%) -> 3.905(100%))
152,14.028596270129176,0.5228614633697666,0.21207325247762698,0.03612484904048653,0.17759629678168276,0.07514341522895063,1,1,0.5,0.14,0.6666666666666666,0.001,0.001,0.008,0.004,0.483,0.65,0.27,0.5,0.08139534883720931,Cascade(1.423 -> 2.566(0%) -> 4.520(100%))
153,11.367936959116914,0.765390228632401,0.1688497227094825,0.029343093211443315,0.24239662154751943,0.09147374409647713,1,1,0.5,0.14,0.6666666666666666,0.001,0.001,0.008,0.004,0.483,0.65,0.27,0.5,0.08139534883720931,Cascade(1.382 -> 2.600(0%) -> 3.684(100%))
154,10.992700940865229,0.7429937680907552,0.24656638182523274,0.030081743212097632,0.16254147873838906,0.04878706183965619,1,1,0.5,0.14,0.6666666666666666,0.001,0.001,0.008,0.004,0.483,0.65,0.27,0.5,0.08139534883720931,Cascade(1.608 -> 2.387(0%) -> 3.900(100%))
155,23.93212362152053,0.20246947386190983,0.2942994601391135,0.029047529921016127,0.21011771159735945,0.05763511378340894,1,1,0.5,0.14,0.6666666666666666,0.001,0.001,0.008,0.004,0.483,0.65,0.27,0.5,0.08139534883720931,Cascade(1.365 -> 2.874(0%) -> 4.245(100%))
156,19.88183489274997,0.3431510418841911,0.24718652760452312,0.026203900373674958,0.158811320260563,0.06423383478474869,1,1,0.5,0.14,0.6666666666666666,0.001,0.001,0.008,0.004,0.483,0.65,0.27,0.5,0.08139534883720931,Cascade(1.297 -> 4.206(0%) -> 5.363(100%))
157,10.435581376297728,0.6163998612836891,0.30080770834065257,0.03359157518955695,0.1584608988890057,0.06135961299861687,1,1,0.5,0.14,0.6666666666666666,0.001,0.001,0.008,0.004,0.483,0.65,0.27,0.5,0.08139534883720931,Cascade(1.307 -> 2.517(0%) -> 4.493(100%))
158,11.510356350183622,0.6169549844385045,0.2693319214999406,0.021929147545522932,0.21370928882456955,0.027732068687980328,1,1,0.5,0.14,0.6666666666666666,0.001,0.001,0.008,0.004,0.483,0.65,0.27,0.5,0.08139534883720931,Cascade(1.435 -> 2.860(0%) -> 4.102(100%))
159,19.988132513373305,0.20009774717656365,0.23438315046451455,0.03712971344646369,0.16895840143154325,0.05340023992257777,1,1,0.5,0.14,0.6666666666666666,0.001,0.001,0.008,0.004,0.483,0.65,0.27,0.5,0.08139534883720931,Cascade(1.149 -> 3.486(0%) -> 5.397(100%))
160,16.857691208954844,0.2530255629594184,0.27058880081707576,0.024831732352815505,0.19400328698535466,0.03117521364316831,1,1,0.5,0.14,0.6666666666666666,0.001,0.001,0.008,0.004,0.483,0.65,0.27,0.5,0.08139534883720931,Cascade(1.354 -> 2.223(0%) -> 4.857(100%))
161,15.725648360026405,0.30325821030577726,0.23254962759553477,0.029948913728441398,0.19959979210637485,0.044152523346662934,1,1,0.5,0.14,0.6666666666666666,0.001,0.001,0.008,0.004,0.483,0.65,0.27,0.5,0.08139534883720931,Cascade(1.342 -> 2.677(0%) -> 3.906(100%))
162,15.060709941230611,0.399116575310831,0.2468085318970364,0.03523293744663876,0.21056215830985442,0.04542939492049311,1,1,0.5,0.14,0.6666666666666666,0.001,0.001,0.008,0.004,0.483,0.65,0.27,0.5,0.08139534883720931,Cascade(1.291 -> 2.928(0%) -> 4.534(100%))
163,16.428683977552545,0.404687482945982,0.2874786393398678,0.026204983795274972,0.2225148659332046,0.05890589066815221,1,1,0.5,0.14,0.6666666666666666,0.001,0.001,0.008,0.004,0.483,0.65,0.27,0.5,0.08139534883720931,Cascade(1.473 -> 2.964(0%) -> 3.733(100%))
164,15.796301584607392,0.39900572970942305,0.16251630122297886,0.034801092651327706,0.18691001998451698,0.09559102285269605,1,1,0.5,0.14,0.6666666666666666,0.001,0.001,0.008,0.004,0.483,0.65,0.27,0.5,0.08139534883720931,Cascade(1.174 -> 2.763(0%) -> 4.626(100%))
165,15.526552825904293,0.4064264287967617,0.2919848239881895,0.026192870964906963,0.16663262204876086,0.05222843350354285,1,1,0.5,0.14,0.6666666666666666,0.001,0.001,0.008,0.004,0.483,0.65,0.27,0.5,0.08139534883720931,Cascade(1.620 -> 2.331(0%) -> 4.219(100%))
166,23.08143589326564,0.23620659814427883,0.26857129699189436,0.03501950934634405,0.1537612324579159,0.07498987294634743,1,1,0.5,0.14,0.6666666666666666,0.001,0.001,0.008,0.004,0.483,0.65,0.27,0.5,0.08139534883720931,Cascade(1.314 -> 3.117(0%) -> 4.656(100%))
167,12.191041073056368,0.6219188793428239,0.2486560692922427,0.025046001164745837,0.1873749106734504,0.036141309772282915,1,1,0.5,0.14,0.6666666666666666,0.001,0.001,0.008,0.004,0.483,0.65,0.27,0.5,0.08139534883720931,Cascade(1.487 -> 3.226(0%) -> 3.682(100%))
168,15.651741650345203,0.38275391098867956,0.25508771256803064,0.032365940791207796,0.20906900241384654,0.06033971403316579,1,1,0.5,0.14,0.6666666666666666,0.001,0.001,0.008,0.004,0.483,0.65,0.27,0.5,0.08139534883720931,Cascade(1.412 -> 3.259(0%) -> 3.860(100%))
169,15.06780628967045,0.5245739613702476,0.2769857863470313,0.02924076385324573,0.22447280971965103,0.09927118055280251,1,1,0.5,0.14,0.6666666666666666,0.001,0.001,0.008,0.004,0.483,0.65,0.27,0.5,0.08139534883720931,Cascade(1.362 -> 3.131(0%) -> 4.067(100%))
170,15.641869675075549,0.2509805969507179,0.28440273463750887,0.03906368998094109,0.23701783522998524,0.02817263460696455,1,1,0.5,0.14,0.6666666666666666,0.001,0.001,0.008,0.004,0.483,0.65,0.27,0.5,0.08139534883720931,Cascade(1.513 -> 2.555(0%) -> 3.830(100%))
171,22.199299046578854,0.2486813600644653,0.2205436560755279,0.029363964643067914,0.19511813077332282,0.08517975745864065,1,1,0.5,0.14,0.6666666666666666,0.001,0.001,0.008,0.004,0.483,0.65,0.27,0.5,0.08139534883720931,Cascade(1.368 -> 2.576(0%) -> 4.647(100%))
172,26.269039346777376,0.2704335938341096,0.2826322597062125,0.025045460587010647,0.16954266987563973,0.0786567093107702,1,1,0.5,0.14,0.6666666666666666,0.001,0.001,0.008,0.004,0.483,0.65,0.27,0.5,0.08139534883720931,Cascade(1.575 -> 2.968(0%) -> 5.789(100%))
173,16.08916830826001,0.4079879940233211,0.1775173840840878,0.02623433332086892,0.19953490945488322,0.0578297432015644,1,1,0.5,0.14,0.6666666666666666,0.001,0.001,0.008,0.004,0.483,0.65,0.27,0.5,0.08139534883720931,Cascade(1.486 -> 2.481(0%) -> 4.820(100%))
174,14.820812306569477,0.3826870458718351,0.22211758859363956,0.023096869617934154,0.18110753177654476,0.04097573205276835,1,1,0.5,0.14,0.6666666666666666,0.001,0.001,0.008,0.004,0.483,0.65,0.27,0.5,0.08139534883720931,Cascade(1.438 -> 3.095(0%) -> 3.615(100%))
175,12.988608548353815,0.5140485559259896,0.14539364376183533,0.031429573391521,0.2276828367553577,0.046263212228923926,1,1,0.5,0.14,0.6666666666666666,0.001,0.001,0.008,0.004,0.483,0.65,0.27,0.5,0.08139534883720931,Cascade(1.290 -> 2.684(0%) -> 5.409(100%))
176,26.269039346777376,0.2704335938341096,0.2826322597062125,0.025045460587010647,0.16954266987563973,0.0786567093107702,1,1,0.5,0.14,0.6666666666666666,0.001,0.001,0.008,0.004,0.483,0.65,0.27,0.5,0.08139534883720931,Cascade(1.575 -> 2.968(0%) -> 5.789(100%))
177,15.279967471152021,0.3630105504318524,0.19050835376099662,0.0245199356707606,0.16759396762322673,0.05522946579036985,1,1,0.5,0.14,0.6666666666666666,0.001,0.001,0.008,0.004,0.483,0.65,0.27,0.5,0.08139534883720931,Cascade(1.208 -> 2.825(0%) -> 4.766(100%))
178,15.164520755308043,0.37248102326255184,0.2885601131585379,0.033044034676341275,0.19434229418245433,0.05636801724180909,1,1,0.5,0.14,0.6666666666666666,0.001,0.001,0.008,0.004,0.483,0.65,0.27,0.5,0.08139534883720931,Cascade(1.383 -> 2.900(0%) -> 4.972(100%))
179,15.578304511615928,0.5237271943950971,0.17063379861589723,0.026540885381622404,0.2069229836507955,0.06524644638072011,1,1,0.5,0.14,0.6666666666666666,0.001,0.001,0.008,0.004,0.483,0.65,0.27,0.5,0.08139534883720931,Cascade(1.582 -> 2.393(0%) -> 4.933(100%))
180,18.936577677044227,0.34888891149339935,0.1938816730688351,0.030445229831489194,0.2134840915898597,0.048763507888279975,1,1,0.5,0.14,0.6666666666666666,0.001,0.001,0.008,0.004,0.483,0.65,0.27,0.5,0.08139534883720931,Cascade(1.462 -> 3.718(0%) -> 4.194(100%))
181,20.41887902546365,0.33152576825402763,0.1830477692120081,0.029433640114504535,0.23184254070197102,0.08091159723956715,1,1,0.5,0.14,0.6666666666666666,0.001,0.001,0.008,0.004,0.483,0.65,0.27,0.5,0.08139534883720931,Cascade(1.407 -> 2.752(0%) -> 5.390(100%))
182,11.451160750770796,0.6264623257561449,0.18053949450241757,0.02923458890942111,0.22294575873778177,0.05593699188385876,1,1,0.5,0.14,0.6666666666666666,0.001,0.001,0.008,0.004,0.483,0.65,0.27,0.5,0.08139534883720931,Cascade(1.522 -> 2.063(0%) -> 4.601(100%))
183,10.435581376297728,0.6163998612836891,0.30080770834065257,0.03359157518955695,0.1584608988890057,0.06135961299861687,1,1,0.5,0.14,0.6666666666666666,0.001,0.001,0.008,0.004,0.483,0.65,0.27,0.5,0.08139534883720931,Cascade(1.307 -> 2.517(0%) -> 4.493(100%))
184,10.90153772960132,0.7175996064777356,0.29277530705693666,0.03791011832493846,0.1547322289604365,0.0407516093358081,1,1,0.5,0.14,0.6666666666666666,0.001,0.001,0.008,0.004,0.483,0.65,0.27,0.5,0.08139534883720931,Cascade(1.379 -> 3.236(0%) -> 4.862(100%))
185,14.184268897226998,0.3807425132671313,0.1527545216962827,0.03864578694724646,0.19568015524081664,0.02294505052238368,1,1,0.5,0.14,0.6666666666666666,0.001,0.001,0.008,0.004,0.483,0.65,0.27,0.5,0.08139534883720931,Cascade(1.552 -> 3.077(0%) -> 3.649(100%))
186,12.682112561369035,0.6954051116127824,0.2704986949710773,0.023404357878557686,0.24009515027221723,0.09115851597907829,1,1,0.5,0.14,0.6666666666666666,0.001,0.001,0.008,0.004,0.483,0.65,0.27,0.5,0.08139534883720931,Cascade(1.292 -> 3.006(0%) -> 4.540(100%))
187,16.13832178609965,0.3154694299894805,0.2991193215426952,0.033246569564011764,0.1832765039642847,0.05293740285916074,1,1,0.5,0.14,0.6666666666666666,0.001,0.001,0.008,0.004,0.483,0.65,0.27,0.5,0.08139534883720931,Cascade(1.175 -> 3.457(0%) -> 4.658(100%))
188,21.2094434470492,0.29933523826033126,0.3013263371843514,0.03381187185245016,0.23397548978136745,0.09595704547281098,1,1,0.5,0.14,0.6666666666666666,0.001,0.001,0.008,0.004,0.483,0.65,0.27,0.5,0.08139534883720931,Cascade(1.411 -> 2.563(0%) -> 5.519(100%))
189,13.88604137172574,0.4193261381349852,0.20835109263275114,0.021703627903125088,0.19892877925385571,0.027359452325774226,1,1,0.5,0.14,0.6666666666666666,0.001,0.001,0.008,0.004,0.483,0.65,0.27,0.5,0.08139534883720931,Cascade(1.308 -> 2.689(0%) -> 5.821(100%))
190,11.43870902895305,0.6165079598062756,0.19523934126665435,0.02657592479327476,0.19739940930091043,0.033895385548822564,1,1,0.5,0.14,0.6666666666666666,0.001,0.001,0.008,0.004,0.483,0.65,0.27,0.5,0.08139534883720931,Cascade(1.384 -> 3.283(0%) -> 3.554(100%))
191,12.382442145837668,0.5877362291791193,0.14302599670869787,0.028097362615862008,0.2279588656460994,0.04227372955912624,1,1,0.5,0.14,0.6666666666666666,0.001,0.001,0.008,0.004,0.483,0.65,0.27,0.5,0.08139534883720931,Cascade(1.323 -> 3.456(0%) -> 4.122(100%))
192,16.38257369474768,0.28252329445608915,0.23588735193536814,0.037135915717055774,0.15921998492869183,0.04406421402383651,1,1,0.5,0.14,0.6666666666666666,0.001,0.001,0.008,0.004,0.483,0.65,0.27,0.5,0.08139534883720931,Cascade(1.356 -> 2.823(0%) -> 5.155(100%))
193,17.20395220922451,0.26617056633856434,0.23925016410980898,0.027373981540886088,0.20582900254779202,0.029847054698020795,1,1,0.5,0.14,0.6666666666666666,0.001,0.001,0.008,0.004,0.483,0.65,0.27,0.5,0.08139534883720931,Cascade(1.311 -> 2.922(0%) -> 3.727(100%))
194,18.776995966371008,0.26962574128389066,0.20975300326867385,0.02896875278800589,0.24991416088872445,0.05053868313126775,1,1,0.5,0.14,0.6666666666666666,0.001,0.001,0.008,0.004,0.483,0.65,0.27,0.5,0.08139534883720931,Cascade(1.422 -> 2.915(0%) -> 4.209(100%))
195,14.913697743226889,0.4543953825648206,0.2018060552854716,0.025848857080156544,0.20884516510316445,0.05866607021464001,1,1,0.5,0.14,0.6666666666666666,0.001,0.001,0.008,0.004,0.483,0.65,0.27,0.5,0.08139534883720931,Cascade(1.449 -> 2.654(0%) -> 4.356(100%))
196,21.941025752591724,0.2178638393148911,0.2437491748470691,0.03664601790291373,0.16050392816775733,0.09078382616619814,1,1,0.5,0.14,0.6666666666666666,0.001,0.001,0.008,0.004,0.483,0.65,0.27,0.5,0.08139534883720931,Cascade(1.351 -> 3.542(0%) -> 3.214(100%))
197,20.27372744795291,0.31664258749643537,0.2617790401966347,0.02198086781776808,0.214846594232598,0.0930382176087195,1,1,0.5,0.14,0.6666666666666666,0.001,0.001,0.008,0.004,0.483,0.65,0.27,0.5,0.08139534883720931,Cascade(1.470 -> 2.296(0%) -> 4.344(100%))
198,12.960945482215262,0.6744303169057242,0.1861394411599942,0.033460410037289126,0.23306169126471066,0.089676143727758,1,1,0.5,0.14,0.6666666666666666,0.001,0.001,0.008,0.004,0.483,0.65,0.27,0.5,0.08139534883720931,Cascade(1.468 -> 2.795(0%) -> 3.350(100%))
199,19.878263477088495,0.23541455456171165,0.23093602521813875,0.030516910810022,0.17423601244590428,0.039376571408823564,1,1,0.5,0.14,0.6666666666666666,0.001,0.001,0.008,0.004,0.483,0.65,0.27,0.5,0.08139534883720931,Cascade(1.510 -> 2.718(0%) -> 5.461(100%))
