,beta,rr_sus_slat,rr_sus_rec,p_primary,r_clear,r_sc,rt_cs,adr,rr_inf_asym,rr_inf_cs,r_lat,r_stab,r_react,r_relapse,r_relapse_td,r_relapse_tc,p_cs_pub,p_dx_pub,p_dx_pri,dur_succ,r_act,cas
0,5.035114930823517,0.569057850924021,0.14359303087100964,0.12442331816057153,0.02803530983311519,0.24365576515287313,0.13929031274432627,0.03113276277830009,1,1,0.5,0.6666666666666666,0.001,0.001,0.008,0.004,0.483,0.65,0.27,0.5,0.07105221092639231,Cascade(1.087 -> 3.307(45%) -> 3.808(45%))
1,7.759798295683966,0.4469353876606899,0.2707356239081665,0.11957485980174876,0.02668840039424615,0.19046973447360882,0.014172045119623403,0.013325264997404891,1,1,0.5,0.6666666666666666,0.001,0.001,0.008,0.004,0.483,0.65,0.27,0.5,0.06790745421855132,Cascade(1.053 -> 2.901(45%) -> 3.140(45%))
2,6.45391517890288,0.32479411878982034,0.30106781247669584,0.1121321853357455,0.026973176692778288,0.15131573046509025,0.06167672805838069,0.02597235473658354,1,1,0.5,0.6666666666666666,0.001,0.001,0.008,0.004,0.483,0.65,0.27,0.5,0.06314689162268376,Cascade(1.042 -> 2.812(45%) -> 3.592(45%))
3,9.213258767547678,0.27969375856218825,0.2954338463998307,0.10272201765601044,0.0299680740309164,0.17946144123519067,0.016485597917358583,0.01645230542210729,1,1,0.5,0.6666666666666666,0.001,0.001,0.008,0.004,0.483,0.65,0.27,0.5,0.05724091066386486,Cascade(1.121 -> 2.869(45%) -> 2.672(45%))
4,6.015360011681547,0.576725466447688,0.29053800015932063,0.12137313351072748,0.033170168074835416,0.19318755410711133,0.06228272164068108,0.04292380133790405,1,1,0.5,0.6666666666666666,0.001,0.001,0.008,0.004,0.483,0.65,0.27,0.5,0.06906978271430389,Cascade(1.068 -> 2.747(45%) -> 3.268(45%))
5,6.15373190770459,0.7102806000416586,0.27571123415403065,0.11074746074434452,0.03510991398610591,0.18070781335830957,0.05816357939509989,0.009706856221663007,1,1,0.5,0.6666666666666666,0.001,0.001,0.008,0.004,0.483,0.65,0.27,0.5,0.0622699716084281,Cascade(1.011 -> 2.980(45%) -> 3.291(45%))
6,9.021915779206727,0.6029465762390342,0.17022883371617664,0.09470635906441027,0.024057556181289453,0.24413952501733216,0.04286955316776808,0.014066130348691766,1,1,0.5,0.6666666666666666,0.001,0.001,0.008,0.004,0.483,0.65,0.27,0.5,0.05230698349241387,Cascade(1.005 -> 3.659(45%) -> 3.651(45%))
7,5.021116174284517,0.4498918098296519,0.24134159062882848,0.11440520960953496,0.024286983000553642,0.18604474708227692,0.14177897907902542,0.048450137118728004,1,1,0.5,0.6666666666666666,0.001,0.001,0.008,0.004,0.483,0.65,0.27,0.5,0.06459230048038837,Cascade(1.001 -> 2.767(45%) -> 3.402(45%))
8,7.40431116990551,0.24272299027099575,0.23748429436317042,0.11761273403336059,0.025991247865733327,0.22882717204379074,0.08818465143928236,0.01633163358522082,1,1,0.5,0.6666666666666666,0.001,0.001,0.008,0.004,0.483,0.65,0.27,0.5,0.06664462338116244,Cascade(0.975 -> 2.722(45%) -> 3.214(45%))
9,9.091551181321186,0.4172319628333288,0.2661374322869308,0.09942582026360523,0.020819027269904665,0.16249833009978867,0.027245776382102068,0.030940835439615535,1,1,0.5,0.6666666666666666,0.001,0.001,0.008,0.004,0.483,0.65,0.27,0.5,0.05520134959493729,Cascade(1.073 -> 2.452(45%) -> 3.553(45%))
10,7.358630382186143,0.39277674352307845,0.18503235253240177,0.11301461180167541,0.0259218484834911,0.1999851522011684,0.04644877107775465,0.007577664621714879,1,1,0.5,0.6666666666666666,0.001,0.001,0.008,0.004,0.483,0.65,0.27,0.5,0.06370714405523331,Cascade(1.017 -> 2.788(45%) -> 3.576(45%))
11,9.550179515453282,0.29742550876229823,0.294559917411534,0.09182571372027307,0.0341692072244632,0.19957352077079157,0.03522501200733249,0.04196171693669751,1,1,0.5,0.6666666666666666,0.001,0.001,0.008,0.004,0.483,0.65,0.27,0.5,0.05055511651647325,Cascade(1.068 -> 2.458(45%) -> 3.568(45%))
12,6.44440150677341,0.49007885633980086,0.19258346427526402,0.1141711360565139,0.03651688656701151,0.16020587859345597,0.05895758570558336,0.02004274649392267,1,1,0.5,0.6666666666666666,0.001,0.001,0.008,0.004,0.483,0.65,0.27,0.5,0.06444311125077415,Cascade(1.062 -> 3.177(45%) -> 3.666(45%))
13,8.49535305935258,0.48612759919080645,0.3044291070143553,0.09925650439997157,0.03542514010292193,0.2465906431862913,0.0462268655144317,0.03255200341229109,1,1,0.5,0.6666666666666666,0.001,0.001,0.008,0.004,0.483,0.65,0.27,0.5,0.055096986481069206,Cascade(1.019 -> 2.965(45%) -> 4.030(45%))
14,8.369838940620914,0.7186933132933149,0.2622831511503577,0.11555275692036378,0.02139960649433196,0.2227800074543132,0.006999830718986974,0.028260933255690013,1,1,0.5,0.6666666666666666,0.001,0.001,0.008,0.004,0.483,0.65,0.27,0.5,0.06532484431632704,Cascade(1.101 -> 3.187(45%) -> 4.427(45%))
15,9.768824983256314,0.3595151082933229,0.2815457380450501,0.09496762493821037,0.024884709212156932,0.20137260241118515,0.04253521543937901,0.02803029781339171,1,1,0.5,0.6666666666666666,0.001,0.001,0.008,0.004,0.483,0.65,0.27,0.5,0.0524664241606421,Cascade(1.078 -> 2.778(45%) -> 3.936(45%))
16,5.035114930823517,0.569057850924021,0.14359303087100964,0.12442331816057153,0.02803530983311519,0.24365576515287313,0.13929031274432627,0.03113276277830009,1,1,0.5,0.6666666666666666,0.001,0.001,0.008,0.004,0.483,0.65,0.27,0.5,0.07105221092639231,Cascade(1.087 -> 3.307(45%) -> 3.808(45%))
17,5.928548368965967,0.6034925272918373,0.23000258781141236,0.11505274857736572,0.03907732544020304,0.2346656327150848,0.0837464827230573,0.024080114024866067,1,1,0.5,0.6666666666666666,0.001,0.001,0.008,0.004,0.483,0.65,0.27,0.5,0.06500542738135398,Cascade(1.015 -> 2.665(45%) -> 3.346(45%))
18,8.49535305935258,0.48612759919080645,0.3044291070143553,0.09925650439997157,0.03542514010292193,0.2465906431862913,0.0462268655144317,0.03255200341229109,1,1,0.5,0.6666666666666666,0.001,0.001,0.008,0.004,0.483,0.65,0.27,0.5,0.055096986481069206,Cascade(1.019 -> 2.965(45%) -> 4.030(45%))
19,8.221160361894809,0.46013177531086025,0.29503084296951265,0.10232546881748189,0.036737904259175044,0.2088281315666866,0.01997546994170797,0.03576705321057081,1,1,0.5,0.6666666666666666,0.001,0.001,0.008,0.004,0.483,0.65,0.27,0.5,0.056994748799816815,Cascade(1.036 -> 2.628(45%) -> 3.599(45%))
20,9.701194376744896,0.4191732461180916,0.18350077583808153,0.09759522835970824,0.031192154725079833,0.2059450901116168,0.015560304442253177,0.030679244518810263,1,1,0.5,0.6666666666666666,0.001,0.001,0.008,0.004,0.483,0.65,0.27,0.5,0.05407508438940899,Cascade(0.985 -> 2.889(45%) -> 3.424(45%))
21,9.402401600019038,0.4772738238506483,0.23432855825281354,0.1029844636081887,0.024505415188905876,0.24740344957982596,0.017216062475935344,0.03676330428100495,1,1,0.5,0.6666666666666666,0.001,0.001,0.008,0.004,0.483,0.65,0.27,0.5,0.05740394643689074,Cascade(0.932 -> 3.156(45%) -> 4.002(45%))
22,5.641017687477895,0.6213313264763486,0.19543893075680888,0.1274906280636791,0.03266025705553776,0.1599798207344675,0.044581270093149133,0.00905700964263209,1,1,0.5,0.6666666666666666,0.001,0.001,0.008,0.004,0.483,0.65,0.27,0.5,0.07305974707225488,Cascade(1.013 -> 2.974(45%) -> 3.465(45%))
23,4.34704865876922,0.6627904190798346,0.14371153478624776,0.13303190488484076,0.02221284307704465,0.21892979665393134,0.1324976827311415,0.028063857715936714,1,1,0.5,0.6666666666666666,0.001,0.001,0.008,0.004,0.483,0.65,0.27,0.5,0.07672249165476508,Cascade(1.062 -> 3.077(45%) -> 3.068(45%))
24,6.590553709505808,0.3483854009796513,0.2885229874635592,0.1259823782813914,0.0322191379797486,0.2495898378736446,0.07510564434602637,0.029034966413330743,1,1,0.5,0.6666666666666666,0.001,0.001,0.008,0.004,0.483,0.65,0.27,0.5,0.07207084568482054,Cascade(1.043 -> 2.788(45%) -> 3.850(45%))
25,7.204117967509851,0.7725010342941347,0.21585031700817686,0.11102072391955539,0.029249725329741433,0.24302337683456657,0.057448033669350626,0.0438839925234026,1,1,0.5,0.6666666666666666,0.001,0.001,0.008,0.004,0.483,0.65,0.27,0.5,0.0624428076709794,Cascade(1.145 -> 2.949(45%) -> 3.499(45%))
26,10.928152256637539,0.23253305409346695,0.2514656527927062,0.10145215137235969,0.020534862781674865,0.22996397479117056,0.017098877623917704,0.034071782329306174,1,1,0.5,0.6666666666666666,0.001,0.001,0.008,0.004,0.483,0.65,0.27,0.5,0.05645339395520695,Cascade(1.075 -> 2.881(45%) -> 3.692(45%))
27,8.532877079162615,0.2320763552866993,0.19304755137051827,0.10751110944018363,0.032202370621162525,0.17795971170202116,0.04226241046409621,0.025433752620838582,1,1,0.5,0.6666666666666666,0.001,0.001,0.008,0.004,0.483,0.65,0.27,0.5,0.06023106314115964,Cascade(1.047 -> 2.762(45%) -> 3.618(45%))
28,7.360797142877613,0.3616115109845496,0.21699721354890925,0.12100028199548846,0.02480776251200587,0.17999617805247925,0.04262004073815405,0.0204123077244555,1,1,0.5,0.6666666666666666,0.001,0.001,0.008,0.004,0.483,0.65,0.27,0.5,0.06882839636751022,Cascade(1.039 -> 2.953(45%) -> 3.658(45%))
29,10.928152256637539,0.23253305409346695,0.2514656527927062,0.10145215137235969,0.020534862781674865,0.22996397479117056,0.017098877623917704,0.034071782329306174,1,1,0.5,0.6666666666666666,0.001,0.001,0.008,0.004,0.483,0.65,0.27,0.5,0.05645339395520695,Cascade(1.075 -> 2.881(45%) -> 3.692(45%))
30,7.296541894468781,0.30068885382543786,0.18413693352953042,0.12224699089353469,0.030278159845235755,0.23046932768918515,0.07075469606255005,0.005349307011040767,1,1,0.5,0.6666666666666666,0.001,0.001,0.008,0.004,0.483,0.65,0.27,0.5,0.06963632686259864,Cascade(1.058 -> 2.974(45%) -> 3.107(45%))
31,6.287685725877653,0.4810674752328303,0.306616900341334,0.09824818305310025,0.030122937883677325,0.19196223338351018,0.10252615115137874,0.019461829894539456,1,1,0.5,0.6666666666666666,0.001,0.001,0.008,0.004,0.483,0.65,0.27,0.5,0.054476287824816026,Cascade(1.032 -> 2.561(45%) -> 3.114(45%))
32,7.05954840350534,0.47887298324779626,0.18758838156797225,0.11899357411807199,0.03544010093032447,0.21738600797387775,0.032646178678782306,0.038863648324812684,1,1,0.5,0.6666666666666666,0.001,0.001,0.008,0.004,0.483,0.65,0.27,0.5,0.06753275039904161,Cascade(1.055 -> 2.748(45%) -> 3.687(45%))
33,8.452639691212186,0.7725248236199944,0.301269666162707,0.09100141335457221,0.0330570421419437,0.20246035568052126,0.019821889921273,0.025505279334566755,1,1,0.5,0.6666666666666666,0.001,0.001,0.008,0.004,0.483,0.65,0.27,0.5,0.050055860752437585,Cascade(1.004 -> 2.948(45%) -> 3.453(45%))
34,7.779154274058648,0.3675408949569047,0.22828892237786677,0.10941985864141253,0.02999858663421374,0.20138830382140466,0.06891492619692975,0.04608454757356083,1,1,0.5,0.6666666666666666,0.001,0.001,0.008,0.004,0.483,0.65,0.27,0.5,0.061431786742118244,Cascade(1.034 -> 2.824(45%) -> 3.517(45%))
35,9.671646284661506,0.34481201142652185,0.20351483541385018,0.09208723690958658,0.034928050868332214,0.21820480217529598,0.07397030149361697,0.026916579228568563,1,1,0.5,0.6666666666666666,0.001,0.001,0.008,0.004,0.483,0.65,0.27,0.5,0.0507137032616074,Cascade(1.044 -> 2.752(45%) -> 3.555(45%))
36,6.208686076202255,0.6174400535424461,0.26212130409177054,0.1173810650027968,0.020150836647423967,0.1872024360553847,0.05409178572737355,0.008811084737335788,1,1,0.5,0.6666666666666666,0.001,0.001,0.008,0.004,0.483,0.65,0.27,0.5,0.06649589100599158,Cascade(1.021 -> 3.017(45%) -> 3.101(45%))
37,8.779642776952482,0.4260036061653782,0.14923851983815078,0.09142919706584991,0.033046518438108664,0.18598213217913834,0.06472110317889557,0.0028069198171903394,1,1,0.5,0.6666666666666666,0.001,0.001,0.008,0.004,0.483,0.65,0.27,0.5,0.050314844352574016,Cascade(1.027 -> 2.944(45%) -> 3.424(45%))
38,8.359393150773474,0.23254057287024088,0.26117383852366427,0.13625759364227136,0.027159483962413078,0.24231316804781602,0.0010412417402760887,0.02595679057332881,1,1,0.5,0.6666666666666666,0.001,0.001,0.008,0.004,0.483,0.65,0.27,0.5,0.07887629033802397,Cascade(1.101 -> 2.834(45%) -> 3.702(45%))
39,7.6353367556264224,0.5490126095781277,0.287317907595913,0.0942613530111988,0.02926375626872225,0.17764687398944637,0.07519430087018306,0.04492625876380933,1,1,0.5,0.6666666666666666,0.001,0.001,0.008,0.004,0.483,0.65,0.27,0.5,0.05203562491485707,Cascade(1.085 -> 2.889(45%) -> 3.216(45%))
40,7.239335494298774,0.380358654132005,0.17487689469469675,0.10794928556093496,0.039425964240428914,0.20421122028885594,0.06601210367017162,0.0360582597761368,1,1,0.5,0.6666666666666666,0.001,0.001,0.008,0.004,0.483,0.65,0.27,0.5,0.0605062491479619,Cascade(1.016 -> 3.052(45%) -> 3.400(45%))
41,7.296541894468781,0.30068885382543786,0.18413693352953042,0.12224699089353469,0.030278159845235755,0.23046932768918515,0.07075469606255005,0.005349307011040767,1,1,0.5,0.6666666666666666,0.001,0.001,0.008,0.004,0.483,0.65,0.27,0.5,0.06963632686259864,Cascade(1.058 -> 2.974(45%) -> 3.107(45%))
42,6.038795492844658,0.7602927303528326,0.24875849110580886,0.11678806209271018,0.03227610111509982,0.2237896957069392,0.08032029846085523,0.03142488952361522,1,1,0.5,0.6666666666666666,0.001,0.001,0.008,0.004,0.483,0.65,0.27,0.5,0.06611553641894351,Cascade(1.043 -> 2.731(45%) -> 3.964(45%))
43,7.903669216146181,0.7946669264745371,0.280735281358566,0.0990316986540829,0.03933351641887063,0.23291354552095989,0.03518143899458092,0.024591643257993758,1,1,0.5,0.6666666666666666,0.001,0.001,0.008,0.004,0.483,0.65,0.27,0.5,0.054958481062066106,Cascade(1.021 -> 2.899(45%) -> 3.403(45%))
44,6.843626050472372,0.6062266004553813,0.21261239458117184,0.1305216019572202,0.03369431418752199,0.18335105136983715,0.0009470352278484178,0.009577784651519036,1,1,0.5,0.6666666666666666,0.001,0.001,0.008,0.004,0.483,0.65,0.27,0.5,0.07505741502665735,Cascade(1.070 -> 3.116(45%) -> 3.408(45%))
45,7.545600599112591,0.22822882796229124,0.29739131029932037,0.11432343267808981,0.030046877500151066,0.17274309655061806,0.0522855954394538,0.012271762719926676,1,1,0.5,0.6666666666666666,0.001,0.001,0.008,0.004,0.483,0.65,0.27,0.5,0.06454017013444227,Cascade(1.121 -> 3.021(45%) -> 4.093(45%))
46,6.18644368957692,0.4823417669045833,0.21060413476311285,0.1166276871618031,0.020603706367943484,0.2146725746143686,0.06400599460647918,0.022647369041778203,1,1,0.5,0.6666666666666666,0.001,0.001,0.008,0.004,0.483,0.65,0.27,0.5,0.06601275898442452,Cascade(1.059 -> 2.838(45%) -> 3.000(45%))
47,5.484463981173457,0.6880815773907163,0.20319740364881753,0.12797780550633397,0.028630395108111547,0.19729493296992034,0.0700568142269468,0.0192439571537094,1,1,0.5,0.6666666666666666,0.001,0.001,0.008,0.004,0.483,0.65,0.27,0.5,0.0733799015176692,Cascade(1.008 -> 3.143(45%) -> 3.540(45%))
48,8.779642776952482,0.4260036061653782,0.14923851983815078,0.09142919706584991,0.033046518438108664,0.18598213217913834,0.06472110317889557,0.0028069198171903394,1,1,0.5,0.6666666666666666,0.001,0.001,0.008,0.004,0.483,0.65,0.27,0.5,0.050314844352574016,Cascade(1.027 -> 2.944(45%) -> 3.424(45%))
49,8.359393150773474,0.23254057287024088,0.26117383852366427,0.13625759364227136,0.027159483962413078,0.24231316804781602,0.0010412417402760887,0.02595679057332881,1,1,0.5,0.6666666666666666,0.001,0.001,0.008,0.004,0.483,0.65,0.27,0.5,0.07887629033802397,Cascade(1.101 -> 2.834(45%) -> 3.702(45%))
50,4.9408903421637245,0.37387630689925216,0.2775394144838926,0.13465084092065366,0.02903661204508918,0.18831565918168597,0.10578973933725618,0.011126712669781973,1,1,0.5,0.6666666666666666,0.001,0.001,0.008,0.004,0.483,0.65,0.27,0.5,0.07780145130314221,Cascade(1.070 -> 2.737(45%) -> 3.872(45%))
51,6.45898526955693,0.6647579592105396,0.23710793517847786,0.09643842906782482,0.02699600011585316,0.20516896259145226,0.11259445326325465,0.014329627146924064,1,1,0.5,0.6666666666666666,0.001,0.001,0.008,0.004,0.483,0.65,0.27,0.5,0.053365720815424025,Cascade(1.065 -> 3.370(45%) -> 3.147(45%))
52,9.840718846415843,0.23851171308136362,0.14569217369044404,0.09463832237931005,0.026247324007067602,0.22887943918461856,0.11078599324647112,0.04682103348038493,1,1,0.5,0.6666666666666666,0.001,0.001,0.008,0.004,0.483,0.65,0.27,0.5,0.05226547838208792,Cascade(1.043 -> 2.912(45%) -> 3.617(45%))
53,8.55932409350031,0.3378174050855751,0.25457040307933976,0.092418662239054,0.02078825065678961,0.1574178355146957,0.10829193957392488,0.016086758333411274,1,1,0.5,0.6666666666666666,0.001,0.001,0.008,0.004,0.483,0.65,0.27,0.5,0.05091480972220959,Cascade(1.108 -> 3.150(45%) -> 3.738(45%))
54,5.945782272865576,0.5473861966719654,0.17321046909987706,0.12893539562319928,0.03262493669002032,0.18368009564527998,0.06019963254851404,0.02753135043602773,1,1,0.5,0.6666666666666666,0.001,0.001,0.008,0.004,0.483,0.65,0.27,0.5,0.07401023699926686,Cascade(1.065 -> 3.080(45%) -> 3.820(45%))
55,7.931035743464,0.7162829283812153,0.20049034149378986,0.09833675497587688,0.03624462616079599,0.21568801853231115,0.04216380058779322,0.03569754855914707,1,1,0.5,0.6666666666666666,0.001,0.001,0.008,0.004,0.483,0.65,0.27,0.5,0.05453075497895336,Cascade(1.038 -> 3.027(45%) -> 3.669(45%))
56,7.239335494298774,0.380358654132005,0.17487689469469675,0.10794928556093496,0.039425964240428914,0.20421122028885594,0.06601210367017162,0.0360582597761368,1,1,0.5,0.6666666666666666,0.001,0.001,0.008,0.004,0.483,0.65,0.27,0.5,0.0605062491479619,Cascade(1.016 -> 3.052(45%) -> 3.400(45%))
57,8.245669242333333,0.3893213237961849,0.1923399894147991,0.11563339852611808,0.026217600979040356,0.23076498517712682,0.0035530682672364894,0.009518693104764227,1,1,0.5,0.6666666666666666,0.001,0.001,0.008,0.004,0.483,0.65,0.27,0.5,0.06537639386958073,Cascade(1.004 -> 3.059(45%) -> 3.445(45%))
58,9.053796571470807,0.26403849212922703,0.20380568529405055,0.10121719962912243,0.026893353432401436,0.1697685364298901,0.056966065575199704,0.01672026126033705,1,1,0.5,0.6666666666666666,0.001,0.001,0.008,0.004,0.483,0.65,0.27,0.5,0.05630793089685057,Cascade(0.992 -> 3.033(45%) -> 3.983(45%))
59,7.05954840350534,0.47887298324779626,0.18758838156797225,0.11899357411807199,0.03544010093032447,0.21738600797387775,0.032646178678782306,0.038863648324812684,1,1,0.5,0.6666666666666666,0.001,0.001,0.008,0.004,0.483,0.65,0.27,0.5,0.06753275039904161,Cascade(1.055 -> 2.748(45%) -> 3.687(45%))
60,8.245669242333333,0.3893213237961849,0.1923399894147991,0.11563339852611808,0.026217600979040356,0.23076498517712682,0.0035530682672364894,0.009518693104764227,1,1,0.5,0.6666666666666666,0.001,0.001,0.008,0.004,0.483,0.65,0.27,0.5,0.06537639386958073,Cascade(1.004 -> 3.059(45%) -> 3.445(45%))
61,10.216457263452059,0.21245617221772448,0.1705300805734787,0.10423602946128407,0.021109006294905638,0.19943092595457565,0.04150617931369338,0.035529307729183834,1,1,0.5,0.6666666666666666,0.001,0.001,0.008,0.004,0.483,0.65,0.27,0.5,0.058182753989645355,Cascade(1.066 -> 2.517(45%) -> 3.672(45%))
62,8.532877079162615,0.2320763552866993,0.19304755137051827,0.10751110944018363,0.032202370621162525,0.17795971170202116,0.04226241046409621,0.025433752620838582,1,1,0.5,0.6666666666666666,0.001,0.001,0.008,0.004,0.483,0.65,0.27,0.5,0.06023106314115964,Cascade(1.047 -> 2.762(45%) -> 3.618(45%))
63,6.451945405929242,0.30931013224026804,0.26856872721314784,0.11389046332090202,0.03960045381348173,0.17664276342819224,0.06967435248420181,0.0219152428568017,1,1,0.5,0.6666666666666666,0.001,0.001,0.008,0.004,0.483,0.65,0.27,0.5,0.064264325462365,Cascade(0.970 -> 3.129(45%) -> 3.807(45%))
64,5.484463981173457,0.6880815773907163,0.20319740364881753,0.12797780550633397,0.028630395108111547,0.19729493296992034,0.0700568142269468,0.0192439571537094,1,1,0.5,0.6666666666666666,0.001,0.001,0.008,0.004,0.483,0.65,0.27,0.5,0.0733799015176692,Cascade(1.008 -> 3.143(45%) -> 3.540(45%))
65,7.736595870886608,0.3607375943048736,0.14420314427103953,0.1212245505815243,0.031949653174961366,0.17136393038097977,0.024181096826474485,0.022951348954133474,1,1,0.5,0.6666666666666666,0.001,0.001,0.008,0.004,0.483,0.65,0.27,0.5,0.06897356466987323,Cascade(1.070 -> 3.241(45%) -> 3.410(45%))
66,8.369838940620914,0.7186933132933149,0.2622831511503577,0.11555275692036378,0.02139960649433196,0.2227800074543132,0.006999830718986974,0.028260933255690013,1,1,0.5,0.6666666666666666,0.001,0.001,0.008,0.004,0.483,0.65,0.27,0.5,0.06532484431632704,Cascade(1.101 -> 3.187(45%) -> 4.427(45%))
67,7.05954840350534,0.47887298324779626,0.18758838156797225,0.11899357411807199,0.03544010093032447,0.21738600797387775,0.032646178678782306,0.038863648324812684,1,1,0.5,0.6666666666666666,0.001,0.001,0.008,0.004,0.483,0.65,0.27,0.5,0.06753275039904161,Cascade(1.055 -> 2.748(45%) -> 3.687(45%))
68,7.088219942141929,0.549206044769306,0.2516137221257511,0.10798809620045488,0.02495252375145101,0.17983628671649304,0.04872113724328031,0.027159011222017533,1,1,0.5,0.6666666666666666,0.001,0.001,0.008,0.004,0.483,0.65,0.27,0.5,0.06053063627316918,Cascade(1.023 -> 3.271(45%) -> 3.539(45%))
69,6.178868577484046,0.6143959006064555,0.2732917177582985,0.12560468180003345,0.028032713564020883,0.16735625305344026,0.03698560041903298,0.04321912865487315,1,1,0.5,0.6666666666666666,0.001,0.001,0.008,0.004,0.483,0.65,0.27,0.5,0.0718237387516002,Cascade(1.057 -> 3.038(45%) -> 3.731(45%))
70,9.413724346049118,0.4170148325535264,0.1787073394668303,0.09312329875581114,0.025940722551616807,0.17524823451992186,0.0373138295683247,0.01869647937435928,1,1,0.5,0.6666666666666666,0.001,0.001,0.008,0.004,0.483,0.65,0.27,0.5,0.051342866471291354,Cascade(0.995 -> 3.062(45%) -> 3.331(45%))
71,6.45391517890288,0.32479411878982034,0.30106781247669584,0.1121321853357455,0.026973176692778288,0.15131573046509025,0.06167672805838069,0.02597235473658354,1,1,0.5,0.6666666666666666,0.001,0.001,0.008,0.004,0.483,0.65,0.27,0.5,0.06314689162268376,Cascade(1.042 -> 2.812(45%) -> 3.592(45%))
72,5.240737830044465,0.6663550834401498,0.2455563327201722,0.10641920742002525,0.026414350204107505,0.20605291563795666,0.14897945246012134,0.044091416233575306,1,1,0.5,0.6666666666666666,0.001,0.001,0.008,0.004,0.483,0.65,0.27,0.5,0.059546494454501615,Cascade(1.098 -> 2.732(45%) -> 3.727(45%))
73,6.189908706439135,0.41425751643108116,0.23217644198687928,0.11598369004424332,0.027319209163113832,0.1975698216786599,0.11342468761507316,0.029567129584444553,1,1,0.5,0.6666666666666666,0.001,0.001,0.008,0.004,0.483,0.65,0.27,0.5,0.06560042430102228,Cascade(1.026 -> 2.848(45%) -> 3.856(45%))
74,6.287685725877653,0.4810674752328303,0.306616900341334,0.09824818305310025,0.030122937883677325,0.19196223338351018,0.10252615115137874,0.019461829894539456,1,1,0.5,0.6666666666666666,0.001,0.001,0.008,0.004,0.483,0.65,0.27,0.5,0.054476287824816026,Cascade(1.032 -> 2.561(45%) -> 3.114(45%))
75,8.173579857136264,0.40538997345223327,0.279263603881931,0.10420145702336363,0.025219609665776292,0.17143981589458862,0.034834266692406586,0.038788265613923796,1,1,0.5,0.6666666666666666,0.001,0.001,0.008,0.004,0.483,0.65,0.27,0.5,0.058161211491321516,Cascade(1.032 -> 2.780(45%) -> 2.990(45%))
76,5.021116174284517,0.4498918098296519,0.24134159062882848,0.11440520960953496,0.024286983000553642,0.18604474708227692,0.14177897907902542,0.048450137118728004,1,1,0.5,0.6666666666666666,0.001,0.001,0.008,0.004,0.483,0.65,0.27,0.5,0.06459230048038837,Cascade(1.001 -> 2.767(45%) -> 3.402(45%))
77,5.021116174284517,0.4498918098296519,0.24134159062882848,0.11440520960953496,0.024286983000553642,0.18604474708227692,0.14177897907902542,0.048450137118728004,1,1,0.5,0.6666666666666666,0.001,0.001,0.008,0.004,0.483,0.65,0.27,0.5,0.06459230048038837,Cascade(1.001 -> 2.767(45%) -> 3.402(45%))
78,9.527326432360208,0.24727865346565486,0.2700564021371207,0.09917410813114469,0.025468509593990895,0.17306508580240437,0.030085611179672844,0.020497281015929583,1,1,0.5,0.6666666666666666,0.001,0.001,0.008,0.004,0.483,0.65,0.27,0.5,0.055046213161900726,Cascade(1.064 -> 2.727(45%) -> 3.664(45%))
79,7.277185562233097,0.2648087905771624,0.19946733412088502,0.12352110013065462,0.03393954664174381,0.23087972627956255,0.039485531873937725,0.03691153188175138,1,1,0.5,0.6666666666666666,0.001,0.001,0.008,0.004,0.483,0.65,0.27,0.5,0.07046438890261227,Cascade(1.049 -> 2.804(45%) -> 3.503(45%))
80,6.947172616779141,0.29129924674642255,0.24297806063906968,0.13175780999260098,0.025924952674270897,0.19459326872035262,0.0419585457291068,0.010521733771903036,1,1,0.5,0.6666666666666666,0.001,0.001,0.008,0.004,0.483,0.65,0.27,0.5,0.07587618495680229,Cascade(1.105 -> 2.992(45%) -> 3.959(45%))
81,8.359393150773474,0.23254057287024088,0.26117383852366427,0.13625759364227136,0.027159483962413078,0.24231316804781602,0.0010412417402760887,0.02595679057332881,1,1,0.5,0.6666666666666666,0.001,0.001,0.008,0.004,0.483,0.65,0.27,0.5,0.07887629033802397,Cascade(1.101 -> 2.834(45%) -> 3.702(45%))
82,9.533051911944364,0.3457849523350468,0.30172120293635113,0.09624422253632821,0.023413103516336447,0.1778534134815279,0.022063591459611284,0.042149502599652694,1,1,0.5,0.6666666666666666,0.001,0.001,0.008,0.004,0.483,0.65,0.27,0.5,0.05324680900321931,Cascade(1.063 -> 3.437(45%) -> 4.070(45%))
83,5.710922873556655,0.518702319015521,0.24222652709717274,0.13744064278241444,0.03075240108459827,0.20486859800433976,0.05686335285568358,0.029986995197117963,1,1,0.5,0.6666666666666666,0.001,0.001,0.008,0.004,0.483,0.65,0.27,0.5,0.0796702520425758,Cascade(1.185 -> 2.591(45%) -> 3.816(45%))
84,6.18644368957692,0.4823417669045833,0.21060413476311285,0.1166276871618031,0.020603706367943484,0.2146725746143686,0.06400599460647918,0.022647369041778203,1,1,0.5,0.6666666666666666,0.001,0.001,0.008,0.004,0.483,0.65,0.27,0.5,0.06601275898442452,Cascade(1.059 -> 2.838(45%) -> 3.000(45%))
85,6.947172616779141,0.29129924674642255,0.24297806063906968,0.13175780999260098,0.025924952674270897,0.19459326872035262,0.0419585457291068,0.010521733771903036,1,1,0.5,0.6666666666666666,0.001,0.001,0.008,0.004,0.483,0.65,0.27,0.5,0.07587618495680229,Cascade(1.105 -> 2.992(45%) -> 3.959(45%))
86,11.110016314051954,0.29729644968923724,0.2422870887626258,0.09999350194749192,0.02939669878682729,0.21414567029387416,0.007276139530218391,0.03562360684483554,1,1,0.5,0.6666666666666666,0.001,0.001,0.008,0.004,0.483,0.65,0.27,0.5,0.05555154444099253,Cascade(1.122 -> 2.785(45%) -> 3.279(45%))
87,5.021116174284517,0.4498918098296519,0.24134159062882848,0.11440520960953496,0.024286983000553642,0.18604474708227692,0.14177897907902542,0.048450137118728004,1,1,0.5,0.6666666666666666,0.001,0.001,0.008,0.004,0.483,0.65,0.27,0.5,0.06459230048038837,Cascade(1.001 -> 2.767(45%) -> 3.402(45%))
88,7.989012192985241,0.27266082159025895,0.18662054123902602,0.11102876019130316,0.03377491186372265,0.1614627171540081,0.007553143116504207,0.017281327574480605,1,1,0.5,0.6666666666666666,0.001,0.001,0.008,0.004,0.483,0.65,0.27,0.5,0.06244789213608087,Cascade(0.965 -> 3.104(45%) -> 3.977(45%))
89,5.641017687477895,0.6213313264763486,0.19543893075680888,0.1274906280636791,0.03266025705553776,0.1599798207344675,0.044581270093149133,0.00905700964263209,1,1,0.5,0.6666666666666666,0.001,0.001,0.008,0.004,0.483,0.65,0.27,0.5,0.07305974707225488,Cascade(1.013 -> 2.974(45%) -> 3.465(45%))
90,8.071265695257116,0.2744034430555222,0.24060565823062102,0.11477160235008776,0.032078742427111284,0.21279287015118337,0.06297702085858825,0.03243915056081484,1,1,0.5,0.6666666666666666,0.001,0.001,0.008,0.004,0.483,0.65,0.27,0.5,0.06482598313315595,Cascade(0.994 -> 3.143(45%) -> 3.742(45%))
91,5.177685286886512,0.4724248747891788,0.2972519558308945,0.11592736254846703,0.03179683832937511,0.1677290539494405,0.11108232343835561,0.023709680039317903,1,1,0.5,0.6666666666666666,0.001,0.001,0.008,0.004,0.483,0.65,0.27,0.5,0.06556438783279414,Cascade(0.991 -> 2.765(45%) -> 3.061(45%))
92,4.760972526317989,0.4820051295050475,0.14867656200405127,0.12101672622314508,0.03622257585815787,0.1812882640234848,0.12922187016915201,0.004969452814292038,1,1,0.5,0.6666666666666666,0.001,0.001,0.008,0.004,0.483,0.65,0.27,0.5,0.06883903814412472,Cascade(1.021 -> 3.021(45%) -> 3.198(45%))
93,7.518482151093423,0.33914960307989794,0.21682361051378798,0.10477625904191461,0.03142425210194384,0.22648381455507247,0.08757676786714128,0.02791933863590823,1,1,0.5,0.6666666666666666,0.001,0.001,0.008,0.004,0.483,0.65,0.27,0.5,0.05851959362124438,Cascade(1.082 -> 2.972(45%) -> 3.139(45%))
94,6.038795492844658,0.7602927303528326,0.24875849110580886,0.11678806209271018,0.03227610111509982,0.2237896957069392,0.08032029846085523,0.03142488952361522,1,1,0.5,0.6666666666666666,0.001,0.001,0.008,0.004,0.483,0.65,0.27,0.5,0.06611553641894351,Cascade(1.043 -> 2.731(45%) -> 3.964(45%))
95,9.131739491907924,0.41243953886486107,0.1852216329722573,0.0989992253474647,0.02436523701290244,0.23134604081203364,0.03945551421812216,0.030131186918917474,1,1,0.5,0.6666666666666666,0.001,0.001,0.008,0.004,0.483,0.65,0.27,0.5,0.054938479595449334,Cascade(1.081 -> 2.822(45%) -> 4.003(45%))
96,9.527326432360208,0.24727865346565486,0.2700564021371207,0.09917410813114469,0.025468509593990895,0.17306508580240437,0.030085611179672844,0.020497281015929583,1,1,0.5,0.6666666666666666,0.001,0.001,0.008,0.004,0.483,0.65,0.27,0.5,0.055046213161900726,Cascade(1.064 -> 2.727(45%) -> 3.664(45%))
97,8.62735547811063,0.5567870732747258,0.23977623418377902,0.11136063778008026,0.024886099676130837,0.20641853316873363,0.0053812977303345725,0.0016566551734783766,1,1,0.5,0.6666666666666666,0.001,0.001,0.008,0.004,0.483,0.65,0.27,0.5,0.0626579479339566,Cascade(1.051 -> 3.036(45%) -> 4.138(45%))
98,5.308814635296555,0.5354236741571493,0.2710475701696002,0.12871063180204148,0.028050790811845486,0.16114456168531735,0.05737302227165259,0.032905870165099715,1,1,0.5,0.6666666666666666,0.001,0.001,0.008,0.004,0.483,0.65,0.27,0.5,0.07386216135532954,Cascade(1.047 -> 2.520(45%) -> 3.464(45%))
99,7.617426266869818,0.45561455723155503,0.22243992830450351,0.11737551459084827,0.03611161120853193,0.19770340912703077,0.030797410254934793,0.009177861346577509,1,1,0.5,0.6666666666666666,0.001,0.001,0.008,0.004,0.483,0.65,0.27,0.5,0.06649232857869186,Cascade(0.998 -> 2.885(45%) -> 4.038(45%))
100,6.208686076202255,0.6174400535424461,0.26212130409177054,0.1173810650027968,0.020150836647423967,0.1872024360553847,0.05409178572737355,0.008811084737335788,1,1,0.5,0.6666666666666666,0.001,0.001,0.008,0.004,0.483,0.65,0.27,0.5,0.06649589100599158,Cascade(1.021 -> 3.017(45%) -> 3.101(45%))
101,9.49818515346651,0.29481273167805144,0.15135082528113766,0.09155514904010703,0.023477651018804932,0.17416242457580108,0.07943055484255104,0.028104060408178932,1,1,0.5,0.6666666666666666,0.001,0.001,0.008,0.004,0.483,0.65,0.27,0.5,0.05039114314059176,Cascade(1.082 -> 3.476(45%) -> 2.724(45%))
102,8.369838940620914,0.7186933132933149,0.2622831511503577,0.11555275692036378,0.02139960649433196,0.2227800074543132,0.006999830718986974,0.028260933255690013,1,1,0.5,0.6666666666666666,0.001,0.001,0.008,0.004,0.483,0.65,0.27,0.5,0.06532484431632704,Cascade(1.101 -> 3.187(45%) -> 4.427(45%))
103,6.074241105237459,0.3250061571553157,0.2097529251245086,0.1199390074058201,0.028401276258312992,0.1774020792887343,0.09320484923303708,0.03900196229593613,1,1,0.5,0.6666666666666666,0.001,0.001,0.008,0.004,0.483,0.65,0.27,0.5,0.06814244036215751,Cascade(1.118 -> 2.817(45%) -> 3.718(45%))
104,6.892502438254902,0.5019530171882933,0.2335468409750863,0.10795810334264026,0.02706589280918756,0.18742527586681143,0.06817953547208899,0.033868638521322145,1,1,0.5,0.6666666666666666,0.001,0.001,0.008,0.004,0.483,0.65,0.27,0.5,0.060511789719282554,Cascade(1.105 -> 2.629(45%) -> 3.148(45%))
105,7.449103127193247,0.3979954476896414,0.24868407935624234,0.12592950432306194,0.02891888893938713,0.17739041977920184,0.010324282119383042,0.017213668815082843,1,1,0.5,0.6666666666666666,0.001,0.001,0.008,0.004,0.483,0.65,0.27,0.5,0.07203624018079559,Cascade(1.059 -> 3.028(45%) -> 3.388(45%))
106,9.667988475747299,0.3750160856811959,0.16194083454916042,0.09120972465502665,0.03215612602584291,0.22892085321245315,0.07009392769008044,0.04903489425727798,1,1,0.5,0.6666666666666666,0.001,0.001,0.008,0.004,0.483,0.65,0.27,0.5,0.05018194358451062,Cascade(1.017 -> 3.017(45%) -> 3.754(45%))
107,5.641017687477895,0.6213313264763486,0.19543893075680888,0.1274906280636791,0.03266025705553776,0.1599798207344675,0.044581270093149133,0.00905700964263209,1,1,0.5,0.6666666666666666,0.001,0.001,0.008,0.004,0.483,0.65,0.27,0.5,0.07305974707225488,Cascade(1.013 -> 2.974(45%) -> 3.465(45%))
108,10.29193480923037,0.27953972736093385,0.1726810088941091,0.0967058315527192,0.02004003827231593,0.22729816168264005,0.08475010469148916,0.040476406861011206,1,1,0.5,0.6666666666666666,0.001,0.001,0.008,0.004,0.483,0.65,0.27,0.5,0.053529533861018865,Cascade(0.974 -> 2.756(45%) -> 3.576(45%))
109,5.457979959999276,0.7663310749536143,0.19412134876217496,0.10586194636690426,0.03140934019466456,0.18882299748588807,0.12238855224029623,0.04813237967610307,1,1,0.5,0.6666666666666666,0.001,0.001,0.008,0.004,0.483,0.65,0.27,0.5,0.059197763665667716,Cascade(0.961 -> 3.418(45%) -> 3.176(45%))
110,6.71768664767254,0.4866890414748096,0.18878109883333977,0.1189606359514788,0.024173547493716956,0.21494947254563054,0.08103343043713782,0.011725913055866198,1,1,0.5,0.6666666666666666,0.001,0.001,0.008,0.004,0.483,0.65,0.27,0.5,0.06751153285866539,Cascade(1.050 -> 3.489(45%) -> 3.632(45%))
111,6.23844041153462,0.38597773922301987,0.30994119169923007,0.12261802575994611,0.02710880928104095,0.16840743888161636,0.0671385519216201,0.03615213370793258,1,1,0.5,0.6666666666666666,0.001,0.001,0.008,0.004,0.483,0.65,0.27,0.5,0.0698772195919297,Cascade(1.002 -> 2.929(45%) -> 3.214(45%))
112,7.795853243065133,0.24345440104929938,0.25448346125798316,0.10722901594968322,0.029519144071648774,0.22359650801241107,0.08789999875983845,0.0330512634764712,1,1,0.5,0.6666666666666666,0.001,0.001,0.008,0.004,0.483,0.65,0.27,0.5,0.06005404401877367,Cascade(1.036 -> 3.503(45%) -> 3.465(45%))
113,5.509608564658311,0.3145809202124513,0.2454611194994351,0.12178814230411021,0.036334889977329705,0.17596192717224873,0.11805143112311964,0.03958729512212505,1,1,0.5,0.6666666666666666,0.001,0.001,0.008,0.004,0.483,0.65,0.27,0.5,0.06933870297745594,Cascade(0.973 -> 2.946(45%) -> 3.826(45%))
114,8.331918876580406,0.5006431107215008,0.20881969141554108,0.1090649996436805,0.025627126544250416,0.24718748016006814,0.037170296292457286,0.04494576281676987,1,1,0.5,0.6666666666666666,0.001,0.001,0.008,0.004,0.483,0.65,0.27,0.5,0.06120816872165824,Cascade(1.107 -> 2.677(45%) -> 2.968(45%))
115,8.565654271054228,0.2634014801128822,0.19527097194613638,0.09864615138233165,0.024674298073419046,0.2018592805386666,0.06964564363366756,0.013240661693137949,1,1,0.5,0.6666666666666666,0.001,0.001,0.008,0.004,0.483,0.65,0.27,0.5,0.05472110178129104,Cascade(1.001 -> 3.126(45%) -> 3.379(45%))
116,8.708814368221287,0.5315710130287323,0.20877733050421676,0.09534610175670914,0.028601004475149485,0.19948364759844467,0.030421202221121983,0.01825893782167867,1,1,0.5,0.6666666666666666,0.001,0.001,0.008,0.004,0.483,0.65,0.27,0.5,0.05269755756420091,Cascade(1.034 -> 2.664(45%) -> 3.256(45%))
117,9.768824983256314,0.3595151082933229,0.2815457380450501,0.09496762493821037,0.024884709212156932,0.20137260241118515,0.04253521543937901,0.02803029781339171,1,1,0.5,0.6666666666666666,0.001,0.001,0.008,0.004,0.483,0.65,0.27,0.5,0.0524664241606421,Cascade(1.078 -> 2.778(45%) -> 3.936(45%))
118,9.671646284661506,0.34481201142652185,0.20351483541385018,0.09208723690958658,0.034928050868332214,0.21820480217529598,0.07397030149361697,0.026916579228568563,1,1,0.5,0.6666666666666666,0.001,0.001,0.008,0.004,0.483,0.65,0.27,0.5,0.0507137032616074,Cascade(1.044 -> 2.752(45%) -> 3.555(45%))
119,7.903421855342614,0.31565980832169904,0.2520520313369545,0.11181581017823494,0.029425962794739805,0.24736651235912022,0.08663225150736069,0.02936032194609621,1,1,0.5,0.6666666666666666,0.001,0.001,0.008,0.004,0.483,0.65,0.27,0.5,0.0629462961959914,Cascade(1.004 -> 2.811(45%) -> 3.761(45%))
120,8.87980383090472,0.3135756301136239,0.15815713735603665,0.10395749527225429,0.030389087260488244,0.22581326978242827,0.057025512657482305,0.02913409942093017,1,1,0.5,0.6666666666666666,0.001,0.001,0.008,0.004,0.483,0.65,0.27,0.5,0.058009243269012564,Cascade(1.034 -> 2.940(45%) -> 3.268(45%))
121,7.397021744427601,0.5010748041473629,0.2781820913230874,0.12035487793214084,0.021865685292295614,0.192893936381792,0.020842418686764074,0.029988490005244856,1,1,0.5,0.6666666666666666,0.001,0.001,0.008,0.004,0.483,0.65,0.27,0.5,0.06841104151706773,Cascade(1.078 -> 2.919(45%) -> 3.244(45%))
122,9.021915779206727,0.6029465762390342,0.17022883371617664,0.09470635906441027,0.024057556181289453,0.24413952501733216,0.04286955316776808,0.014066130348691766,1,1,0.5,0.6666666666666666,0.001,0.001,0.008,0.004,0.483,0.65,0.27,0.5,0.05230698349241387,Cascade(1.005 -> 3.659(45%) -> 3.651(45%))
123,4.9408903421637245,0.37387630689925216,0.2775394144838926,0.13465084092065366,0.02903661204508918,0.18831565918168597,0.10578973933725618,0.011126712669781973,1,1,0.5,0.6666666666666666,0.001,0.001,0.008,0.004,0.483,0.65,0.27,0.5,0.07780145130314221,Cascade(1.070 -> 2.737(45%) -> 3.872(45%))
124,6.262312828611369,0.5104720629923086,0.1501799332271816,0.10609359168079152,0.03658367864061928,0.2453216838939128,0.125759459523221,0.03377796147886227,1,1,0.5,0.6666666666666666,0.001,0.001,0.008,0.004,0.483,0.65,0.27,0.5,0.05934267317776412,Cascade(1.089 -> 2.727(45%) -> 3.856(45%))
125,9.580770968398404,0.31875908918229373,0.19256549302738088,0.10429760358187916,0.03075884452571967,0.18019858035012026,0.011952982106066122,0.022664957867558472,1,1,0.5,0.6666666666666666,0.001,0.001,0.008,0.004,0.483,0.65,0.27,0.5,0.05822112567687729,Cascade(1.061 -> 3.001(45%) -> 3.677(45%))
126,6.45898526955693,0.6647579592105396,0.23710793517847786,0.09643842906782482,0.02699600011585316,0.20516896259145226,0.11259445326325465,0.014329627146924064,1,1,0.5,0.6666666666666666,0.001,0.001,0.008,0.004,0.483,0.65,0.27,0.5,0.053365720815424025,Cascade(1.065 -> 3.370(45%) -> 3.147(45%))
127,5.956129736309402,0.42401677562149065,0.27620858449508856,0.1261443977292228,0.035444036740913565,0.24705184076944664,0.09517385793321739,0.04965720004353004,1,1,0.5,0.6666666666666666,0.001,0.001,0.008,0.004,0.483,0.65,0.27,0.5,0.07217691195286008,Cascade(1.031 -> 2.689(45%) -> 2.974(45%))
128,7.459358290410084,0.6000663450299883,0.24449060235484843,0.10332339658024209,0.037470623934211626,0.22414826695718587,0.05295633747262389,0.045226337983141573,1,1,0.5,0.6666666666666666,0.001,0.001,0.008,0.004,0.483,0.65,0.27,0.5,0.057614638424927034,Cascade(0.987 -> 2.915(45%) -> 3.571(45%))
129,5.308814635296555,0.5354236741571493,0.2710475701696002,0.12871063180204148,0.028050790811845486,0.16114456168531735,0.05737302227165259,0.032905870165099715,1,1,0.5,0.6666666666666666,0.001,0.001,0.008,0.004,0.483,0.65,0.27,0.5,0.07386216135532954,Cascade(1.047 -> 2.520(45%) -> 3.464(45%))
130,5.035114930823517,0.569057850924021,0.14359303087100964,0.12442331816057153,0.02803530983311519,0.24365576515287313,0.13929031274432627,0.03113276277830009,1,1,0.5,0.6666666666666666,0.001,0.001,0.008,0.004,0.483,0.65,0.27,0.5,0.07105221092639231,Cascade(1.087 -> 3.307(45%) -> 3.808(45%))
131,8.329758957015775,0.5353672257103506,0.26356238679045607,0.09721090684602503,0.030584029402014858,0.1652512024661527,0.06173557377132993,0.007220586945484935,1,1,0.5,0.6666666666666666,0.001,0.001,0.008,0.004,0.483,0.65,0.27,0.5,0.05383921205029736,Cascade(1.113 -> 3.415(45%) -> 3.406(45%))
132,9.403206840173201,0.3568765467511759,0.23759449974414104,0.09435914807748559,0.021934367607534873,0.20303760725346162,0.0337233348835764,0.03734784947556783,1,1,0.5,0.6666666666666666,0.001,0.001,0.008,0.004,0.483,0.65,0.27,0.5,0.0520952361397887,Cascade(1.074 -> 2.839(45%) -> 3.257(45%))
133,8.071265695257116,0.2744034430555222,0.24060565823062102,0.11477160235008776,0.032078742427111284,0.21279287015118337,0.06297702085858825,0.03243915056081484,1,1,0.5,0.6666666666666666,0.001,0.001,0.008,0.004,0.483,0.65,0.27,0.5,0.06482598313315595,Cascade(0.994 -> 3.143(45%) -> 3.742(45%))
134,6.44440150677341,0.49007885633980086,0.19258346427526402,0.1141711360565139,0.03651688656701151,0.16020587859345597,0.05895758570558336,0.02004274649392267,1,1,0.5,0.6666666666666666,0.001,0.001,0.008,0.004,0.483,0.65,0.27,0.5,0.06444311125077415,Cascade(1.062 -> 3.177(45%) -> 3.666(45%))
135,8.82564277047031,0.3040376273789972,0.18121280898253864,0.11368062681372584,0.021205124046653097,0.23655499175255917,0.04617510842842175,0.020812396471673246,1,1,0.5,0.6666666666666666,0.001,0.001,0.008,0.004,0.483,0.65,0.27,0.5,0.06413073563147426,Cascade(1.074 -> 3.126(45%) -> 3.565(45%))
136,8.784621583650777,0.32693618662060425,0.2717691784154717,0.1081435901728725,0.03853106135288221,0.22479138593687503,0.039290706393886446,0.020527566826078696,1,1,0.5,0.6666666666666666,0.001,0.001,0.008,0.004,0.483,0.65,0.27,0.5,0.060628364040033335,Cascade(1.069 -> 3.080(45%) -> 3.393(45%))
137,5.316283201173703,0.6792829489009843,0.208746168311484,0.11268431523595912,0.022833462672331932,0.2149454640220379,0.1251304007364191,0.03721231333248149,1,1,0.5,0.6666666666666666,0.001,0.001,0.008,0.004,0.483,0.65,0.27,0.5,0.06349730832602415,Cascade(1.003 -> 2.965(45%) -> 3.706(45%))
138,5.308814635296555,0.5354236741571493,0.2710475701696002,0.12871063180204148,0.028050790811845486,0.16114456168531735,0.05737302227165259,0.032905870165099715,1,1,0.5,0.6666666666666666,0.001,0.001,0.008,0.004,0.483,0.65,0.27,0.5,0.07386216135532954,Cascade(1.047 -> 2.520(45%) -> 3.464(45%))
139,7.736595870886608,0.3607375943048736,0.14420314427103953,0.1212245505815243,0.031949653174961366,0.17136393038097977,0.024181096826474485,0.022951348954133474,1,1,0.5,0.6666666666666666,0.001,0.001,0.008,0.004,0.483,0.65,0.27,0.5,0.06897356466987323,Cascade(1.070 -> 3.241(45%) -> 3.410(45%))
140,6.998711646232869,0.3033236018864124,0.20760877687459756,0.10436243778638662,0.027467682838268438,0.2212277502086059,0.1178084468714834,0.015229083164438457,1,1,0.5,0.6666666666666666,0.001,0.001,0.008,0.004,0.483,0.65,0.27,0.5,0.058261534681757654,Cascade(1.062 -> 3.201(45%) -> 3.819(45%))
141,7.100897654808087,0.20724444408628168,0.2635594074657973,0.1396185339859041,0.024345055530992882,0.19530533515894874,0.00478236173673742,0.01859375999641598,1,1,0.5,0.6666666666666666,0.001,0.001,0.008,0.004,0.483,0.65,0.27,0.5,0.08113757647100261,Cascade(1.130 -> 3.193(45%) -> 3.779(45%))
142,9.021915779206727,0.6029465762390342,0.17022883371617664,0.09470635906441027,0.024057556181289453,0.24413952501733216,0.04286955316776808,0.014066130348691766,1,1,0.5,0.6666666666666666,0.001,0.001,0.008,0.004,0.483,0.65,0.27,0.5,0.05230698349241387,Cascade(1.005 -> 3.659(45%) -> 3.651(45%))
143,9.667988475747299,0.3750160856811959,0.16194083454916042,0.09120972465502665,0.03215612602584291,0.22892085321245315,0.07009392769008044,0.04903489425727798,1,1,0.5,0.6666666666666666,0.001,0.001,0.008,0.004,0.483,0.65,0.27,0.5,0.05018194358451062,Cascade(1.017 -> 3.017(45%) -> 3.754(45%))
144,5.422942311906882,0.6134801408166437,0.1873343039401596,0.13004095708098387,0.024426124425239597,0.22370344661763839,0.07731252338424181,0.02112021274874432,1,1,0.5,0.6666666666666666,0.001,0.001,0.008,0.004,0.483,0.65,0.27,0.5,0.07473970075915935,Cascade(1.037 -> 3.031(45%) -> 3.609(45%))
145,5.591772279880416,0.5427356874712742,0.18695217797076583,0.1290367803501697,0.020601522426093574,0.2163309201760507,0.08107209519230475,0.008937834428238528,1,1,0.5,0.6666666666666666,0.001,0.001,0.008,0.004,0.483,0.65,0.27,0.5,0.07407705482790007,Cascade(1.033 -> 2.913(45%) -> 3.358(45%))
146,8.907491797551845,0.2588970830971756,0.29582248918771714,0.10383349242701809,0.03347585896781843,0.16852586311609397,0.022064864177920397,0.017539861652492928,1,1,0.5,0.6666666666666666,0.001,0.001,0.008,0.004,0.483,0.65,0.27,0.5,0.05793203135219942,Cascade(1.002 -> 2.992(45%) -> 3.861(45%))
147,6.23844041153462,0.38597773922301987,0.30994119169923007,0.12261802575994611,0.02710880928104095,0.16840743888161636,0.0671385519216201,0.03615213370793258,1,1,0.5,0.6666666666666666,0.001,0.001,0.008,0.004,0.483,0.65,0.27,0.5,0.0698772195919297,Cascade(1.002 -> 2.929(45%) -> 3.214(45%))
148,5.484463981173457,0.6880815773907163,0.20319740364881753,0.12797780550633397,0.028630395108111547,0.19729493296992034,0.0700568142269468,0.0192439571537094,1,1,0.5,0.6666666666666666,0.001,0.001,0.008,0.004,0.483,0.65,0.27,0.5,0.0733799015176692,Cascade(1.008 -> 3.143(45%) -> 3.540(45%))
149,6.698493133580479,0.7533249619740046,0.1947760651301818,0.10154325506947506,0.02658256990040757,0.17567029367143255,0.06806710077736827,0.032245207680596834,1,1,0.5,0.6666666666666666,0.001,0.001,0.008,0.004,0.483,0.65,0.27,0.5,0.056509818442805004,Cascade(0.929 -> 2.977(45%) -> 3.914(45%))
150,6.351907573910233,0.5751877072569217,0.18416462211399698,0.1147136872039412,0.024167911841546243,0.20924755244598583,0.06651110148789795,0.02221720315826989,1,1,0.5,0.6666666666666666,0.001,0.001,0.008,0.004,0.483,0.65,0.27,0.5,0.06478903239881419,Cascade(1.036 -> 3.131(45%) -> 3.239(45%))
151,9.269126888989272,0.306722797837353,0.1961863324660285,0.0996716924988878,0.031928570196733806,0.2492190959989012,0.045923734127471735,0.035912196730491494,1,1,0.5,0.6666666666666666,0.001,0.001,0.008,0.004,0.483,0.65,0.27,0.5,0.055352970504464936,Cascade(1.086 -> 2.840(45%) -> 3.017(45%))
152,10.126181952977955,0.36143904336447225,0.29432472410920096,0.09399150093444597,0.02299910342644461,0.24229433265010497,0.03452650455512272,0.02686337811786024,1,1,0.5,0.6666666666666666,0.001,0.001,0.008,0.004,0.483,0.65,0.27,0.5,0.05187120266056425,Cascade(1.048 -> 2.847(45%) -> 3.300(45%))
153,6.62022431894759,0.3139627132997355,0.21279563945270374,0.12936489927136852,0.03145529128943819,0.23801439967691002,0.07776653004319857,0.011201142850390103,1,1,0.5,0.6666666666666666,0.001,0.001,0.008,0.004,0.483,0.65,0.27,0.5,0.07429340900860962,Cascade(1.018 -> 3.151(45%) -> 3.716(45%))
154,6.095947815359116,0.5813637534992606,0.20452309799121127,0.12077937470758099,0.030214735219888593,0.23947273833492283,0.08236707294056295,0.038846197566130905,1,1,0.5,0.6666666666666666,0.001,0.001,0.008,0.004,0.483,0.65,0.27,0.5,0.0686854762235651,Cascade(0.930 -> 2.865(45%) -> 3.773(45%))
155,8.071265695257116,0.2744034430555222,0.24060565823062102,0.11477160235008776,0.032078742427111284,0.21279287015118337,0.06297702085858825,0.03243915056081484,1,1,0.5,0.6666666666666666,0.001,0.001,0.008,0.004,0.483,0.65,0.27,0.5,0.06482598313315595,Cascade(0.994 -> 3.143(45%) -> 3.742(45%))
156,7.3799805649958925,0.31225461194414583,0.2221791953360563,0.10380168163659012,0.028799085474412983,0.20715653249596533,0.07139573885965368,0.03468249899779586,1,1,0.5,0.6666666666666666,0.001,0.001,0.008,0.004,0.483,0.65,0.27,0.5,0.0579122274108633,Cascade(1.029 -> 3.279(45%) -> 3.052(45%))
157,6.015360011681547,0.576725466447688,0.29053800015932063,0.12137313351072748,0.033170168074835416,0.19318755410711133,0.06228272164068108,0.04292380133790405,1,1,0.5,0.6666666666666666,0.001,0.001,0.008,0.004,0.483,0.65,0.27,0.5,0.06906978271430389,Cascade(1.068 -> 2.747(45%) -> 3.268(45%))
158,6.76836137627375,0.21839848574405046,0.2855943500125263,0.1061244434618765,0.02678457819847518,0.21843342177724354,0.13117300666811393,0.0060947113992907845,1,1,0.5,0.6666666666666666,0.001,0.001,0.008,0.004,0.483,0.65,0.27,0.5,0.05936197868128544,Cascade(1.043 -> 2.471(45%) -> 3.549(45%))
159,6.7615004251921285,0.37356483011064645,0.14228904171382242,0.11705828868921303,0.03918567762411841,0.20639582546587054,0.0956450462161219,0.028261688560918603,1,1,0.5,0.6666666666666666,0.001,0.001,0.008,0.004,0.483,0.65,0.27,0.5,0.0662887975444223,Cascade(1.065 -> 3.122(45%) -> 3.445(45%))
160,7.736595870886608,0.3607375943048736,0.14420314427103953,0.1212245505815243,0.031949653174961366,0.17136393038097977,0.024181096826474485,0.022951348954133474,1,1,0.5,0.6666666666666666,0.001,0.001,0.008,0.004,0.483,0.65,0.27,0.5,0.06897356466987323,Cascade(1.070 -> 3.241(45%) -> 3.410(45%))
161,8.158150037046372,0.3742644059683271,0.2296379654540303,0.09280247087712805,0.0288375982993939,0.1812359896061557,0.08550870562856178,0.01931918300174529,1,1,0.5,0.6666666666666666,0.001,0.001,0.008,0.004,0.483,0.65,0.27,0.5,0.051147885602628645,Cascade(1.017 -> 2.933(45%) -> 3.555(45%))
162,6.387655354660759,0.6180004997653566,0.17468812940372822,0.09621721527710793,0.03676367842729104,0.20308643972971732,0.12771736463473643,0.017720170320849486,1,1,0.5,0.6666666666666666,0.001,0.001,0.008,0.004,0.483,0.65,0.27,0.5,0.05323027662371827,Cascade(0.980 -> 3.021(45%) -> 3.460(45%))
163,6.18644368957692,0.4823417669045833,0.21060413476311285,0.1166276871618031,0.020603706367943484,0.2146725746143686,0.06400599460647918,0.022647369041778203,1,1,0.5,0.6666666666666666,0.001,0.001,0.008,0.004,0.483,0.65,0.27,0.5,0.06601275898442452,Cascade(1.059 -> 2.838(45%) -> 3.000(45%))
164,9.269126888989272,0.306722797837353,0.1961863324660285,0.0996716924988878,0.031928570196733806,0.2492190959989012,0.045923734127471735,0.035912196730491494,1,1,0.5,0.6666666666666666,0.001,0.001,0.008,0.004,0.483,0.65,0.27,0.5,0.055352970504464936,Cascade(1.086 -> 2.840(45%) -> 3.017(45%))
165,7.914644508366585,0.3425360185027469,0.30528782525727893,0.1166637325302031,0.026058960857316793,0.18314213563604148,0.007520999168270856,0.048320329929835024,1,1,0.5,0.6666666666666666,0.001,0.001,0.008,0.004,0.483,0.65,0.27,0.5,0.06603585566817682,Cascade(1.010 -> 3.200(45%) -> 4.097(45%))
166,6.658442433355202,0.7661490415273088,0.24645921704361157,0.1120412116190029,0.036904804935947305,0.1741293829309496,0.021838460256111216,0.04956213277286076,1,1,0.5,0.6666666666666666,0.001,0.001,0.008,0.004,0.483,0.65,0.27,0.5,0.06308919574031475,Cascade(1.021 -> 2.519(45%) -> 3.389(45%))
167,6.6061989563239685,0.29618922694534283,0.21250518651844036,0.12906344628996846,0.03311488229766631,0.22349430361094325,0.08733767687007181,0.018573969171443286,1,1,0.5,0.6666666666666666,0.001,0.001,0.008,0.004,0.483,0.65,0.27,0.5,0.0740946316584036,Cascade(1.121 -> 3.021(45%) -> 4.093(45%))
168,5.240737830044465,0.6663550834401498,0.2455563327201722,0.10641920742002525,0.026414350204107505,0.20605291563795666,0.14897945246012134,0.044091416233575306,1,1,0.5,0.6666666666666666,0.001,0.001,0.008,0.004,0.483,0.65,0.27,0.5,0.059546494454501615,Cascade(1.098 -> 2.732(45%) -> 3.727(45%))
169,5.159878396521551,0.6415239920165443,0.22551550068545514,0.11422255310958432,0.0359397380275732,0.18645160274135877,0.10044032682744458,0.008332079982554388,1,1,0.5,0.6666666666666666,0.001,0.001,0.008,0.004,0.483,0.65,0.27,0.5,0.06447587569009047,Cascade(0.981 -> 2.635(45%) -> 3.555(45%))
170,11.007660360556168,0.4622044628238955,0.21313242534928636,0.09100503054368976,0.026662257589105825,0.24364151383593763,0.0017415482949190708,0.017613335180873543,1,1,0.5,0.6666666666666666,0.001,0.001,0.008,0.004,0.483,0.65,0.27,0.5,0.050058049605116,Cascade(1.070 -> 2.958(45%) -> 3.492(45%))
171,5.483380216389892,0.7024659382066252,0.30909347307594237,0.10665721048538127,0.0218415372221286,0.23717993861886572,0.14048338521499748,0.00806285434245338,1,1,0.5,0.6666666666666666,0.001,0.001,0.008,0.004,0.483,0.65,0.27,0.5,0.05969556800437796,Cascade(1.058 -> 2.806(45%) -> 3.542(45%))
172,6.015360011681547,0.576725466447688,0.29053800015932063,0.12137313351072748,0.033170168074835416,0.19318755410711133,0.06228272164068108,0.04292380133790405,1,1,0.5,0.6666666666666666,0.001,0.001,0.008,0.004,0.483,0.65,0.27,0.5,0.06906978271430389,Cascade(1.068 -> 2.747(45%) -> 3.268(45%))
173,7.2939464211834135,0.31523341461613724,0.26960203905877816,0.11496539942420698,0.03631280736882739,0.2170289559968466,0.0655586095320639,0.010235131683315163,1,1,0.5,0.6666666666666666,0.001,0.001,0.008,0.004,0.483,0.65,0.27,0.5,0.06494966374727715,Cascade(1.062 -> 2.659(45%) -> 3.745(45%))
174,6.18644368957692,0.4823417669045833,0.21060413476311285,0.1166276871618031,0.020603706367943484,0.2146725746143686,0.06400599460647918,0.022647369041778203,1,1,0.5,0.6666666666666666,0.001,0.001,0.008,0.004,0.483,0.65,0.27,0.5,0.06601275898442452,Cascade(1.059 -> 2.838(45%) -> 3.000(45%))
175,11.110016314051954,0.29729644968923724,0.2422870887626258,0.09999350194749192,0.02939669878682729,0.21414567029387416,0.007276139530218391,0.03562360684483554,1,1,0.5,0.6666666666666666,0.001,0.001,0.008,0.004,0.483,0.65,0.27,0.5,0.05555154444099253,Cascade(1.122 -> 2.785(45%) -> 3.279(45%))
176,5.422942311906882,0.6134801408166437,0.1873343039401596,0.13004095708098387,0.024426124425239597,0.22370344661763839,0.07731252338424181,0.02112021274874432,1,1,0.5,0.6666666666666666,0.001,0.001,0.008,0.004,0.483,0.65,0.27,0.5,0.07473970075915935,Cascade(1.037 -> 3.031(45%) -> 3.609(45%))
177,8.329758957015775,0.5353672257103506,0.26356238679045607,0.09721090684602503,0.030584029402014858,0.1652512024661527,0.06173557377132993,0.007220586945484935,1,1,0.5,0.6666666666666666,0.001,0.001,0.008,0.004,0.483,0.65,0.27,0.5,0.05383921205029736,Cascade(1.113 -> 3.415(45%) -> 3.406(45%))
178,7.545600599112591,0.22822882796229124,0.29739131029932037,0.11432343267808981,0.030046877500151066,0.17274309655061806,0.0522855954394538,0.012271762719926676,1,1,0.5,0.6666666666666666,0.001,0.001,0.008,0.004,0.483,0.65,0.27,0.5,0.06454017013444227,Cascade(1.121 -> 3.021(45%) -> 4.093(45%))
179,5.035114930823517,0.569057850924021,0.14359303087100964,0.12442331816057153,0.02803530983311519,0.24365576515287313,0.13929031274432627,0.03113276277830009,1,1,0.5,0.6666666666666666,0.001,0.001,0.008,0.004,0.483,0.65,0.27,0.5,0.07105221092639231,Cascade(1.087 -> 3.307(45%) -> 3.808(45%))
180,6.892502438254902,0.5019530171882933,0.2335468409750863,0.10795810334264026,0.02706589280918756,0.18742527586681143,0.06817953547208899,0.033868638521322145,1,1,0.5,0.6666666666666666,0.001,0.001,0.008,0.004,0.483,0.65,0.27,0.5,0.060511789719282554,Cascade(1.105 -> 2.629(45%) -> 3.148(45%))
181,4.9408903421637245,0.37387630689925216,0.2775394144838926,0.13465084092065366,0.02903661204508918,0.18831565918168597,0.10578973933725618,0.011126712669781973,1,1,0.5,0.6666666666666666,0.001,0.001,0.008,0.004,0.483,0.65,0.27,0.5,0.07780145130314221,Cascade(1.070 -> 2.737(45%) -> 3.872(45%))
182,9.413724346049118,0.4170148325535264,0.1787073394668303,0.09312329875581114,0.025940722551616807,0.17524823451992186,0.0373138295683247,0.01869647937435928,1,1,0.5,0.6666666666666666,0.001,0.001,0.008,0.004,0.483,0.65,0.27,0.5,0.051342866471291354,Cascade(0.995 -> 3.062(45%) -> 3.331(45%))
183,7.362126354015914,0.309025835958157,0.29726209540814663,0.11033899072625487,0.02666405798270925,0.1594747466711057,0.05629601492503006,0.03804555282969803,1,1,0.5,0.6666666666666666,0.001,0.001,0.008,0.004,0.483,0.65,0.27,0.5,0.06201181662233778,Cascade(0.984 -> 2.688(45%) -> 3.970(45%))
184,4.876184256761164,0.602106301687556,0.21141870811249414,0.13439811065092877,0.030475814413643224,0.21342554040597309,0.08496380940115483,0.015960211894827967,1,1,0.5,0.6666666666666666,0.001,0.001,0.008,0.004,0.483,0.65,0.27,0.5,0.07763275028893223,Cascade(1.057 -> 2.485(45%) -> 3.306(45%))
185,6.287685725877653,0.4810674752328303,0.306616900341334,0.09824818305310025,0.030122937883677325,0.19196223338351018,0.10252615115137874,0.019461829894539456,1,1,0.5,0.6666666666666666,0.001,0.001,0.008,0.004,0.483,0.65,0.27,0.5,0.054476287824816026,Cascade(1.032 -> 2.561(45%) -> 3.114(45%))
186,11.58351859526002,0.25901155171355483,0.21533463256462165,0.09923144793877497,0.020010081316403333,0.18173348285802252,0.003184428169763701,0.02450196000306066,1,1,0.5,0.6666666666666666,0.001,0.001,0.008,0.004,0.483,0.65,0.27,0.5,0.055081545482301784,Cascade(0.983 -> 2.909(45%) -> 4.046(45%))
187,8.82564277047031,0.3040376273789972,0.18121280898253864,0.11368062681372584,0.021205124046653097,0.23655499175255917,0.04617510842842175,0.020812396471673246,1,1,0.5,0.6666666666666666,0.001,0.001,0.008,0.004,0.483,0.65,0.27,0.5,0.06413073563147426,Cascade(1.074 -> 3.126(45%) -> 3.565(45%))
188,6.404267646542627,0.5322442849948479,0.21326623189333527,0.11474045074848346,0.026675856921405443,0.21888664571743086,0.0648032276095069,0.04413213438543519,1,1,0.5,0.6666666666666666,0.001,0.001,0.008,0.004,0.483,0.65,0.27,0.5,0.06480610734190671,Cascade(1.049 -> 3.017(45%) -> 3.450(45%))
189,8.316553647779791,0.2774787534008028,0.23598232586478182,0.09765925634865721,0.039552804913570695,0.20997806062955726,0.05757051841974216,0.035743293348784504,1,1,0.5,0.6666666666666666,0.001,0.001,0.008,0.004,0.483,0.65,0.27,0.5,0.0541144002616333,Cascade(1.015 -> 2.884(45%) -> 3.303(45%))
190,8.452639691212186,0.7725248236199944,0.301269666162707,0.09100141335457221,0.0330570421419437,0.20246035568052126,0.019821889921273,0.025505279334566755,1,1,0.5,0.6666666666666666,0.001,0.001,0.008,0.004,0.483,0.65,0.27,0.5,0.050055860752437585,Cascade(1.004 -> 2.948(45%) -> 3.453(45%))
191,7.088219942141929,0.549206044769306,0.2516137221257511,0.10798809620045488,0.02495252375145101,0.17983628671649304,0.04872113724328031,0.027159011222017533,1,1,0.5,0.6666666666666666,0.001,0.001,0.008,0.004,0.483,0.65,0.27,0.5,0.06053063627316918,Cascade(1.023 -> 3.271(45%) -> 3.539(45%))
192,5.159878396521551,0.6415239920165443,0.22551550068545514,0.11422255310958432,0.0359397380275732,0.18645160274135877,0.10044032682744458,0.008332079982554388,1,1,0.5,0.6666666666666666,0.001,0.001,0.008,0.004,0.483,0.65,0.27,0.5,0.06447587569009047,Cascade(0.981 -> 2.635(45%) -> 3.555(45%))
193,5.928548368965967,0.6034925272918373,0.23000258781141236,0.11505274857736572,0.03907732544020304,0.2346656327150848,0.0837464827230573,0.024080114024866067,1,1,0.5,0.6666666666666666,0.001,0.001,0.008,0.004,0.483,0.65,0.27,0.5,0.06500542738135398,Cascade(1.015 -> 2.665(45%) -> 3.346(45%))
194,8.971353001719994,0.28538945599587257,0.22489462668538387,0.1061240460956384,0.020685412356449946,0.2029139330844452,0.023348259261914615,0.04218547493140171,1,1,0.5,0.6666666666666666,0.001,0.001,0.008,0.004,0.483,0.65,0.27,0.5,0.05936173002087095,Cascade(0.998 -> 2.787(45%) -> 3.353(45%))
195,8.87980383090472,0.3135756301136239,0.15815713735603665,0.10395749527225429,0.030389087260488244,0.22581326978242827,0.057025512657482305,0.02913409942093017,1,1,0.5,0.6666666666666666,0.001,0.001,0.008,0.004,0.483,0.65,0.27,0.5,0.058009243269012564,Cascade(1.034 -> 2.940(45%) -> 3.268(45%))
196,9.131739491907924,0.41243953886486107,0.1852216329722573,0.0989992253474647,0.02436523701290244,0.23134604081203364,0.03945551421812216,0.030131186918917474,1,1,0.5,0.6666666666666666,0.001,0.001,0.008,0.004,0.483,0.65,0.27,0.5,0.054938479595449334,Cascade(1.081 -> 2.822(45%) -> 4.003(45%))
197,7.759798295683966,0.4469353876606899,0.2707356239081665,0.11957485980174876,0.02668840039424615,0.19046973447360882,0.014172045119623403,0.013325264997404891,1,1,0.5,0.6666666666666666,0.001,0.001,0.008,0.004,0.483,0.65,0.27,0.5,0.06790745421855132,Cascade(1.053 -> 2.901(45%) -> 3.140(45%))
198,6.008258561658438,0.49463470861179587,0.2531776889979764,0.13004766037300083,0.023357119452644088,0.21966097549774796,0.0682626845739723,0.016573815519345367,1,1,0.5,0.6666666666666666,0.001,0.001,0.008,0.004,0.483,0.65,0.27,0.5,0.07474412933285522,Cascade(1.014 -> 2.888(45%) -> 3.674(45%))
199,9.213258767547678,0.27969375856218825,0.2954338463998307,0.10272201765601044,0.0299680740309164,0.17946144123519067,0.016485597917358583,0.01645230542210729,1,1,0.5,0.6666666666666666,0.001,0.001,0.008,0.004,0.483,0.65,0.27,0.5,0.05724091066386486,Cascade(1.121 -> 2.869(45%) -> 2.672(45%))
200,6.7615004251921285,0.37356483011064645,0.14228904171382242,0.11705828868921303,0.03918567762411841,0.20639582546587054,0.0956450462161219,0.028261688560918603,1,1,0.5,0.6666666666666666,0.001,0.001,0.008,0.004,0.483,0.65,0.27,0.5,0.0662887975444223,Cascade(1.065 -> 3.122(45%) -> 3.445(45%))
201,8.907491797551845,0.2588970830971756,0.29582248918771714,0.10383349242701809,0.03347585896781843,0.16852586311609397,0.022064864177920397,0.017539861652492928,1,1,0.5,0.6666666666666666,0.001,0.001,0.008,0.004,0.483,0.65,0.27,0.5,0.05793203135219942,Cascade(1.002 -> 2.992(45%) -> 3.861(45%))
202,5.483380216389892,0.7024659382066252,0.30909347307594237,0.10665721048538127,0.0218415372221286,0.23717993861886572,0.14048338521499748,0.00806285434245338,1,1,0.5,0.6666666666666666,0.001,0.001,0.008,0.004,0.483,0.65,0.27,0.5,0.05969556800437796,Cascade(1.058 -> 2.806(45%) -> 3.542(45%))
203,5.817253764570277,0.4890762486373797,0.22630648136400916,0.1324209818366041,0.032515876010570835,0.23976790508969978,0.061560998981627923,0.039899031367243105,1,1,0.5,0.6666666666666666,0.001,0.001,0.008,0.004,0.483,0.65,0.27,0.5,0.07631638102367325,Cascade(1.127 -> 2.796(45%) -> 3.318(45%))
204,8.801430558081323,0.665770273668816,0.16722924200747452,0.0936736907804931,0.02688406235757442,0.18377664019169565,0.03340326880609689,0.03566482298931312,1,1,0.5,0.6666666666666666,0.001,0.001,0.008,0.004,0.483,0.65,0.27,0.5,0.05167768486228832,Cascade(1.061 -> 3.082(45%) -> 3.355(45%))
205,5.308814635296555,0.5354236741571493,0.2710475701696002,0.12871063180204148,0.028050790811845486,0.16114456168531735,0.05737302227165259,0.032905870165099715,1,1,0.5,0.6666666666666666,0.001,0.001,0.008,0.004,0.483,0.65,0.27,0.5,0.07386216135532954,Cascade(1.047 -> 2.520(45%) -> 3.464(45%))
206,8.086521666391032,0.38024650476175526,0.282336800557743,0.09475830921760559,0.03209297592332536,0.24437190502764294,0.0927675273797247,0.04826927970730155,1,1,0.5,0.6666666666666666,0.001,0.001,0.008,0.004,0.483,0.65,0.27,0.5,0.052338679372857105,Cascade(0.992 -> 3.033(45%) -> 3.983(45%))
207,7.795853243065133,0.24345440104929938,0.25448346125798316,0.10722901594968322,0.029519144071648774,0.22359650801241107,0.08789999875983845,0.0330512634764712,1,1,0.5,0.6666666666666666,0.001,0.001,0.008,0.004,0.483,0.65,0.27,0.5,0.06005404401877367,Cascade(1.036 -> 3.503(45%) -> 3.465(45%))
208,9.413724346049118,0.4170148325535264,0.1787073394668303,0.09312329875581114,0.025940722551616807,0.17524823451992186,0.0373138295683247,0.01869647937435928,1,1,0.5,0.6666666666666666,0.001,0.001,0.008,0.004,0.483,0.65,0.27,0.5,0.051342866471291354,Cascade(0.995 -> 3.062(45%) -> 3.331(45%))
209,5.484463981173457,0.6880815773907163,0.20319740364881753,0.12797780550633397,0.028630395108111547,0.19729493296992034,0.0700568142269468,0.0192439571537094,1,1,0.5,0.6666666666666666,0.001,0.001,0.008,0.004,0.483,0.65,0.27,0.5,0.0733799015176692,Cascade(1.008 -> 3.143(45%) -> 3.540(45%))
210,7.291992961378732,0.3985664680004789,0.25823699529739985,0.10605209518595436,0.023661027510444677,0.2158599024139558,0.08531464946843792,0.024901773159899727,1,1,0.5,0.6666666666666666,0.001,0.001,0.008,0.004,0.483,0.65,0.27,0.5,0.05931670884558691,Cascade(1.024 -> 3.011(45%) -> 3.477(45%))
211,6.62022431894759,0.3139627132997355,0.21279563945270374,0.12936489927136852,0.03145529128943819,0.23801439967691002,0.07776653004319857,0.011201142850390103,1,1,0.5,0.6666666666666666,0.001,0.001,0.008,0.004,0.483,0.65,0.27,0.5,0.07429340900860962,Cascade(1.018 -> 3.151(45%) -> 3.716(45%))
212,6.423265807755888,0.6402216844860894,0.21080912095262885,0.10411377024280925,0.024225260083076537,0.21162446311120142,0.07355272310221277,0.0404151498311691,1,1,0.5,0.6666666666666666,0.001,0.001,0.008,0.004,0.483,0.65,0.27,0.5,0.05810658026914136,Cascade(1.026 -> 2.521(45%) -> 3.209(45%))
213,8.245669242333333,0.3893213237961849,0.1923399894147991,0.11563339852611808,0.026217600979040356,0.23076498517712682,0.0035530682672364894,0.009518693104764227,1,1,0.5,0.6666666666666666,0.001,0.001,0.008,0.004,0.483,0.65,0.27,0.5,0.06537639386958073,Cascade(1.004 -> 3.059(45%) -> 3.445(45%))
214,7.663230158972536,0.3586592824890134,0.23116043377292525,0.10819311372416249,0.022616314532214132,0.2190265434635769,0.05124715923477626,0.023462925095916413,1,1,0.5,0.6666666666666666,0.001,0.001,0.008,0.004,0.483,0.65,0.27,0.5,0.06065949668541703,Cascade(1.060 -> 3.039(45%) -> 3.156(45%))
215,5.593158107136949,0.42661208015095115,0.275713632077564,0.1262046501019482,0.022569684692020205,0.16188105430824162,0.09599117835425561,0.006558233728514657,1,1,0.5,0.6666666666666666,0.001,0.001,0.008,0.004,0.483,0.65,0.27,0.5,0.072216366290272,Cascade(1.051 -> 3.510(45%) -> 3.437(45%))
216,8.462679858492201,0.30396040858210327,0.19716713780946446,0.09214521309867596,0.022707066734570486,0.17991526700120034,0.09625789493145327,0.016409685932069915,1,1,0.5,0.6666666666666666,0.001,0.001,0.008,0.004,0.483,0.65,0.27,0.5,0.050748872191986004,Cascade(1.054 -> 3.088(45%) -> 3.305(45%))
217,5.945782272865576,0.5473861966719654,0.17321046909987706,0.12893539562319928,0.03262493669002032,0.18368009564527998,0.06019963254851404,0.02753135043602773,1,1,0.5,0.6666666666666666,0.001,0.001,0.008,0.004,0.483,0.65,0.27,0.5,0.07401023699926686,Cascade(1.065 -> 3.080(45%) -> 3.820(45%))
218,6.5369273846158,0.6261520406141793,0.24492592209342354,0.11528267249640944,0.03476299169080976,0.15720562887287015,0.029100708613937855,0.027113023059924028,1,1,0.5,0.6666666666666666,0.001,0.001,0.008,0.004,0.483,0.65,0.27,0.5,0.06515226327809295,Cascade(1.012 -> 3.044(45%) -> 3.180(45%))
219,5.710922873556655,0.518702319015521,0.24222652709717274,0.13744064278241444,0.03075240108459827,0.20486859800433976,0.05686335285568358,0.029986995197117963,1,1,0.5,0.6666666666666666,0.001,0.001,0.008,0.004,0.483,0.65,0.27,0.5,0.0796702520425758,Cascade(1.185 -> 2.591(45%) -> 3.816(45%))
220,5.991051984117691,0.3331144842718312,0.295050822521661,0.10038306459788184,0.023542329881596505,0.16764669532786788,0.14511579612807574,0.013524310598537988,1,1,0.5,0.6666666666666666,0.001,0.001,0.008,0.004,0.483,0.65,0.27,0.5,0.055792115870413106,Cascade(1.040 -> 2.870(45%) -> 3.766(45%))
221,7.277185562233097,0.2648087905771624,0.19946733412088502,0.12352110013065462,0.03393954664174381,0.23087972627956255,0.039485531873937725,0.03691153188175138,1,1,0.5,0.6666666666666666,0.001,0.001,0.008,0.004,0.483,0.65,0.27,0.5,0.07046438890261227,Cascade(1.049 -> 2.804(45%) -> 3.503(45%))
222,8.679875944480521,0.2750331020415737,0.19533286219827523,0.09295375277089035,0.032676967014066735,0.19943822490791574,0.08256997981866504,0.016089957395400756,1,1,0.5,0.6666666666666666,0.001,0.001,0.008,0.004,0.483,0.65,0.27,0.5,0.05123980891539441,Cascade(1.060 -> 3.025(45%) -> 3.285(45%))
223,6.76836137627375,0.21839848574405046,0.2855943500125263,0.1061244434618765,0.02678457819847518,0.21843342177724354,0.13117300666811393,0.0060947113992907845,1,1,0.5,0.6666666666666666,0.001,0.001,0.008,0.004,0.483,0.65,0.27,0.5,0.05936197868128544,Cascade(1.043 -> 2.471(45%) -> 3.549(45%))
224,5.784823398946387,0.40962991092690104,0.19871692611479486,0.10256247031037065,0.02711284480613899,0.2052683530569679,0.1421362646189688,0.03516710912675348,1,1,0.5,0.6666666666666666,0.001,0.001,0.008,0.004,0.483,0.65,0.27,0.5,0.05714184381493437,Cascade(1.060 -> 2.652(45%) -> 3.571(45%))
225,6.074241105237459,0.3250061571553157,0.2097529251245086,0.1199390074058201,0.028401276258312992,0.1774020792887343,0.09320484923303708,0.03900196229593613,1,1,0.5,0.6666666666666666,0.001,0.001,0.008,0.004,0.483,0.65,0.27,0.5,0.06814244036215751,Cascade(1.118 -> 2.817(45%) -> 3.718(45%))
226,6.423265807755888,0.6402216844860894,0.21080912095262885,0.10411377024280925,0.024225260083076537,0.21162446311120142,0.07355272310221277,0.0404151498311691,1,1,0.5,0.6666666666666666,0.001,0.001,0.008,0.004,0.483,0.65,0.27,0.5,0.05810658026914136,Cascade(1.026 -> 2.521(45%) -> 3.209(45%))
227,6.038795492844658,0.7602927303528326,0.24875849110580886,0.11678806209271018,0.03227610111509982,0.2237896957069392,0.08032029846085523,0.03142488952361522,1,1,0.5,0.6666666666666666,0.001,0.001,0.008,0.004,0.483,0.65,0.27,0.5,0.06611553641894351,Cascade(1.043 -> 2.731(45%) -> 3.964(45%))
228,10.71652649096206,0.23100480909969018,0.21267650545904526,0.10608987424434645,0.029794288553345327,0.18898453517680178,0.001816451331029919,0.022736863402550492,1,1,0.5,0.6666666666666666,0.001,0.001,0.008,0.004,0.483,0.65,0.27,0.5,0.05934034708168506,Cascade(1.083 -> 3.182(45%) -> 3.658(45%))
229,5.045645505481017,0.39315323467209895,0.2535906942962601,0.11820458861617493,0.02805945325973739,0.188032564725274,0.13047613625265314,0.0095542947877842,1,1,0.5,0.6666666666666666,0.001,0.001,0.008,0.004,0.483,0.65,0.27,0.5,0.06702495107718541,Cascade(1.031 -> 2.708(45%) -> 3.426(45%))
230,4.9408903421637245,0.37387630689925216,0.2775394144838926,0.13465084092065366,0.02903661204508918,0.18831565918168597,0.10578973933725618,0.011126712669781973,1,1,0.5,0.6666666666666666,0.001,0.001,0.008,0.004,0.483,0.65,0.27,0.5,0.07780145130314221,Cascade(1.070 -> 2.737(45%) -> 3.872(45%))
231,6.840746747077057,0.6160702647984804,0.26957482966547236,0.10737662879744485,0.02716195637030773,0.19161101478182943,0.05214987542373382,0.023777890147532958,1,1,0.5,0.6666666666666666,0.001,0.001,0.008,0.004,0.483,0.65,0.27,0.5,0.06014665998089737,Cascade(1.017 -> 2.788(45%) -> 3.576(45%))
232,8.369838940620914,0.7186933132933149,0.2622831511503577,0.11555275692036378,0.02139960649433196,0.2227800074543132,0.006999830718986974,0.028260933255690013,1,1,0.5,0.6666666666666666,0.001,0.001,0.008,0.004,0.483,0.65,0.27,0.5,0.06532484431632704,Cascade(1.101 -> 3.187(45%) -> 4.427(45%))
233,8.369838940620914,0.7186933132933149,0.2622831511503577,0.11555275692036378,0.02139960649433196,0.2227800074543132,0.006999830718986974,0.028260933255690013,1,1,0.5,0.6666666666666666,0.001,0.001,0.008,0.004,0.483,0.65,0.27,0.5,0.06532484431632704,Cascade(1.101 -> 3.187(45%) -> 4.427(45%))
234,9.695411981125623,0.3694956310909183,0.17151572748908744,0.09309940867086541,0.027871659573547616,0.21732323480450277,0.02270979415821272,0.040467876873939546,1,1,0.5,0.6666666666666666,0.001,0.001,0.008,0.004,0.483,0.65,0.27,0.5,0.05132834268771446,Cascade(1.041 -> 2.483(45%) -> 3.663(45%))
235,7.545600599112591,0.22822882796229124,0.29739131029932037,0.11432343267808981,0.030046877500151066,0.17274309655061806,0.0522855954394538,0.012271762719926676,1,1,0.5,0.6666666666666666,0.001,0.001,0.008,0.004,0.483,0.65,0.27,0.5,0.06454017013444227,Cascade(1.121 -> 3.021(45%) -> 4.093(45%))
236,6.892502438254902,0.5019530171882933,0.2335468409750863,0.10795810334264026,0.02706589280918756,0.18742527586681143,0.06817953547208899,0.033868638521322145,1,1,0.5,0.6666666666666666,0.001,0.001,0.008,0.004,0.483,0.65,0.27,0.5,0.060511789719282554,Cascade(1.105 -> 2.629(45%) -> 3.148(45%))
237,7.002688426134384,0.3222835638270999,0.23277713266426883,0.1349650131468513,0.02135232543216574,0.18395402035120956,0.0431557010110188,0.016200389813804353,1,1,0.5,0.6666666666666666,0.001,0.001,0.008,0.004,0.483,0.65,0.27,0.5,0.07801130312534019,Cascade(1.042 -> 3.247(45%) -> 4.066(45%))
238,7.919188564164392,0.3708584525262089,0.3019872692336359,0.10286105416956313,0.02091227874743002,0.1844266502846178,0.0661691800566426,0.04063786900814812,1,1,0.5,0.6666666666666666,0.001,0.001,0.008,0.004,0.483,0.65,0.27,0.5,0.05732727056807782,Cascade(1.013 -> 2.771(45%) -> 3.056(45%))
239,7.077240168790111,0.27197788345787627,0.22759978167176145,0.1306708722205379,0.02620088047365274,0.187651662595595,0.031129868241283755,0.017868672334930794,1,1,0.5,0.6666666666666666,0.001,0.001,0.008,0.004,0.483,0.65,0.27,0.5,0.07515615665283876,Cascade(1.034 -> 3.144(45%) -> 3.810(45%))
240,9.091551181321186,0.4172319628333288,0.2661374322869308,0.09942582026360523,0.020819027269904665,0.16249833009978867,0.027245776382102068,0.030940835439615535,1,1,0.5,0.6666666666666666,0.001,0.001,0.008,0.004,0.483,0.65,0.27,0.5,0.05520134959493729,Cascade(1.073 -> 2.452(45%) -> 3.553(45%))
241,5.599062957880462,0.7504322355597155,0.25161696263383965,0.12161219098698016,0.030713349095175334,0.21544274241273545,0.07263341189537195,0.019844863183994806,1,1,0.5,0.6666666666666666,0.001,0.001,0.008,0.004,0.483,0.65,0.27,0.5,0.06922465779871585,Cascade(0.997 -> 3.120(45%) -> 3.319(45%))
242,6.567522476772914,0.26438166664494256,0.16224155431535564,0.12496404896475113,0.038812992682086905,0.17754855887547427,0.07352349408180966,0.018400895312955835,1,1,0.5,0.6666666666666666,0.001,0.001,0.008,0.004,0.483,0.65,0.27,0.5,0.071405094166078,Cascade(1.024 -> 3.158(45%) -> 3.545(45%))
243,4.9408903421637245,0.37387630689925216,0.2775394144838926,0.13465084092065366,0.02903661204508918,0.18831565918168597,0.10578973933725618,0.011126712669781973,1,1,0.5,0.6666666666666666,0.001,0.001,0.008,0.004,0.483,0.65,0.27,0.5,0.07780145130314221,Cascade(1.070 -> 2.737(45%) -> 3.872(45%))
244,5.217154778945435,0.6501330217848035,0.17290808250938966,0.11526701087783484,0.028560166018674508,0.1711176304063074,0.09497273130464443,0.01702077087702657,1,1,0.5,0.6666666666666666,0.001,0.001,0.008,0.004,0.483,0.65,0.27,0.5,0.06514225890469119,Cascade(1.049 -> 2.745(45%) -> 3.075(45%))
245,5.509608564658311,0.3145809202124513,0.2454611194994351,0.12178814230411021,0.036334889977329705,0.17596192717224873,0.11805143112311964,0.03958729512212505,1,1,0.5,0.6666666666666666,0.001,0.001,0.008,0.004,0.483,0.65,0.27,0.5,0.06933870297745594,Cascade(0.973 -> 2.946(45%) -> 3.826(45%))
246,9.091551181321186,0.4172319628333288,0.2661374322869308,0.09942582026360523,0.020819027269904665,0.16249833009978867,0.027245776382102068,0.030940835439615535,1,1,0.5,0.6666666666666666,0.001,0.001,0.008,0.004,0.483,0.65,0.27,0.5,0.05520134959493729,Cascade(1.073 -> 2.452(45%) -> 3.553(45%))
247,7.617426266869818,0.45561455723155503,0.22243992830450351,0.11737551459084827,0.03611161120853193,0.19770340912703077,0.030797410254934793,0.009177861346577509,1,1,0.5,0.6666666666666666,0.001,0.001,0.008,0.004,0.483,0.65,0.27,0.5,0.06649232857869186,Cascade(0.998 -> 2.885(45%) -> 4.038(45%))
248,7.978845948887431,0.4292948694044111,0.15524860378456468,0.10725541795082695,0.03447646494492918,0.20478027104425806,0.05248824432919806,0.02693970874246623,1,1,0.5,0.6666666666666666,0.001,0.001,0.008,0.004,0.483,0.65,0.27,0.5,0.060070607040054395,Cascade(1.108 -> 2.887(45%) -> 4.037(45%))
249,8.329758957015775,0.5353672257103506,0.26356238679045607,0.09721090684602503,0.030584029402014858,0.1652512024661527,0.06173557377132993,0.007220586945484935,1,1,0.5,0.6666666666666666,0.001,0.001,0.008,0.004,0.483,0.65,0.27,0.5,0.05383921205029736,Cascade(1.113 -> 3.415(45%) -> 3.406(45%))
250,10.175746172548845,0.2584368796929484,0.21558134650312066,0.10278380170644165,0.02347876283283338,0.23213182469526186,0.0445869049519279,0.00809609038217913,1,1,0.5,0.6666666666666666,0.001,0.001,0.008,0.004,0.483,0.65,0.27,0.5,0.05727928335552187,Cascade(1.035 -> 3.392(45%) -> 3.281(45%))
251,9.8526642749692,0.3199180609657458,0.2736858680803284,0.10416223388353325,0.029191273961155263,0.2014809715699962,0.014501060647891573,0.027996599445687703,1,1,0.5,0.6666666666666666,0.001,0.001,0.008,0.004,0.483,0.65,0.27,0.5,0.05813677309848492,Cascade(1.144 -> 3.168(45%) -> 3.608(45%))
252,5.604981688113025,0.4119650440012138,0.26050149185602806,0.11942916242622435,0.03206792311697347,0.2192609754572404,0.11444192127118989,0.0487276768825996,1,1,0.5,0.6666666666666666,0.001,0.001,0.008,0.004,0.483,0.65,0.27,0.5,0.06781348946059004,Cascade(1.023 -> 3.125(45%) -> 3.724(45%))
253,8.071265695257116,0.2744034430555222,0.24060565823062102,0.11477160235008776,0.032078742427111284,0.21279287015118337,0.06297702085858825,0.03243915056081484,1,1,0.5,0.6666666666666666,0.001,0.001,0.008,0.004,0.483,0.65,0.27,0.5,0.06482598313315595,Cascade(0.994 -> 3.143(45%) -> 3.742(45%))
254,6.095947815359116,0.5813637534992606,0.20452309799121127,0.12077937470758099,0.030214735219888593,0.23947273833492283,0.08236707294056295,0.038846197566130905,1,1,0.5,0.6666666666666666,0.001,0.001,0.008,0.004,0.483,0.65,0.27,0.5,0.0686854762235651,Cascade(0.930 -> 2.865(45%) -> 3.773(45%))
255,5.021116174284517,0.4498918098296519,0.24134159062882848,0.11440520960953496,0.024286983000553642,0.18604474708227692,0.14177897907902542,0.048450137118728004,1,1,0.5,0.6666666666666666,0.001,0.001,0.008,0.004,0.483,0.65,0.27,0.5,0.06459230048038837,Cascade(1.001 -> 2.767(45%) -> 3.402(45%))
256,6.668103667763393,0.3430278370670439,0.15316256625915264,0.12098313121840598,0.02607820132916988,0.1829551284802449,0.08133776433637732,0.01967038055169861,1,1,0.5,0.6666666666666666,0.001,0.001,0.008,0.004,0.483,0.65,0.27,0.5,0.06881729777615121,Cascade(1.082 -> 2.653(45%) -> 3.528(45%))
257,7.732738038998584,0.2797902190607296,0.15487255848798212,0.0973007052005835,0.03001343877138056,0.19977287772497715,0.08205438251678204,0.014088672259437836,1,1,0.5,0.6666666666666666,0.001,0.001,0.008,0.004,0.483,0.65,0.27,0.5,0.05389430664294698,Cascade(1.045 -> 2.678(45%) -> 2.862(45%))
258,9.667988475747299,0.3750160856811959,0.16194083454916042,0.09120972465502665,0.03215612602584291,0.22892085321245315,0.07009392769008044,0.04903489425727798,1,1,0.5,0.6666666666666666,0.001,0.001,0.008,0.004,0.483,0.65,0.27,0.5,0.05018194358451062,Cascade(1.017 -> 3.017(45%) -> 3.754(45%))
259,8.532877079162615,0.2320763552866993,0.19304755137051827,0.10751110944018363,0.032202370621162525,0.17795971170202116,0.04226241046409621,0.025433752620838582,1,1,0.5,0.6666666666666666,0.001,0.001,0.008,0.004,0.483,0.65,0.27,0.5,0.06023106314115964,Cascade(1.047 -> 2.762(45%) -> 3.618(45%))
260,6.23844041153462,0.38597773922301987,0.30994119169923007,0.12261802575994611,0.02710880928104095,0.16840743888161636,0.0671385519216201,0.03615213370793258,1,1,0.5,0.6666666666666666,0.001,0.001,0.008,0.004,0.483,0.65,0.27,0.5,0.0698772195919297,Cascade(1.002 -> 2.929(45%) -> 3.214(45%))
261,7.278658043706344,0.34163583812487947,0.2587574596544949,0.1287855650534873,0.022765271200335613,0.19956201855199357,0.04944689321686148,0.03111734094843095,1,1,0.5,0.6666666666666666,0.001,0.001,0.008,0.004,0.483,0.65,0.27,0.5,0.07391151930431107,Cascade(1.132 -> 2.987(45%) -> 3.572(45%))
262,6.469961048028091,0.3386722102422291,0.22250750338269942,0.12935233562880316,0.0285748416000595,0.2288210847347932,0.0614806069855013,0.03227879699249997,1,1,0.5,0.6666666666666666,0.001,0.001,0.008,0.004,0.483,0.65,0.27,0.5,0.07428512182492593,Cascade(0.997 -> 3.075(45%) -> 4.142(45%))
263,6.208686076202255,0.6174400535424461,0.26212130409177054,0.1173810650027968,0.020150836647423967,0.1872024360553847,0.05409178572737355,0.008811084737335788,1,1,0.5,0.6666666666666666,0.001,0.001,0.008,0.004,0.483,0.65,0.27,0.5,0.06649589100599158,Cascade(1.021 -> 3.017(45%) -> 3.101(45%))
264,6.62022431894759,0.3139627132997355,0.21279563945270374,0.12936489927136852,0.03145529128943819,0.23801439967691002,0.07776653004319857,0.011201142850390103,1,1,0.5,0.6666666666666666,0.001,0.001,0.008,0.004,0.483,0.65,0.27,0.5,0.07429340900860962,Cascade(1.018 -> 3.151(45%) -> 3.716(45%))
265,9.322688465335398,0.21226647971715576,0.22126357039644107,0.10237821093749996,0.03832907915991876,0.19627032744905826,0.03922395101018719,0.03867878995256049,1,1,0.5,0.6666666666666666,0.001,0.001,0.008,0.004,0.483,0.65,0.27,0.5,0.05702747648562903,Cascade(1.028 -> 2.996(45%) -> 3.259(45%))
266,6.423265807755888,0.6402216844860894,0.21080912095262885,0.10411377024280925,0.024225260083076537,0.21162446311120142,0.07355272310221277,0.0404151498311691,1,1,0.5,0.6666666666666666,0.001,0.001,0.008,0.004,0.483,0.65,0.27,0.5,0.05810658026914136,Cascade(1.026 -> 2.521(45%) -> 3.209(45%))
267,6.261808333311628,0.4278015275609501,0.15097750262787582,0.11093472260901543,0.023314046917194048,0.15906110188328498,0.08194520836126988,0.016479669629223325,1,1,0.5,0.6666666666666666,0.001,0.001,0.008,0.004,0.483,0.65,0.27,0.5,0.06238840129633677,Cascade(1.001 -> 2.803(45%) -> 3.282(45%))
268,6.840746747077057,0.6160702647984804,0.26957482966547236,0.10737662879744485,0.02716195637030773,0.19161101478182943,0.05214987542373382,0.023777890147532958,1,1,0.5,0.6666666666666666,0.001,0.001,0.008,0.004,0.483,0.65,0.27,0.5,0.06014665998089737,Cascade(1.017 -> 2.788(45%) -> 3.576(45%))
269,8.532877079162615,0.2320763552866993,0.19304755137051827,0.10751110944018363,0.032202370621162525,0.17795971170202116,0.04226241046409621,0.025433752620838582,1,1,0.5,0.6666666666666666,0.001,0.001,0.008,0.004,0.483,0.65,0.27,0.5,0.06023106314115964,Cascade(1.047 -> 2.762(45%) -> 3.618(45%))
270,7.296541894468781,0.30068885382543786,0.18413693352953042,0.12224699089353469,0.030278159845235755,0.23046932768918515,0.07075469606255005,0.005349307011040767,1,1,0.5,0.6666666666666666,0.001,0.001,0.008,0.004,0.483,0.65,0.27,0.5,0.06963632686259864,Cascade(1.058 -> 2.974(45%) -> 3.107(45%))
271,9.709105661771096,0.20377736707102487,0.1744462822400283,0.0950288301606575,0.02512425066040738,0.16554171427201675,0.02399863722872682,0.02747238998401659,1,1,0.5,0.6666666666666666,0.001,0.001,0.008,0.004,0.483,0.65,0.27,0.5,0.05250378869943876,Cascade(1.040 -> 2.965(45%) -> 3.795(45%))
272,6.038795492844658,0.7602927303528326,0.24875849110580886,0.11678806209271018,0.03227610111509982,0.2237896957069392,0.08032029846085523,0.03142488952361522,1,1,0.5,0.6666666666666666,0.001,0.001,0.008,0.004,0.483,0.65,0.27,0.5,0.06611553641894351,Cascade(1.043 -> 2.731(45%) -> 3.964(45%))
273,5.1869606165860285,0.2998170708164044,0.17795829423982823,0.12856781475561266,0.03479549791979495,0.15778352719987881,0.10781900872369486,0.048452250790067056,1,1,0.5,0.6666666666666666,0.001,0.001,0.008,0.004,0.483,0.65,0.27,0.5,0.07376811238590911,Cascade(1.031 -> 2.967(45%) -> 3.282(45%))
274,6.160137991963431,0.279758291612485,0.16140469600333734,0.13619206714290952,0.02552552509004232,0.1931717148652267,0.04328966484817774,0.04140543629133166,1,1,0.5,0.6666666666666666,0.001,0.001,0.008,0.004,0.483,0.65,0.27,0.5,0.07883237810310854,Cascade(1.084 -> 3.076(45%) -> 3.215(45%))
275,9.580770968398404,0.31875908918229373,0.19256549302738088,0.10429760358187916,0.03075884452571967,0.18019858035012026,0.011952982106066122,0.022664957867558472,1,1,0.5,0.6666666666666666,0.001,0.001,0.008,0.004,0.483,0.65,0.27,0.5,0.05822112567687729,Cascade(1.061 -> 3.001(45%) -> 3.677(45%))
276,7.358630382186143,0.39277674352307845,0.18503235253240177,0.11301461180167541,0.0259218484834911,0.1999851522011684,0.04644877107775465,0.007577664621714879,1,1,0.5,0.6666666666666666,0.001,0.001,0.008,0.004,0.483,0.65,0.27,0.5,0.06370714405523331,Cascade(1.017 -> 2.788(45%) -> 3.576(45%))
277,7.047045883044599,0.4632188850288078,0.22065821088915277,0.09949282332855405,0.021827049424672212,0.18858356656765451,0.06261894185564645,0.03568256167165563,1,1,0.5,0.6666666666666666,0.001,0.001,0.008,0.004,0.483,0.65,0.27,0.5,0.05524265986214036,Cascade(1.040 -> 2.659(45%) -> 3.214(45%))
278,7.655439117262227,0.6857979402472063,0.20459285519886114,0.10389102867074906,0.026735822542866675,0.19737840875913212,0.023742801819332887,0.01950420104705115,1,1,0.5,0.6666666666666666,0.001,0.001,0.008,0.004,0.483,0.65,0.27,0.5,0.057967854354053286,Cascade(1.034 -> 2.500(45%) -> 3.523(45%))
279,4.632563040674369,0.6034465659031422,0.26147711590976136,0.13955947250645317,0.023067036159912374,0.19825500144275157,0.10307442080066805,0.00829423491540568,1,1,0.5,0.6666666666666666,0.001,0.001,0.008,0.004,0.483,0.65,0.27,0.5,0.08109768661931133,Cascade(1.069 -> 2.828(45%) -> 3.889(45%))
280,7.088219942141929,0.549206044769306,0.2516137221257511,0.10798809620045488,0.02495252375145101,0.17983628671649304,0.04872113724328031,0.027159011222017533,1,1,0.5,0.6666666666666666,0.001,0.001,0.008,0.004,0.483,0.65,0.27,0.5,0.06053063627316918,Cascade(1.023 -> 3.271(45%) -> 3.539(45%))
281,5.321236883288581,0.48670610791692853,0.2659554126140098,0.1115952156406193,0.030353616252416817,0.186642691921373,0.12746790871815672,0.04128484176884329,1,1,0.5,0.6666666666666666,0.001,0.001,0.008,0.004,0.483,0.65,0.27,0.5,0.06280651433067722,Cascade(1.011 -> 2.569(45%) -> 3.115(45%))
282,5.159878396521551,0.6415239920165443,0.22551550068545514,0.11422255310958432,0.0359397380275732,0.18645160274135877,0.10044032682744458,0.008332079982554388,1,1,0.5,0.6666666666666666,0.001,0.001,0.008,0.004,0.483,0.65,0.27,0.5,0.06447587569009047,Cascade(0.981 -> 2.635(45%) -> 3.555(45%))
283,8.334440442338918,0.32160827072062653,0.20493497897705415,0.10006061687847469,0.026914659156392122,0.1578777074355786,0.0799562565095211,0.03383887147059314,1,1,0.5,0.6666666666666666,0.001,0.001,0.008,0.004,0.483,0.65,0.27,0.5,0.05559297590211294,Cascade(1.092 -> 3.038(45%) -> 3.284(45%))
284,6.15373190770459,0.7102806000416586,0.27571123415403065,0.11074746074434452,0.03510991398610591,0.18070781335830957,0.05816357939509989,0.009706856221663007,1,1,0.5,0.6666666666666666,0.001,0.001,0.008,0.004,0.483,0.65,0.27,0.5,0.0622699716084281,Cascade(1.011 -> 2.980(45%) -> 3.291(45%))
285,7.2217510678686025,0.46249869783426634,0.29628552387197743,0.11001991864089775,0.021224285985556555,0.16178988526219226,0.051410700891847586,0.010152331865486214,1,1,0.5,0.6666666666666666,0.001,0.001,0.008,0.004,0.483,0.65,0.27,0.5,0.06181032640240928,Cascade(1.055 -> 2.691(45%) -> 3.606(45%))
286,7.40431116990551,0.24272299027099575,0.23748429436317042,0.11761273403336059,0.025991247865733327,0.22882717204379074,0.08818465143928236,0.01633163358522082,1,1,0.5,0.6666666666666666,0.001,0.001,0.008,0.004,0.483,0.65,0.27,0.5,0.06664462338116244,Cascade(0.975 -> 2.722(45%) -> 3.214(45%))
287,5.593158107136949,0.42661208015095115,0.275713632077564,0.1262046501019482,0.022569684692020205,0.16188105430824162,0.09599117835425561,0.006558233728514657,1,1,0.5,0.6666666666666666,0.001,0.001,0.008,0.004,0.483,0.65,0.27,0.5,0.072216366290272,Cascade(1.051 -> 3.510(45%) -> 3.437(45%))
288,8.87980383090472,0.3135756301136239,0.15815713735603665,0.10395749527225429,0.030389087260488244,0.22581326978242827,0.057025512657482305,0.02913409942093017,1,1,0.5,0.6666666666666666,0.001,0.001,0.008,0.004,0.483,0.65,0.27,0.5,0.058009243269012564,Cascade(1.034 -> 2.940(45%) -> 3.268(45%))
289,7.761351155494168,0.612151817861278,0.2538468852771018,0.09724515488617455,0.03860251557647645,0.21006531223890046,0.06838977593251011,0.04486100034051207,1,1,0.5,0.6666666666666666,0.001,0.001,0.008,0.004,0.483,0.65,0.27,0.5,0.05386022318933842,Cascade(1.046 -> 2.779(45%) -> 3.590(45%))
290,6.837846185435664,0.6568658213997633,0.19713205755018626,0.10836825259911984,0.03827433764926512,0.2217834368283471,0.060922805943373785,0.03909579725523903,1,1,0.5,0.6666666666666666,0.001,0.001,0.008,0.004,0.483,0.65,0.27,0.5,0.06076962429557657,Cascade(1.006 -> 2.754(45%) -> 3.512(45%))
291,6.491588889176595,0.2436676729116536,0.2369973055212904,0.10606455760913704,0.027929420895242273,0.2062670585359814,0.13042752644461697,0.0012268747729249734,1,1,0.5,0.6666666666666666,0.001,0.001,0.008,0.004,0.483,0.65,0.27,0.5,0.05932450632310959,Cascade(1.052 -> 3.211(45%) -> 3.662(45%))
292,7.40431116990551,0.24272299027099575,0.23748429436317042,0.11761273403336059,0.025991247865733327,0.22882717204379074,0.08818465143928236,0.01633163358522082,1,1,0.5,0.6666666666666666,0.001,0.001,0.008,0.004,0.483,0.65,0.27,0.5,0.06664462338116244,Cascade(0.975 -> 2.722(45%) -> 3.214(45%))
293,6.18644368957692,0.4823417669045833,0.21060413476311285,0.1166276871618031,0.020603706367943484,0.2146725746143686,0.06400599460647918,0.022647369041778203,1,1,0.5,0.6666666666666666,0.001,0.001,0.008,0.004,0.483,0.65,0.27,0.5,0.06601275898442452,Cascade(1.059 -> 2.838(45%) -> 3.000(45%))
294,10.71652649096206,0.23100480909969018,0.21267650545904526,0.10608987424434645,0.029794288553345327,0.18898453517680178,0.001816451331029919,0.022736863402550492,1,1,0.5,0.6666666666666666,0.001,0.001,0.008,0.004,0.483,0.65,0.27,0.5,0.05934034708168506,Cascade(1.083 -> 3.182(45%) -> 3.658(45%))
295,5.599062957880462,0.7504322355597155,0.25161696263383965,0.12161219098698016,0.030713349095175334,0.21544274241273545,0.07263341189537195,0.019844863183994806,1,1,0.5,0.6666666666666666,0.001,0.001,0.008,0.004,0.483,0.65,0.27,0.5,0.06922465779871585,Cascade(0.997 -> 3.120(45%) -> 3.319(45%))
296,6.261808333311628,0.4278015275609501,0.15097750262787582,0.11093472260901543,0.023314046917194048,0.15906110188328498,0.08194520836126988,0.016479669629223325,1,1,0.5,0.6666666666666666,0.001,0.001,0.008,0.004,0.483,0.65,0.27,0.5,0.06238840129633677,Cascade(1.001 -> 2.803(45%) -> 3.282(45%))
297,5.945782272865576,0.5473861966719654,0.17321046909987706,0.12893539562319928,0.03262493669002032,0.18368009564527998,0.06019963254851404,0.02753135043602773,1,1,0.5,0.6666666666666666,0.001,0.001,0.008,0.004,0.483,0.65,0.27,0.5,0.07401023699926686,Cascade(1.065 -> 3.080(45%) -> 3.820(45%))
298,8.201871764133083,0.29061789831499346,0.25973629952053784,0.09872056906200648,0.03366083310227165,0.20735129570038272,0.11827537504987515,0.01412299344067105,1,1,0.5,0.6666666666666666,0.001,0.001,0.008,0.004,0.483,0.65,0.27,0.5,0.05476690450999446,Cascade(1.005 -> 3.083(45%) -> 3.876(45%))
299,11.58351859526002,0.25901155171355483,0.21533463256462165,0.09923144793877497,0.020010081316403333,0.18173348285802252,0.003184428169763701,0.02450196000306066,1,1,0.5,0.6666666666666666,0.001,0.001,0.008,0.004,0.483,0.65,0.27,0.5,0.055081545482301784,Cascade(0.983 -> 2.909(45%) -> 4.046(45%))
