,Unnamed: 0,beta,rr_sus_slat,rr_sus_rec,r_clear,r_sc,adr,rr_inf_asym,rr_inf_cs,r_lat,p_primary,r_stab,r_react,r_relapse,r_relapse_td,r_relapse_tc,p_cs_pub,p_dx_pub,p_dx_pri,dur_succ,r_act,cas,k_covid
0,0,13.616038053029156,0.5564945426028094,0.1803909437441292,0.0319745595827283,0.1633899657312215,0.0939405788125929,1,1,0.5,0.14,0.6666666666666666,0.001,0.001,0.008,0.004,0.483,0.65,0.27,0.5,0.0813953488372093,Cascade(1.267 -> 2.713(40%) -> 3.820(70%)),0.8410404295983145
1,1,14.445686818421963,0.4071897721307679,0.1912842250968646,0.0268212820186444,0.2207507830764006,0.0363621380169723,1,1,0.5,0.14,0.6666666666666666,0.001,0.001,0.008,0.004,0.483,0.65,0.27,0.5,0.0813953488372093,Cascade(1.253 -> 3.694(40%) -> 4.989(70%)),0.8410404295983145
2,2,18.789570055653165,0.3152274360806409,0.2937235617909457,0.0227700433857602,0.1875718274510138,0.090835070966013,1,1,0.5,0.14,0.6666666666666666,0.001,0.001,0.008,0.004,0.483,0.65,0.27,0.5,0.0813953488372093,Cascade(1.331 -> 2.532(40%) -> 3.431(70%)),0.8410404295983145
3,3,15.938685714294234,0.5991610699500483,0.1649813193304296,0.0339731122535376,0.2012835961490384,0.085804569869485,1,1,0.5,0.14,0.6666666666666666,0.001,0.001,0.008,0.004,0.483,0.65,0.27,0.5,0.0813953488372093,Cascade(1.392 -> 3.344(40%) -> 3.763(70%)),0.8410404295983145
4,4,11.372891062837487,0.63215630476747,0.2908193179710857,0.0348097236553284,0.1771281694405964,0.05077592093642,1,1,0.5,0.14,0.6666666666666666,0.001,0.001,0.008,0.004,0.483,0.65,0.27,0.5,0.0813953488372093,Cascade(1.358 -> 3.113(40%) -> 4.088(70%)),0.8410404295983145
5,5,13.462805121983346,0.675082294873846,0.273917261027734,0.0253529474972733,0.177178955187422,0.0936462276058526,1,1,0.5,0.14,0.6666666666666666,0.001,0.001,0.008,0.004,0.483,0.65,0.27,0.5,0.0813953488372093,Cascade(1.539 -> 3.129(40%) -> 3.755(70%)),0.8410404295983145
6,6,13.206633689144535,0.4866128203910991,0.1580145973985681,0.0387947331729525,0.2372736047884314,0.0277761055478591,1,1,0.5,0.14,0.6666666666666666,0.001,0.001,0.008,0.004,0.483,0.65,0.27,0.5,0.0813953488372093,Cascade(1.332 -> 2.393(40%) -> 3.202(70%)),0.8410404295983145
7,7,15.526552825904291,0.4064264287967617,0.2919848239881895,0.0261928709649069,0.1666326220487608,0.0522284335035428,1,1,0.5,0.14,0.6666666666666666,0.001,0.001,0.008,0.004,0.483,0.65,0.27,0.5,0.0813953488372093,Cascade(1.270 -> 3.095(40%) -> 3.947(70%)),0.8410404295983145
8,8,14.475826058449076,0.4784257748492408,0.2626864173044501,0.0272859186597155,0.2147795182263951,0.0703043909186787,1,1,0.5,0.14,0.6666666666666666,0.001,0.001,0.008,0.004,0.483,0.65,0.27,0.5,0.0813953488372093,Cascade(1.364 -> 3.003(40%) -> 4.121(70%)),0.8410404295983145
9,9,13.969809307628203,0.4385110696151807,0.2022243128744573,0.0312321680305014,0.2115765399265127,0.0476546333835591,1,1,0.5,0.14,0.6666666666666666,0.001,0.001,0.008,0.004,0.483,0.65,0.27,0.5,0.0813953488372093,Cascade(1.670 -> 2.630(40%) -> 4.040(70%)),0.8410404295983145
10,10,12.989086884219024,0.6891393242995558,0.1599198030407387,0.0209268519053444,0.2287315938664444,0.088512431784638,1,1,0.5,0.14,0.6666666666666666,0.001,0.001,0.008,0.004,0.483,0.65,0.27,0.5,0.0813953488372093,Cascade(1.280 -> 2.935(40%) -> 3.435(70%)),0.8410404295983145
11,11,13.494622588704376,0.675702719151722,0.1838535147936286,0.0332936316857488,0.2012319153679524,0.0831910762160072,1,1,0.5,0.14,0.6666666666666666,0.001,0.001,0.008,0.004,0.483,0.65,0.27,0.5,0.0813953488372093,Cascade(1.363 -> 3.214(40%) -> 3.740(70%)),0.8410404295983145
12,12,18.16566279793699,0.3367703730889075,0.2765590168033233,0.0331200971747577,0.1938129971118632,0.0871336604087215,1,1,0.5,0.14,0.6666666666666666,0.001,0.001,0.008,0.004,0.483,0.65,0.27,0.5,0.0813953488372093,Cascade(1.400 -> 2.685(40%) -> 3.529(70%)),0.8410404295983145
13,13,19.878263477088492,0.2354145545617116,0.2309360252181387,0.030516910810022,0.1742360124459042,0.0393765714088235,1,1,0.5,0.14,0.6666666666666666,0.001,0.001,0.008,0.004,0.483,0.65,0.27,0.5,0.0813953488372093,Cascade(1.445 -> 3.928(40%) -> 2.623(70%)),0.8410404295983145
14,14,11.554380995523132,0.6352215502254001,0.1926948449616979,0.0293081318273974,0.1543887761777063,0.0677214241375737,1,1,0.5,0.14,0.6666666666666666,0.001,0.001,0.008,0.004,0.483,0.65,0.27,0.5,0.0813953488372093,Cascade(1.407 -> 2.485(40%) -> 3.799(70%)),0.8410404295983145
15,15,10.648752611312378,0.648532489552134,0.3089302218271605,0.0396737808219592,0.1624941164976141,0.0461020428931185,1,1,0.5,0.14,0.6666666666666666,0.001,0.001,0.008,0.004,0.483,0.65,0.27,0.5,0.0813953488372093,Cascade(1.614 -> 2.983(40%) -> 2.710(70%)),0.8410404295983145
16,16,19.45359768871887,0.362677199453446,0.2234431833938056,0.033877065576656,0.1822844392798582,0.0987816666014951,1,1,0.5,0.14,0.6666666666666666,0.001,0.001,0.008,0.004,0.483,0.65,0.27,0.5,0.0813953488372093,Cascade(1.429 -> 3.096(40%) -> 2.970(70%)),0.8410404295983145
17,17,16.972341464080273,0.4710902960702429,0.2759731517866628,0.0324449693128932,0.1693444276432823,0.0930548354023732,1,1,0.5,0.14,0.6666666666666666,0.001,0.001,0.008,0.004,0.483,0.65,0.27,0.5,0.0813953488372093,Cascade(1.201 -> 2.660(40%) -> 3.097(70%)),0.8410404295983145
18,18,12.9762508819671,0.4714895992340969,0.2549816310985024,0.0250113489915007,0.1644697049515716,0.0375598403047618,1,1,0.5,0.14,0.6666666666666666,0.001,0.001,0.008,0.004,0.483,0.65,0.27,0.5,0.0813953488372093,Cascade(1.487 -> 2.161(40%) -> 3.173(70%)),0.8410404295983145
19,19,18.67672100581164,0.314583180341656,0.2852174856097399,0.0386126874171538,0.2107302728325192,0.0597038657146055,1,1,0.5,0.14,0.6666666666666666,0.001,0.001,0.008,0.004,0.483,0.65,0.27,0.5,0.0813953488372093,Cascade(1.438 -> 2.724(40%) -> 3.810(70%)),0.8410404295983145
20,20,12.296155239133013,0.5870591969121306,0.2479839581229404,0.0315744167571358,0.1885894556353267,0.069100309301966,1,1,0.5,0.14,0.6666666666666666,0.001,0.001,0.008,0.004,0.483,0.65,0.27,0.5,0.0813953488372093,Cascade(1.360 -> 3.042(40%) -> 5.918(70%)),0.8410404295983145
21,21,18.08387727982042,0.3635037896012257,0.2032609482457093,0.0253793623079396,0.2128313037232867,0.0476524410065094,1,1,0.5,0.14,0.6666666666666666,0.001,0.001,0.008,0.004,0.483,0.65,0.27,0.5,0.0813953488372093,Cascade(1.547 -> 3.051(40%) -> 2.999(70%)),0.8410404295983145
22,22,28.114470546075445,0.2430822790968983,0.2002235169801095,0.0326168851835415,0.1946618252022733,0.0949799085002504,1,1,0.5,0.14,0.6666666666666666,0.001,0.001,0.008,0.004,0.483,0.65,0.27,0.5,0.0813953488372093,Cascade(1.414 -> 3.611(40%) -> 2.938(70%)),0.8410404295983145
23,23,20.070983411323954,0.2095534029259208,0.2300576961383525,0.0303899620977737,0.2086334119844931,0.0287540850692231,1,1,0.5,0.14,0.6666666666666666,0.001,0.001,0.008,0.004,0.483,0.65,0.27,0.5,0.0813953488372093,Cascade(1.165 -> 3.252(40%) -> 3.581(70%)),0.8410404295983145
24,24,26.269039346777376,0.2704335938341096,0.2826322597062125,0.0250454605870106,0.1695426698756397,0.0786567093107702,1,1,0.5,0.14,0.6666666666666666,0.001,0.001,0.008,0.004,0.483,0.65,0.27,0.5,0.0813953488372093,Cascade(1.437 -> 2.810(40%) -> 4.066(70%)),0.8410404295983145
25,25,13.0565642136454,0.659276809597714,0.2454808600584797,0.0236881822221154,0.2320650156032307,0.0638953576231604,1,1,0.5,0.14,0.6666666666666666,0.001,0.001,0.008,0.004,0.483,0.65,0.27,0.5,0.0813953488372093,Cascade(1.244 -> 3.096(40%) -> 4.563(70%)),0.8410404295983145
26,26,12.84746426312861,0.5618447947328998,0.2788584557296638,0.0322918480009872,0.1595408519770242,0.0902006036783082,1,1,0.5,0.14,0.6666666666666666,0.001,0.001,0.008,0.004,0.483,0.65,0.27,0.5,0.0813953488372093,Cascade(1.129 -> 2.821(40%) -> 4.862(70%)),0.8410404295983145
27,27,16.93138728188896,0.3623782178835281,0.2293494028610714,0.0258529206757901,0.2193956707660618,0.0454228926158846,1,1,0.5,0.14,0.6666666666666666,0.001,0.001,0.008,0.004,0.483,0.65,0.27,0.5,0.0813953488372093,Cascade(1.454 -> 3.032(40%) -> 3.836(70%)),0.8410404295983145
28,28,20.729666102263,0.2791872394256408,0.2671246661461939,0.0300596542728421,0.1876484358297525,0.056678679642704,1,1,0.5,0.14,0.6666666666666666,0.001,0.001,0.008,0.004,0.483,0.65,0.27,0.5,0.0813953488372093,Cascade(1.338 -> 3.516(40%) -> 3.393(70%)),0.8410404295983145
29,29,11.880315625853989,0.5785060157468922,0.2322573142788507,0.0310454438530356,0.1714125819808668,0.0439241950516614,1,1,0.5,0.14,0.6666666666666666,0.001,0.001,0.008,0.004,0.483,0.65,0.27,0.5,0.0813953488372093,Cascade(1.337 -> 3.111(40%) -> 2.404(70%)),0.8410404295983145
30,30,13.88604137172574,0.4193261381349852,0.2083510926327511,0.021703627903125,0.1989287792538557,0.0273594523257742,1,1,0.5,0.14,0.6666666666666666,0.001,0.001,0.008,0.004,0.483,0.65,0.27,0.5,0.0813953488372093,Cascade(1.465 -> 2.377(40%) -> 4.821(70%)),0.8410404295983145
31,31,21.84218793705179,0.2415360521073926,0.2349109982378368,0.0358231463157142,0.2063659213891086,0.0827023444891592,1,1,0.5,0.14,0.6666666666666666,0.001,0.001,0.008,0.004,0.483,0.65,0.27,0.5,0.0813953488372093,Cascade(1.482 -> 2.629(40%) -> 3.271(70%)),0.8410404295983145
32,32,15.91672791526382,0.5123214519887298,0.1740853194679386,0.0219815257621432,0.1753111933322647,0.0858722942920605,1,1,0.5,0.14,0.6666666666666666,0.001,0.001,0.008,0.004,0.483,0.65,0.27,0.5,0.0813953488372093,Cascade(1.405 -> 2.911(40%) -> 5.062(70%)),0.8410404295983145
33,33,13.969809307628203,0.4385110696151807,0.2022243128744573,0.0312321680305014,0.2115765399265127,0.0476546333835591,1,1,0.5,0.14,0.6666666666666666,0.001,0.001,0.008,0.004,0.483,0.65,0.27,0.5,0.0813953488372093,Cascade(1.308 -> 3.040(40%) -> 4.066(70%)),0.8410404295983145
34,34,16.530019785124498,0.3276950085695194,0.2556905057339839,0.0234047016234201,0.2140121761870631,0.0407267296699644,1,1,0.5,0.14,0.6666666666666666,0.001,0.001,0.008,0.004,0.483,0.65,0.27,0.5,0.0813953488372093,Cascade(1.534 -> 2.624(40%) -> 3.750(70%)),0.8410404295983145
35,35,15.85595859968226,0.3355837535109016,0.2621610965641444,0.0202142919272891,0.1761909485705068,0.0366360721608982,1,1,0.5,0.14,0.6666666666666666,0.001,0.001,0.008,0.004,0.483,0.65,0.27,0.5,0.0813953488372093,Cascade(1.401 -> 2.608(40%) -> 4.298(70%)),0.8410404295983145
36,36,19.727274732084904,0.3178886423331792,0.2099705863401504,0.0348030452280391,0.1735937657168622,0.0807472818132773,1,1,0.5,0.14,0.6666666666666666,0.001,0.001,0.008,0.004,0.483,0.65,0.27,0.5,0.0813953488372093,Cascade(1.242 -> 2.453(40%) -> 3.940(70%)),0.8410404295983145
37,37,15.854196193545814,0.5625587762120938,0.2201396541521956,0.0357655480990697,0.2203074167392404,0.0848612187414006,1,1,0.5,0.14,0.6666666666666666,0.001,0.001,0.008,0.004,0.483,0.65,0.27,0.5,0.0813953488372093,Cascade(1.504 -> 2.684(40%) -> 2.672(70%)),0.8410404295983145
38,38,15.775587331381692,0.4661041937043239,0.1561808340095669,0.0390889654531635,0.2039330476073456,0.0815365268198818,1,1,0.5,0.14,0.6666666666666666,0.001,0.001,0.008,0.004,0.483,0.65,0.27,0.5,0.0813953488372093,Cascade(1.407 -> 2.840(40%) -> 3.625(70%)),0.8410404295983145
39,39,19.237608986410635,0.4345480648233815,0.1458954552099699,0.0386135284702108,0.1931047360126473,0.0905409970866339,1,1,0.5,0.14,0.6666666666666666,0.001,0.001,0.008,0.004,0.483,0.65,0.27,0.5,0.0813953488372093,Cascade(1.386 -> 2.902(40%) -> 3.515(70%)),0.8410404295983145
40,40,16.16042695713058,0.3308863934591927,0.2515927321777902,0.0396733662501514,0.1914972751610539,0.0542047222801177,1,1,0.5,0.14,0.6666666666666666,0.001,0.001,0.008,0.004,0.483,0.65,0.27,0.5,0.0813953488372093,Cascade(1.223 -> 3.426(40%) -> 3.834(70%)),0.8410404295983145
41,41,11.851836903187188,0.7119879729854922,0.2275720117298927,0.0271025888276881,0.2411671163757474,0.0897700170678999,1,1,0.5,0.14,0.6666666666666666,0.001,0.001,0.008,0.004,0.483,0.65,0.27,0.5,0.0813953488372093,Cascade(1.170 -> 3.186(40%) -> 3.081(70%)),0.8410404295983145
42,42,13.88604137172574,0.4193261381349852,0.2083510926327511,0.021703627903125,0.1989287792538557,0.0273594523257742,1,1,0.5,0.14,0.6666666666666666,0.001,0.001,0.008,0.004,0.483,0.65,0.27,0.5,0.0813953488372093,Cascade(1.442 -> 2.471(40%) -> 3.868(70%)),0.8410404295983145
43,43,15.043883917804823,0.4988718247933347,0.2958870032351375,0.030793441680863,0.188788828979519,0.0858335508403838,1,1,0.5,0.14,0.6666666666666666,0.001,0.001,0.008,0.004,0.483,0.65,0.27,0.5,0.0813953488372093,Cascade(1.483 -> 2.689(40%) -> 5.316(70%)),0.8410404295983145
44,44,15.641869675075547,0.2509805969507179,0.2844027346375088,0.039063689980941,0.2370178352299852,0.0281726346069645,1,1,0.5,0.14,0.6666666666666666,0.001,0.001,0.008,0.004,0.483,0.65,0.27,0.5,0.0813953488372093,Cascade(1.293 -> 3.391(40%) -> 3.790(70%)),0.8410404295983145
45,45,20.35674132997677,0.2303428576749547,0.2117434984159258,0.0397865166410276,0.2368138902901325,0.0526428656012128,1,1,0.5,0.14,0.6666666666666666,0.001,0.001,0.008,0.004,0.483,0.65,0.27,0.5,0.0813953488372093,Cascade(1.370 -> 2.777(40%) -> 3.601(70%)),0.8410404295983145
46,46,19.62818952269709,0.3057768994434164,0.2924307531722439,0.0220610851265574,0.2380815955571824,0.0610689168854499,1,1,0.5,0.14,0.6666666666666666,0.001,0.001,0.008,0.004,0.483,0.65,0.27,0.5,0.0813953488372093,Cascade(1.477 -> 2.268(40%) -> 4.363(70%)),0.8410404295983145
47,47,13.774896047881375,0.3966704214071603,0.2650896634765511,0.0242110618591895,0.2042069982416048,0.0495145189274559,1,1,0.5,0.14,0.6666666666666666,0.001,0.001,0.008,0.004,0.483,0.65,0.27,0.5,0.0813953488372093,Cascade(1.534 -> 2.446(40%) -> 3.612(70%)),0.8410404295983145
48,48,19.63894523315998,0.2804975238710706,0.2169635254537847,0.0393511828079687,0.1885242102060575,0.0885309453759689,1,1,0.5,0.14,0.6666666666666666,0.001,0.001,0.008,0.004,0.483,0.65,0.27,0.5,0.0813953488372093,Cascade(1.170 -> 3.005(40%) -> 3.067(70%)),0.8410404295983145
49,49,12.9762508819671,0.4714895992340969,0.2549816310985024,0.0250113489915007,0.1644697049515716,0.0375598403047618,1,1,0.5,0.14,0.6666666666666666,0.001,0.001,0.008,0.004,0.483,0.65,0.27,0.5,0.0813953488372093,Cascade(1.474 -> 2.907(40%) -> 4.770(70%)),0.8410404295983145
50,50,17.574127159031924,0.3948635630633637,0.1537313911334346,0.0315109839095403,0.1906644258642166,0.0807507989183323,1,1,0.5,0.14,0.6666666666666666,0.001,0.001,0.008,0.004,0.483,0.65,0.27,0.5,0.0813953488372093,Cascade(1.418 -> 2.895(40%) -> 3.834(70%)),0.8410404295983145
51,51,14.156555960723722,0.4574605187597482,0.206268666560987,0.0390950141702326,0.1863226396557719,0.0637846116433079,1,1,0.5,0.14,0.6666666666666666,0.001,0.001,0.008,0.004,0.483,0.65,0.27,0.5,0.0813953488372093,Cascade(1.344 -> 2.676(40%) -> 4.727(70%)),0.8410404295983145
52,52,13.154335879324073,0.491741758852011,0.2226932329705373,0.0296946675599449,0.2095053315913018,0.0378057492230602,1,1,0.5,0.14,0.6666666666666666,0.001,0.001,0.008,0.004,0.483,0.65,0.27,0.5,0.0813953488372093,Cascade(1.676 -> 3.095(40%) -> 3.293(70%)),0.8410404295983145
53,53,20.65349857131062,0.2892407637198632,0.2691168562371754,0.0217546559268467,0.2001853988170455,0.0856335901675926,1,1,0.5,0.14,0.6666666666666666,0.001,0.001,0.008,0.004,0.483,0.65,0.27,0.5,0.0813953488372093,Cascade(1.363 -> 3.214(40%) -> 3.740(70%)),0.8410404295983145
54,54,19.98868084890448,0.244152779969073,0.2116885371503523,0.0395788479595993,0.2287908701329599,0.0434927020995529,1,1,0.5,0.14,0.6666666666666666,0.001,0.001,0.008,0.004,0.483,0.65,0.27,0.5,0.0813953488372093,Cascade(1.298 -> 2.858(40%) -> 5.032(70%)),0.8410404295983145
55,55,13.416917617072274,0.5372946742915052,0.1999632981163209,0.0281479611361363,0.171524053114808,0.0917109960270307,1,1,0.5,0.14,0.6666666666666666,0.001,0.001,0.008,0.004,0.483,0.65,0.27,0.5,0.0813953488372093,Cascade(1.466 -> 3.039(40%) -> 3.850(70%)),0.8410404295983145
56,56,19.45359768871887,0.362677199453446,0.2234431833938056,0.033877065576656,0.1822844392798582,0.0987816666014951,1,1,0.5,0.14,0.6666666666666666,0.001,0.001,0.008,0.004,0.483,0.65,0.27,0.5,0.0813953488372093,Cascade(1.299 -> 2.686(40%) -> 3.918(70%)),0.8410404295983145
57,57,12.896454112955231,0.519143419411117,0.3040816495907756,0.0229786240124865,0.1737756611735515,0.0282314160507332,1,1,0.5,0.14,0.6666666666666666,0.001,0.001,0.008,0.004,0.483,0.65,0.27,0.5,0.0813953488372093,Cascade(1.542 -> 2.570(40%) -> 3.491(70%)),0.8410404295983145
58,58,11.805708767022224,0.5319024519678435,0.170185593976002,0.035369213426951,0.2314736761295725,0.035879838702412,1,1,0.5,0.14,0.6666666666666666,0.001,0.001,0.008,0.004,0.483,0.65,0.27,0.5,0.0813953488372093,Cascade(1.393 -> 2.492(40%) -> 3.548(70%)),0.8410404295983145
59,59,15.044059083645717,0.5272631218284107,0.2466318250686875,0.0322825991405538,0.1681800476021013,0.0933242347702558,1,1,0.5,0.14,0.6666666666666666,0.001,0.001,0.008,0.004,0.483,0.65,0.27,0.5,0.0813953488372093,Cascade(1.544 -> 2.582(40%) -> 3.771(70%)),0.8410404295983145
60,60,18.896075113984203,0.2275189961467963,0.2078737545298664,0.0350115174453353,0.2123010283194087,0.0594092099234939,1,1,0.5,0.14,0.6666666666666666,0.001,0.001,0.008,0.004,0.483,0.65,0.27,0.5,0.0813953488372093,Cascade(1.293 -> 3.391(40%) -> 3.790(70%)),0.8410404295983145
61,61,21.41952766845109,0.2989363517358401,0.2062771232712331,0.0245728705834353,0.1908943814106677,0.0641911597353602,1,1,0.5,0.14,0.6666666666666666,0.001,0.001,0.008,0.004,0.483,0.65,0.27,0.5,0.0813953488372093,Cascade(1.479 -> 2.727(40%) -> 3.019(70%)),0.8410404295983145
62,62,19.114363051433877,0.3330180177872334,0.2923914357637535,0.0300902969224445,0.1820318361207153,0.0757181962588176,1,1,0.5,0.14,0.6666666666666666,0.001,0.001,0.008,0.004,0.483,0.65,0.27,0.5,0.0813953488372093,Cascade(1.407 -> 3.356(40%) -> 2.912(70%)),0.8410404295983145
63,63,13.740126144898372,0.4352962083451134,0.1896281413469565,0.0363879031927447,0.2025387545129902,0.0366759944192522,1,1,0.5,0.14,0.6666666666666666,0.001,0.001,0.008,0.004,0.483,0.65,0.27,0.5,0.0813953488372093,Cascade(1.468 -> 2.425(40%) -> 4.145(70%)),0.8410404295983145
64,64,18.17760921111089,0.3111347524647634,0.1769819620007866,0.0378070287050661,0.1916080155583474,0.0641133232695985,1,1,0.5,0.14,0.6666666666666666,0.001,0.001,0.008,0.004,0.483,0.65,0.27,0.5,0.0813953488372093,Cascade(1.418 -> 2.866(40%) -> 3.550(70%)),0.8410404295983145
65,65,15.365790897610935,0.4764361702115552,0.2328735890902737,0.0234341309636453,0.182271302710519,0.0592028154364725,1,1,0.5,0.14,0.6666666666666666,0.001,0.001,0.008,0.004,0.483,0.65,0.27,0.5,0.0813953488372093,Cascade(1.301 -> 3.248(40%) -> 3.492(70%)),0.8410404295983145
66,66,18.896075113984203,0.2275189961467963,0.2078737545298664,0.0350115174453353,0.2123010283194087,0.0594092099234939,1,1,0.5,0.14,0.6666666666666666,0.001,0.001,0.008,0.004,0.483,0.65,0.27,0.5,0.0813953488372093,Cascade(1.264 -> 3.010(40%) -> 4.629(70%)),0.8410404295983145
67,67,19.878263477088492,0.2354145545617116,0.2309360252181387,0.030516910810022,0.1742360124459042,0.0393765714088235,1,1,0.5,0.14,0.6666666666666666,0.001,0.001,0.008,0.004,0.483,0.65,0.27,0.5,0.0813953488372093,Cascade(1.267 -> 2.790(40%) -> 3.740(70%)),0.8410404295983145
68,68,16.00942547737925,0.440309516084441,0.266436615968644,0.0311724960500749,0.2086374945474332,0.0823559275298335,1,1,0.5,0.14,0.6666666666666666,0.001,0.001,0.008,0.004,0.483,0.65,0.27,0.5,0.0813953488372093,Cascade(1.394 -> 2.449(40%) -> 4.553(70%)),0.8410404295983145
69,69,22.98701924973808,0.2699647590625336,0.2215837195827223,0.0215258872938086,0.2387747089108993,0.0657312273218257,1,1,0.5,0.14,0.6666666666666666,0.001,0.001,0.008,0.004,0.483,0.65,0.27,0.5,0.0813953488372093,Cascade(1.599 -> 3.065(40%) -> 3.045(70%)),0.8410404295983145
70,70,17.253725068089626,0.355438007733251,0.2631450178946256,0.0284649232924363,0.2250376284500175,0.0729433892358863,1,1,0.5,0.14,0.6666666666666666,0.001,0.001,0.008,0.004,0.483,0.65,0.27,0.5,0.0813953488372093,Cascade(1.306 -> 2.445(40%) -> 5.077(70%)),0.8410404295983145
71,71,12.9762508819671,0.4714895992340969,0.2549816310985024,0.0250113489915007,0.1644697049515716,0.0375598403047618,1,1,0.5,0.14,0.6666666666666666,0.001,0.001,0.008,0.004,0.483,0.65,0.27,0.5,0.0813953488372093,Cascade(1.228 -> 2.912(40%) -> 5.242(70%)),0.8410404295983145
72,72,10.904355074359303,0.7444527390365633,0.216068571853148,0.0268727818047782,0.2096082335385183,0.0506529440640556,1,1,0.5,0.14,0.6666666666666666,0.001,0.001,0.008,0.004,0.483,0.65,0.27,0.5,0.0813953488372093,Cascade(1.588 -> 2.405(40%) -> 3.533(70%)),0.8410404295983145
73,73,19.862233366150555,0.2837610672597663,0.1696524571205428,0.0326317737602498,0.2336518103654315,0.0477537503691255,1,1,0.5,0.14,0.6666666666666666,0.001,0.001,0.008,0.004,0.483,0.65,0.27,0.5,0.0813953488372093,Cascade(1.325 -> 2.558(40%) -> 3.653(70%)),0.8410404295983145
74,74,15.043883917804823,0.4988718247933347,0.2958870032351375,0.030793441680863,0.188788828979519,0.0858335508403838,1,1,0.5,0.14,0.6666666666666666,0.001,0.001,0.008,0.004,0.483,0.65,0.27,0.5,0.0813953488372093,Cascade(1.247 -> 2.319(40%) -> 4.429(70%)),0.8410404295983145
75,75,16.75729966000456,0.445359020640438,0.1624973971977998,0.035792319682182,0.1944083736261222,0.0854230354313985,1,1,0.5,0.14,0.6666666666666666,0.001,0.001,0.008,0.004,0.483,0.65,0.27,0.5,0.0813953488372093,Cascade(1.573 -> 2.483(40%) -> 4.329(70%)),0.8410404295983145
76,76,19.301528193091663,0.2533531865783267,0.1444371124826147,0.0347947660259853,0.2182364876083435,0.0579404348967123,1,1,0.5,0.14,0.6666666666666666,0.001,0.001,0.008,0.004,0.483,0.65,0.27,0.5,0.0813953488372093,Cascade(1.310 -> 2.838(40%) -> 4.504(70%)),0.8410404295983145
77,77,10.90153772960132,0.7175996064777356,0.2927753070569366,0.0379101183249384,0.1547322289604365,0.0407516093358081,1,1,0.5,0.14,0.6666666666666666,0.001,0.001,0.008,0.004,0.483,0.65,0.27,0.5,0.0813953488372093,Cascade(1.515 -> 2.822(40%) -> 3.354(70%)),0.8410404295983145
78,78,21.92343054921056,0.2333292898009301,0.1956599650379796,0.0289234665715239,0.2396474187657261,0.0777507419803449,1,1,0.5,0.14,0.6666666666666666,0.001,0.001,0.008,0.004,0.483,0.65,0.27,0.5,0.0813953488372093,Cascade(1.536 -> 3.004(40%) -> 3.355(70%)),0.8410404295983145
79,79,12.553072449818876,0.7012593946630449,0.2011914595013395,0.0330858221241436,0.1709789198654706,0.0896982456942095,1,1,0.5,0.14,0.6666666666666666,0.001,0.001,0.008,0.004,0.483,0.65,0.27,0.5,0.0813953488372093,Cascade(1.235 -> 3.110(40%) -> 4.435(70%)),0.8410404295983145
80,80,11.98544821651234,0.5817460146188916,0.222609629037375,0.0352294195297045,0.1591999588472007,0.0717332120956562,1,1,0.5,0.14,0.6666666666666666,0.001,0.001,0.008,0.004,0.483,0.65,0.27,0.5,0.0813953488372093,Cascade(1.485 -> 2.618(40%) -> 2.938(70%)),0.8410404295983145
81,81,14.570339605322705,0.4915676251902304,0.2584729611348074,0.0336440405601519,0.2162861249893331,0.0922953263312748,1,1,0.5,0.14,0.6666666666666666,0.001,0.001,0.008,0.004,0.483,0.65,0.27,0.5,0.0813953488372093,Cascade(1.482 -> 3.234(40%) -> 3.466(70%)),0.8410404295983145
82,82,17.94854541722378,0.3219023118739737,0.2466346782695869,0.0265623597649712,0.1849323470196594,0.0855207113835633,1,1,0.5,0.14,0.6666666666666666,0.001,0.001,0.008,0.004,0.483,0.65,0.27,0.5,0.0813953488372093,Cascade(1.165 -> 3.252(40%) -> 3.581(70%)),0.8410404295983145
83,83,13.314904749280425,0.5465340684213659,0.1449142094766573,0.0218466816592407,0.2121723594182039,0.0703910620729895,1,1,0.5,0.14,0.6666666666666666,0.001,0.001,0.008,0.004,0.483,0.65,0.27,0.5,0.0813953488372093,Cascade(1.316 -> 2.788(40%) -> 3.844(70%)),0.8410404295983145
84,84,19.74938185814824,0.2464939994959122,0.1438282329953152,0.0303843767672037,0.2324361887738007,0.0590772881232936,1,1,0.5,0.14,0.6666666666666666,0.001,0.001,0.008,0.004,0.483,0.65,0.27,0.5,0.0813953488372093,Cascade(1.200 -> 3.074(40%) -> 4.345(70%)),0.8410404295983145
85,85,18.888466917754325,0.3856946689763404,0.1575962252480718,0.0294130161135096,0.16976552904429,0.08333059987782,1,1,0.5,0.14,0.6666666666666666,0.001,0.001,0.008,0.004,0.483,0.65,0.27,0.5,0.0813953488372093,Cascade(1.406 -> 2.103(40%) -> 4.284(70%)),0.8410404295983145
86,86,18.500091835366632,0.4280542074903544,0.1490352329852103,0.0331213203727925,0.1587869539872295,0.0974007725874725,1,1,0.5,0.14,0.6666666666666666,0.001,0.001,0.008,0.004,0.483,0.65,0.27,0.5,0.0813953488372093,Cascade(1.321 -> 3.290(40%) -> 3.912(70%)),0.8410404295983145
87,87,15.526552825904291,0.4064264287967617,0.2919848239881895,0.0261928709649069,0.1666326220487608,0.0522284335035428,1,1,0.5,0.14,0.6666666666666666,0.001,0.001,0.008,0.004,0.483,0.65,0.27,0.5,0.0813953488372093,Cascade(1.135 -> 2.489(40%) -> 3.733(70%)),0.8410404295983145
88,88,17.20395220922451,0.2661705663385643,0.2392501641098089,0.027373981540886,0.205829002547792,0.0298470546980207,1,1,0.5,0.14,0.6666666666666666,0.001,0.001,0.008,0.004,0.483,0.65,0.27,0.5,0.0813953488372093,Cascade(1.442 -> 3.018(40%) -> 2.866(70%)),0.8410404295983145
89,89,12.327378112858824,0.4655309156999371,0.2666636004113032,0.0333708417406805,0.1705284039044315,0.0742395200128523,1,1,0.5,0.14,0.6666666666666666,0.001,0.001,0.008,0.004,0.483,0.65,0.27,0.5,0.0813953488372093,Cascade(1.392 -> 2.546(40%) -> 3.753(70%)),0.8410404295983145
90,90,10.90153772960132,0.7175996064777356,0.2927753070569366,0.0379101183249384,0.1547322289604365,0.0407516093358081,1,1,0.5,0.14,0.6666666666666666,0.001,0.001,0.008,0.004,0.483,0.65,0.27,0.5,0.0813953488372093,Cascade(1.378 -> 2.410(40%) -> 4.801(70%)),0.8410404295983145
91,91,13.259458374613148,0.4950605452555174,0.3016805712981708,0.0319665393464294,0.2130021364267826,0.0569517406679853,1,1,0.5,0.14,0.6666666666666666,0.001,0.001,0.008,0.004,0.483,0.65,0.27,0.5,0.0813953488372093,Cascade(1.570 -> 3.198(40%) -> 3.378(70%)),0.8410404295983145
92,92,21.69927588704782,0.3140290156465906,0.1830595930466719,0.0398093482576947,0.2034408184505243,0.0913216781997017,1,1,0.5,0.14,0.6666666666666666,0.001,0.001,0.008,0.004,0.483,0.65,0.27,0.5,0.0813953488372093,Cascade(1.505 -> 3.011(40%) -> 3.500(70%)),0.8410404295983145
93,93,12.896454112955231,0.519143419411117,0.3040816495907756,0.0229786240124865,0.1737756611735515,0.0282314160507332,1,1,0.5,0.14,0.6666666666666666,0.001,0.001,0.008,0.004,0.483,0.65,0.27,0.5,0.0813953488372093,Cascade(1.407 -> 3.356(40%) -> 2.912(70%)),0.8410404295983145
94,94,18.500091835366632,0.4280542074903544,0.1490352329852103,0.0331213203727925,0.1587869539872295,0.0974007725874725,1,1,0.5,0.14,0.6666666666666666,0.001,0.001,0.008,0.004,0.483,0.65,0.27,0.5,0.0813953488372093,Cascade(1.576 -> 2.514(40%) -> 3.492(70%)),0.8410404295983145
95,95,23.10318256077636,0.2550393292995992,0.2777463218531183,0.0298308285332577,0.1778633686997389,0.0844301808594833,1,1,0.5,0.14,0.6666666666666666,0.001,0.001,0.008,0.004,0.483,0.65,0.27,0.5,0.0813953488372093,Cascade(1.302 -> 2.882(40%) -> 4.816(70%)),0.8410404295983145
96,96,22.39576561076356,0.2894244390908141,0.272436041854187,0.0247689459125197,0.242171550334844,0.0729570230968991,1,1,0.5,0.14,0.6666666666666666,0.001,0.001,0.008,0.004,0.483,0.65,0.27,0.5,0.0813953488372093,Cascade(1.320 -> 3.138(40%) -> 3.514(70%)),0.8410404295983145
97,97,22.19929904657885,0.2486813600644653,0.2205436560755279,0.0293639646430679,0.1951181307733228,0.0851797574586406,1,1,0.5,0.14,0.6666666666666666,0.001,0.001,0.008,0.004,0.483,0.65,0.27,0.5,0.0813953488372093,Cascade(1.227 -> 3.283(40%) -> 3.463(70%)),0.8410404295983145
98,98,12.9762508819671,0.4714895992340969,0.2549816310985024,0.0250113489915007,0.1644697049515716,0.0375598403047618,1,1,0.5,0.14,0.6666666666666666,0.001,0.001,0.008,0.004,0.483,0.65,0.27,0.5,0.0813953488372093,Cascade(1.597 -> 2.737(40%) -> 3.637(70%)),0.8410404295983145
99,99,15.136610941842283,0.4140434653765017,0.1492068539346113,0.0325048587184541,0.1963286855910559,0.0794690639143853,1,1,0.5,0.14,0.6666666666666666,0.001,0.001,0.008,0.004,0.483,0.65,0.27,0.5,0.0813953488372093,Cascade(1.410 -> 2.412(40%) -> 4.459(70%)),0.8410404295983145
100,100,14.270608618861134,0.45293780545381,0.1827733722800624,0.022982212364999,0.1506467531181366,0.0662188808337978,1,1,0.5,0.14,0.6666666666666666,0.001,0.001,0.008,0.004,0.483,0.65,0.27,0.5,0.0813953488372093,Cascade(1.320 -> 3.819(40%) -> 3.665(70%)),0.8410404295983145
101,101,18.2563118670206,0.2796747712971557,0.169285434504991,0.0267626382430443,0.1642585612439897,0.0712459409765247,1,1,0.5,0.14,0.6666666666666666,0.001,0.001,0.008,0.004,0.483,0.65,0.27,0.5,0.0813953488372093,Cascade(1.403 -> 2.896(40%) -> 3.973(70%)),0.8410404295983145
102,102,13.565117299474329,0.6953396000161802,0.2423040536281929,0.0234751791880283,0.2278186265784852,0.0796374099508684,1,1,0.5,0.14,0.6666666666666666,0.001,0.001,0.008,0.004,0.483,0.65,0.27,0.5,0.0813953488372093,Cascade(1.200 -> 3.074(40%) -> 4.345(70%)),0.8410404295983145
103,103,23.709738845723088,0.2476283882722433,0.1908865136945771,0.0292299814784394,0.1615772521858492,0.0722172013531926,1,1,0.5,0.14,0.6666666666666666,0.001,0.001,0.008,0.004,0.483,0.65,0.27,0.5,0.0813953488372093,Cascade(1.311 -> 2.637(40%) -> 4.304(70%)),0.8410404295983145
104,104,12.989736895362034,0.4856312005819356,0.2240941525036492,0.038017153332912,0.1683320365730628,0.0617160987109598,1,1,0.5,0.14,0.6666666666666666,0.001,0.001,0.008,0.004,0.483,0.65,0.27,0.5,0.0813953488372093,Cascade(1.325 -> 2.558(40%) -> 3.653(70%)),0.8410404295983145
105,105,15.663964943376063,0.5014049461767072,0.1899342475126863,0.0270348220812007,0.1815631032328056,0.0979266983566027,1,1,0.5,0.14,0.6666666666666666,0.001,0.001,0.008,0.004,0.483,0.65,0.27,0.5,0.0813953488372093,Cascade(1.399 -> 2.765(40%) -> 3.329(70%)),0.8410404295983145
106,106,15.988087817686443,0.3599484145085631,0.2694520647203691,0.0220582973000694,0.2040552458516077,0.0382460964354406,1,1,0.5,0.14,0.6666666666666666,0.001,0.001,0.008,0.004,0.483,0.65,0.27,0.5,0.0813953488372093,Cascade(1.383 -> 2.900(40%) -> 4.034(70%)),0.8410404295983145
107,107,20.636686498932857,0.2660704309766004,0.228788999930746,0.0216842621394135,0.2192146084548315,0.0540200554658541,1,1,0.5,0.14,0.6666666666666666,0.001,0.001,0.008,0.004,0.483,0.65,0.27,0.5,0.0813953488372093,Cascade(1.273 -> 2.770(40%) -> 3.905(70%)),0.8410404295983145
108,108,12.84746426312861,0.5618447947328998,0.2788584557296638,0.0322918480009872,0.1595408519770242,0.0902006036783082,1,1,0.5,0.14,0.6666666666666666,0.001,0.001,0.008,0.004,0.483,0.65,0.27,0.5,0.0813953488372093,Cascade(1.228 -> 2.912(40%) -> 5.242(70%)),0.8410404295983145
109,109,10.90153772960132,0.7175996064777356,0.2927753070569366,0.0379101183249384,0.1547322289604365,0.0407516093358081,1,1,0.5,0.14,0.6666666666666666,0.001,0.001,0.008,0.004,0.483,0.65,0.27,0.5,0.0813953488372093,Cascade(1.440 -> 2.811(40%) -> 3.506(70%)),0.8410404295983145
110,110,21.40305428511487,0.3144968317597026,0.2298910887726852,0.0331394682601902,0.2263019919878886,0.0843532627580281,1,1,0.5,0.14,0.6666666666666666,0.001,0.001,0.008,0.004,0.483,0.65,0.27,0.5,0.0813953488372093,Cascade(1.343 -> 3.209(40%) -> 3.337(70%)),0.8410404295983145
111,111,15.835957415340513,0.434849958052226,0.1440900587947831,0.0325891573120016,0.2003673405526932,0.0735333435596762,1,1,0.5,0.14,0.6666666666666666,0.001,0.001,0.008,0.004,0.483,0.65,0.27,0.5,0.0813953488372093,Cascade(1.239 -> 3.632(40%) -> 4.305(70%)),0.8410404295983145
112,112,20.38325201258338,0.2694514078740673,0.2260524216694407,0.0345701922318155,0.2050563616672839,0.0421751108136937,1,1,0.5,0.14,0.6666666666666666,0.001,0.001,0.008,0.004,0.483,0.65,0.27,0.5,0.0813953488372093,Cascade(1.339 -> 2.566(40%) -> 3.413(70%)),0.8410404295983145
113,113,13.465262067796688,0.5656441284506499,0.1681631011605638,0.0281688629563655,0.1584545124877349,0.0851063404961531,1,1,0.5,0.14,0.6666666666666666,0.001,0.001,0.008,0.004,0.483,0.65,0.27,0.5,0.0813953488372093,Cascade(1.208 -> 2.780(40%) -> 4.985(70%)),0.8410404295983145
114,114,22.84042516649414,0.2860621236294576,0.2786864620536504,0.031506298198143,0.1957725661287033,0.0979211968448932,1,1,0.5,0.14,0.6666666666666666,0.001,0.001,0.008,0.004,0.483,0.65,0.27,0.5,0.0813953488372093,Cascade(1.392 -> 3.344(40%) -> 3.763(70%)),0.8410404295983145
115,115,12.9762508819671,0.4714895992340969,0.2549816310985024,0.0250113489915007,0.1644697049515716,0.0375598403047618,1,1,0.5,0.14,0.6666666666666666,0.001,0.001,0.008,0.004,0.483,0.65,0.27,0.5,0.0813953488372093,Cascade(1.313 -> 3.412(40%) -> 2.978(70%)),0.8410404295983145
116,116,17.936883455179473,0.3037320918560969,0.2109782043329147,0.0264427852330257,0.1657548168395269,0.0765071497433687,1,1,0.5,0.14,0.6666666666666666,0.001,0.001,0.008,0.004,0.483,0.65,0.27,0.5,0.0813953488372093,Cascade(1.491 -> 2.885(40%) -> 5.472(70%)),0.8410404295983145
117,117,26.32667668392166,0.2400077447448868,0.1837752669246532,0.0325494595269576,0.1963920745290672,0.0866671649111222,1,1,0.5,0.14,0.6666666666666666,0.001,0.001,0.008,0.004,0.483,0.65,0.27,0.5,0.0813953488372093,Cascade(1.284 -> 2.729(40%) -> 3.120(70%)),0.8410404295983145
118,118,9.979400489754015,0.7508460992611694,0.1777884594335099,0.0289927962066617,0.217002531475658,0.0465125429358223,1,1,0.5,0.14,0.6666666666666666,0.001,0.001,0.008,0.004,0.483,0.65,0.27,0.5,0.0813953488372093,Cascade(1.362 -> 2.612(40%) -> 3.952(70%)),0.8410404295983145
119,119,17.686784478191758,0.3785572306994824,0.229635383193558,0.0319721349932318,0.2182900493401543,0.0727326193193832,1,1,0.5,0.14,0.6666666666666666,0.001,0.001,0.008,0.004,0.483,0.65,0.27,0.5,0.0813953488372093,Cascade(1.494 -> 2.907(40%) -> 2.813(70%)),0.8410404295983145
120,120,14.570339605322705,0.4915676251902304,0.2584729611348074,0.0336440405601519,0.2162861249893331,0.0922953263312748,1,1,0.5,0.14,0.6666666666666666,0.001,0.001,0.008,0.004,0.483,0.65,0.27,0.5,0.0813953488372093,Cascade(1.245 -> 3.092(40%) -> 4.114(70%)),0.8410404295983145
121,121,12.989736895362034,0.4856312005819356,0.2240941525036492,0.038017153332912,0.1683320365730628,0.0617160987109598,1,1,0.5,0.14,0.6666666666666666,0.001,0.001,0.008,0.004,0.483,0.65,0.27,0.5,0.0813953488372093,Cascade(1.358 -> 2.845(40%) -> 3.924(70%)),0.8410404295983145
122,122,10.992700940865229,0.7429937680907552,0.2465663818252327,0.0300817432120976,0.162541478738389,0.0487870618396561,1,1,0.5,0.14,0.6666666666666666,0.001,0.001,0.008,0.004,0.483,0.65,0.27,0.5,0.0813953488372093,Cascade(1.512 -> 3.230(40%) -> 4.789(70%)),0.8410404295983145
123,123,14.665203281309452,0.4725089719288859,0.2416394278292068,0.0268006951706854,0.2208664747241622,0.0517724285337384,1,1,0.5,0.14,0.6666666666666666,0.001,0.001,0.008,0.004,0.483,0.65,0.27,0.5,0.0813953488372093,Cascade(1.395 -> 2.573(40%) -> 3.772(70%)),0.8410404295983145
124,124,15.983586354716344,0.3858441590177018,0.2375707141939351,0.0225385384078447,0.2069768330383619,0.0518892287776976,1,1,0.5,0.14,0.6666666666666666,0.001,0.001,0.008,0.004,0.483,0.65,0.27,0.5,0.0813953488372093,Cascade(1.278 -> 2.828(40%) -> 5.559(70%)),0.8410404295983145
125,125,15.451908233579742,0.4730576646821981,0.1594337721554772,0.025621151315815,0.2096489402771352,0.0854571672251468,1,1,0.5,0.14,0.6666666666666666,0.001,0.001,0.008,0.004,0.483,0.65,0.27,0.5,0.0813953488372093,Cascade(1.568 -> 2.775(40%) -> 3.144(70%)),0.8410404295983145
126,126,20.900300373095103,0.2834971120371249,0.2789748246924513,0.0269747931602796,0.2298390700374467,0.0647881123531101,1,1,0.5,0.14,0.6666666666666666,0.001,0.001,0.008,0.004,0.483,0.65,0.27,0.5,0.0813953488372093,Cascade(1.431 -> 3.437(40%) -> 2.747(70%)),0.8410404295983145
127,127,14.37117904876706,0.5859555468489493,0.2576029443719049,0.0315390447956434,0.2037008018629306,0.0775637978006202,1,1,0.5,0.14,0.6666666666666666,0.001,0.001,0.008,0.004,0.483,0.65,0.27,0.5,0.0813953488372093,Cascade(1.472 -> 3.096(40%) -> 4.758(70%)),0.8410404295983145
128,128,15.472985209811036,0.4337505325255168,0.2505848922953657,0.0230495102427609,0.2436561987686927,0.0464577839362825,1,1,0.5,0.14,0.6666666666666666,0.001,0.001,0.008,0.004,0.483,0.65,0.27,0.5,0.0813953488372093,Cascade(1.543 -> 2.677(40%) -> 3.157(70%)),0.8410404295983145
129,129,16.75729966000456,0.445359020640438,0.1624973971977998,0.035792319682182,0.1944083736261222,0.0854230354313985,1,1,0.5,0.14,0.6666666666666666,0.001,0.001,0.008,0.004,0.483,0.65,0.27,0.5,0.0813953488372093,Cascade(1.290 -> 2.935(40%) -> 3.672(70%)),0.8410404295983145
130,130,14.0363200621479,0.4655761589775091,0.2391924790984451,0.0332991140102911,0.2311402115004118,0.0592525216508989,1,1,0.5,0.14,0.6666666666666666,0.001,0.001,0.008,0.004,0.483,0.65,0.27,0.5,0.0813953488372093,Cascade(1.527 -> 2.777(40%) -> 2.799(70%)),0.8410404295983145
131,131,18.281404278158966,0.2779134565603223,0.2696735263579179,0.0377894467262398,0.2068358598805803,0.0521456415863079,1,1,0.5,0.14,0.6666666666666666,0.001,0.001,0.008,0.004,0.483,0.65,0.27,0.5,0.0813953488372093,Cascade(1.392 -> 3.021(40%) -> 4.189(70%)),0.8410404295983145
132,132,12.960945482215262,0.6744303169057242,0.1861394411599942,0.0334604100372891,0.2330616912647106,0.089676143727758,1,1,0.5,0.14,0.6666666666666666,0.001,0.001,0.008,0.004,0.483,0.65,0.27,0.5,0.0813953488372093,Cascade(1.585 -> 3.193(40%) -> 2.867(70%)),0.8410404295983145
133,133,20.591356250120008,0.2667071179852082,0.2154568544302327,0.0255426990964508,0.2467333149453791,0.0498561467660539,1,1,0.5,0.14,0.6666666666666666,0.001,0.001,0.008,0.004,0.483,0.65,0.27,0.5,0.0813953488372093,Cascade(1.526 -> 2.959(40%) -> 3.738(70%)),0.8410404295983145
134,134,15.938685714294234,0.5991610699500483,0.1649813193304296,0.0339731122535376,0.2012835961490384,0.085804569869485,1,1,0.5,0.14,0.6666666666666666,0.001,0.001,0.008,0.004,0.483,0.65,0.27,0.5,0.0813953488372093,Cascade(1.332 -> 2.799(40%) -> 3.057(70%)),0.8410404295983145
135,135,18.182049354381377,0.3163656745109368,0.2029545376241344,0.0258159904868764,0.1777626561566367,0.0720051506225754,1,1,0.5,0.14,0.6666666666666666,0.001,0.001,0.008,0.004,0.483,0.65,0.27,0.5,0.0813953488372093,Cascade(1.367 -> 2.545(40%) -> 5.308(70%)),0.8410404295983145
136,136,20.585062711590105,0.2109236204267935,0.2135818152854106,0.0356701646923808,0.1797922269074724,0.0784493313239326,1,1,0.5,0.14,0.6666666666666666,0.001,0.001,0.008,0.004,0.483,0.65,0.27,0.5,0.0813953488372093,Cascade(1.395 -> 2.920(40%) -> 3.857(70%)),0.8410404295983145
137,137,15.240501112999912,0.4195660669541899,0.2276485346486773,0.0365561831308174,0.1852663348452446,0.0831648387070397,1,1,0.5,0.14,0.6666666666666666,0.001,0.001,0.008,0.004,0.483,0.65,0.27,0.5,0.0813953488372093,Cascade(1.366 -> 2.469(40%) -> 4.602(70%)),0.8410404295983145
138,138,18.571251057499165,0.3425575806151257,0.2471139482418909,0.0342070599797539,0.1559088525139031,0.0708397097450783,1,1,0.5,0.14,0.6666666666666666,0.001,0.001,0.008,0.004,0.483,0.65,0.27,0.5,0.0813953488372093,Cascade(1.411 -> 2.923(40%) -> 3.323(70%)),0.8410404295983145
139,139,18.1882229435122,0.3322992036857468,0.2502784039063792,0.0324528528992724,0.1969380178961153,0.0964743152129535,1,1,0.5,0.14,0.6666666666666666,0.001,0.001,0.008,0.004,0.483,0.65,0.27,0.5,0.0813953488372093,Cascade(1.327 -> 2.710(40%) -> 3.466(70%)),0.8410404295983145
140,140,14.140477726260205,0.3889877001224742,0.2830112309501159,0.0252180965156968,0.1853342562138074,0.0372013616882866,1,1,0.5,0.14,0.6666666666666666,0.001,0.001,0.008,0.004,0.483,0.65,0.27,0.5,0.0813953488372093,Cascade(1.385 -> 2.663(40%) -> 3.738(70%)),0.8410404295983145
141,141,14.587590383511792,0.4803570532567811,0.2718428761959686,0.0340025823519677,0.2251278073171267,0.0685931478781885,1,1,0.5,0.14,0.6666666666666666,0.001,0.001,0.008,0.004,0.483,0.65,0.27,0.5,0.0813953488372093,Cascade(1.490 -> 3.050(40%) -> 3.220(70%)),0.8410404295983145
142,142,18.44475864960037,0.3309824779861417,0.1740937261989271,0.0330386639809152,0.1925282770337558,0.0599111537516709,1,1,0.5,0.14,0.6666666666666666,0.001,0.001,0.008,0.004,0.483,0.65,0.27,0.5,0.0813953488372093,Cascade(1.327 -> 3.031(40%) -> 3.775(70%)),0.8410404295983145
143,143,19.41751692263376,0.3486969746600428,0.2436527341930684,0.0211859594636479,0.1777439771261535,0.0609040521854948,1,1,0.5,0.14,0.6666666666666666,0.001,0.001,0.008,0.004,0.483,0.65,0.27,0.5,0.0813953488372093,Cascade(1.451 -> 2.842(40%) -> 3.075(70%)),0.8410404295983145
144,144,10.930766775986063,0.6485556805159596,0.2094575697912222,0.0297868369650118,0.1983229642938893,0.0408104747637546,1,1,0.5,0.14,0.6666666666666666,0.001,0.001,0.008,0.004,0.483,0.65,0.27,0.5,0.0813953488372093,Cascade(1.494 -> 2.645(40%) -> 3.822(70%)),0.8410404295983145
145,145,20.19722631899675,0.2363529256054422,0.2219262989265791,0.0345976811866018,0.2176619845370913,0.0436273496735698,1,1,0.5,0.14,0.6666666666666666,0.001,0.001,0.008,0.004,0.483,0.65,0.27,0.5,0.0813953488372093,Cascade(1.403 -> 3.686(40%) -> 3.857(70%)),0.8410404295983145
146,146,18.896075113984203,0.2275189961467963,0.2078737545298664,0.0350115174453353,0.2123010283194087,0.0594092099234939,1,1,0.5,0.14,0.6666666666666666,0.001,0.001,0.008,0.004,0.483,0.65,0.27,0.5,0.0813953488372093,Cascade(1.368 -> 2.983(40%) -> 3.522(70%)),0.8410404295983145
147,147,14.665203281309452,0.4725089719288859,0.2416394278292068,0.0268006951706854,0.2208664747241622,0.0517724285337384,1,1,0.5,0.14,0.6666666666666666,0.001,0.001,0.008,0.004,0.483,0.65,0.27,0.5,0.0813953488372093,Cascade(1.207 -> 3.271(40%) -> 2.928(70%)),0.8410404295983145
148,148,14.37117904876706,0.5859555468489493,0.2576029443719049,0.0315390447956434,0.2037008018629306,0.0775637978006202,1,1,0.5,0.14,0.6666666666666666,0.001,0.001,0.008,0.004,0.483,0.65,0.27,0.5,0.0813953488372093,Cascade(1.282 -> 3.351(40%) -> 3.799(70%)),0.8410404295983145
149,149,10.90153772960132,0.7175996064777356,0.2927753070569366,0.0379101183249384,0.1547322289604365,0.0407516093358081,1,1,0.5,0.14,0.6666666666666666,0.001,0.001,0.008,0.004,0.483,0.65,0.27,0.5,0.0813953488372093,Cascade(1.368 -> 2.844(40%) -> 4.501(70%)),0.8410404295983145
150,150,15.016438101727662,0.4317339815516505,0.148127548991695,0.0334672565206281,0.2268502409136754,0.043871582007644,1,1,0.5,0.14,0.6666666666666666,0.001,0.001,0.008,0.004,0.483,0.65,0.27,0.5,0.0813953488372093,Cascade(1.504 -> 2.574(40%) -> 3.107(70%)),0.8410404295983145
151,151,18.182049354381377,0.3163656745109368,0.2029545376241344,0.0258159904868764,0.1777626561566367,0.0720051506225754,1,1,0.5,0.14,0.6666666666666666,0.001,0.001,0.008,0.004,0.483,0.65,0.27,0.5,0.0813953488372093,Cascade(1.566 -> 2.538(40%) -> 2.837(70%)),0.8410404295983145
152,152,14.028596270129176,0.5228614633697666,0.2120732524776269,0.0361248490404865,0.1775962967816827,0.0751434152289506,1,1,0.5,0.14,0.6666666666666666,0.001,0.001,0.008,0.004,0.483,0.65,0.27,0.5,0.0813953488372093,Cascade(1.257 -> 3.072(40%) -> 4.374(70%)),0.8410404295983145
153,153,11.367936959116914,0.765390228632401,0.1688497227094825,0.0293430932114433,0.2423966215475194,0.0914737440964771,1,1,0.5,0.14,0.6666666666666666,0.001,0.001,0.008,0.004,0.483,0.65,0.27,0.5,0.0813953488372093,Cascade(1.321 -> 2.956(40%) -> 2.638(70%)),0.8410404295983145
154,154,10.992700940865229,0.7429937680907552,0.2465663818252327,0.0300817432120976,0.162541478738389,0.0487870618396561,1,1,0.5,0.14,0.6666666666666666,0.001,0.001,0.008,0.004,0.483,0.65,0.27,0.5,0.0813953488372093,Cascade(1.252 -> 3.101(40%) -> 3.184(70%)),0.8410404295983145
155,155,23.93212362152053,0.2024694738619098,0.2942994601391135,0.0290475299210161,0.2101177115973594,0.0576351137834089,1,1,0.5,0.14,0.6666666666666666,0.001,0.001,0.008,0.004,0.483,0.65,0.27,0.5,0.0813953488372093,Cascade(1.422 -> 2.985(40%) -> 3.929(70%)),0.8410404295983145
156,156,19.88183489274997,0.3431510418841911,0.2471865276045231,0.0262039003736749,0.158811320260563,0.0642338347847486,1,1,0.5,0.14,0.6666666666666666,0.001,0.001,0.008,0.004,0.483,0.65,0.27,0.5,0.0813953488372093,Cascade(1.368 -> 2.983(40%) -> 3.522(70%)),0.8410404295983145
157,157,10.435581376297728,0.6163998612836891,0.3008077083406525,0.0335915751895569,0.1584608988890057,0.0613596129986168,1,1,0.5,0.14,0.6666666666666666,0.001,0.001,0.008,0.004,0.483,0.65,0.27,0.5,0.0813953488372093,Cascade(1.485 -> 2.818(40%) -> 2.902(70%)),0.8410404295983145
158,158,11.510356350183622,0.6169549844385045,0.2693319214999406,0.0219291475455229,0.2137092888245695,0.0277320686879803,1,1,0.5,0.14,0.6666666666666666,0.001,0.001,0.008,0.004,0.483,0.65,0.27,0.5,0.0813953488372093,Cascade(1.373 -> 3.579(40%) -> 2.596(70%)),0.8410404295983145
159,159,19.988132513373305,0.2000977471765636,0.2343831504645145,0.0371297134464636,0.1689584014315432,0.0534002399225777,1,1,0.5,0.14,0.6666666666666666,0.001,0.001,0.008,0.004,0.483,0.65,0.27,0.5,0.0813953488372093,Cascade(1.542 -> 3.646(40%) -> 3.528(70%)),0.8410404295983145
160,160,16.857691208954844,0.2530255629594184,0.2705888008170757,0.0248317323528155,0.1940032869853546,0.0311752136431683,1,1,0.5,0.14,0.6666666666666666,0.001,0.001,0.008,0.004,0.483,0.65,0.27,0.5,0.0813953488372093,Cascade(1.235 -> 2.902(40%) -> 4.487(70%)),0.8410404295983145
161,161,15.725648360026405,0.3032582103057772,0.2325496275955347,0.0299489137284413,0.1995997921063748,0.0441525233466629,1,1,0.5,0.14,0.6666666666666666,0.001,0.001,0.008,0.004,0.483,0.65,0.27,0.5,0.0813953488372093,Cascade(1.480 -> 2.285(40%) -> 4.379(70%)),0.8410404295983145
162,162,15.060709941230613,0.399116575310831,0.2468085318970364,0.0352329374466387,0.2105621583098544,0.0454293949204931,1,1,0.5,0.14,0.6666666666666666,0.001,0.001,0.008,0.004,0.483,0.65,0.27,0.5,0.0813953488372093,Cascade(1.319 -> 2.302(40%) -> 3.515(70%)),0.8410404295983145
163,163,16.428683977552545,0.404687482945982,0.2874786393398678,0.0262049837952749,0.2225148659332046,0.0589058906681522,1,1,0.5,0.14,0.6666666666666666,0.001,0.001,0.008,0.004,0.483,0.65,0.27,0.5,0.0813953488372093,Cascade(1.201 -> 2.660(40%) -> 3.097(70%)),0.8410404295983145
164,164,15.796301584607392,0.399005729709423,0.1625163012229788,0.0348010926513277,0.1869100199845169,0.095591022852696,1,1,0.5,0.14,0.6666666666666666,0.001,0.001,0.008,0.004,0.483,0.65,0.27,0.5,0.0813953488372093,Cascade(1.337 -> 2.799(40%) -> 3.658(70%)),0.8410404295983145
165,165,15.526552825904291,0.4064264287967617,0.2919848239881895,0.0261928709649069,0.1666326220487608,0.0522284335035428,1,1,0.5,0.14,0.6666666666666666,0.001,0.001,0.008,0.004,0.483,0.65,0.27,0.5,0.0813953488372093,Cascade(1.485 -> 2.618(40%) -> 2.938(70%)),0.8410404295983145
166,166,23.08143589326564,0.2362065981442788,0.2685712969918943,0.035019509346344,0.1537612324579159,0.0749898729463474,1,1,0.5,0.14,0.6666666666666666,0.001,0.001,0.008,0.004,0.483,0.65,0.27,0.5,0.0813953488372093,Cascade(1.196 -> 2.777(40%) -> 2.917(70%)),0.8410404295983145
167,167,12.191041073056368,0.6219188793428239,0.2486560692922427,0.0250460011647458,0.1873749106734504,0.0361413097722829,1,1,0.5,0.14,0.6666666666666666,0.001,0.001,0.008,0.004,0.483,0.65,0.27,0.5,0.0813953488372093,Cascade(1.566 -> 2.264(40%) -> 3.596(70%)),0.8410404295983145
168,168,15.651741650345205,0.3827539109886795,0.2550877125680306,0.0323659407912077,0.2090690024138465,0.0603397140331657,1,1,0.5,0.14,0.6666666666666666,0.001,0.001,0.008,0.004,0.483,0.65,0.27,0.5,0.0813953488372093,Cascade(1.373 -> 2.786(40%) -> 3.696(70%)),0.8410404295983145
169,169,15.06780628967045,0.5245739613702476,0.2769857863470313,0.0292407638532457,0.224472809719651,0.0992711805528025,1,1,0.5,0.14,0.6666666666666666,0.001,0.001,0.008,0.004,0.483,0.65,0.27,0.5,0.0813953488372093,Cascade(1.313 -> 3.412(40%) -> 2.978(70%)),0.8410404295983145
170,170,15.641869675075547,0.2509805969507179,0.2844027346375088,0.039063689980941,0.2370178352299852,0.0281726346069645,1,1,0.5,0.14,0.6666666666666666,0.001,0.001,0.008,0.004,0.483,0.65,0.27,0.5,0.0813953488372093,Cascade(1.397 -> 3.012(40%) -> 2.959(70%)),0.8410404295983145
171,171,22.19929904657885,0.2486813600644653,0.2205436560755279,0.0293639646430679,0.1951181307733228,0.0851797574586406,1,1,0.5,0.14,0.6666666666666666,0.001,0.001,0.008,0.004,0.483,0.65,0.27,0.5,0.0813953488372093,Cascade(1.416 -> 2.557(40%) -> 3.636(70%)),0.8410404295983145
172,172,26.269039346777376,0.2704335938341096,0.2826322597062125,0.0250454605870106,0.1695426698756397,0.0786567093107702,1,1,0.5,0.14,0.6666666666666666,0.001,0.001,0.008,0.004,0.483,0.65,0.27,0.5,0.0813953488372093,Cascade(1.422 -> 2.985(40%) -> 3.929(70%)),0.8410404295983145
173,173,16.08916830826001,0.4079879940233211,0.1775173840840878,0.0262343333208689,0.1995349094548832,0.0578297432015644,1,1,0.5,0.14,0.6666666666666666,0.001,0.001,0.008,0.004,0.483,0.65,0.27,0.5,0.0813953488372093,Cascade(1.347 -> 2.687(40%) -> 3.097(70%)),0.8410404295983145
174,174,14.820812306569476,0.3826870458718351,0.2221175885936395,0.0230968696179341,0.1811075317765447,0.0409757320527683,1,1,0.5,0.14,0.6666666666666666,0.001,0.001,0.008,0.004,0.483,0.65,0.27,0.5,0.0813953488372093,Cascade(1.257 -> 3.072(40%) -> 4.374(70%)),0.8410404295983145
175,175,12.988608548353817,0.5140485559259896,0.1453936437618353,0.031429573391521,0.2276828367553577,0.0462632122289239,1,1,0.5,0.14,0.6666666666666666,0.001,0.001,0.008,0.004,0.483,0.65,0.27,0.5,0.0813953488372093,Cascade(1.483 -> 2.887(40%) -> 2.855(70%)),0.8410404295983145
176,176,26.269039346777376,0.2704335938341096,0.2826322597062125,0.0250454605870106,0.1695426698756397,0.0786567093107702,1,1,0.5,0.14,0.6666666666666666,0.001,0.001,0.008,0.004,0.483,0.65,0.27,0.5,0.0813953488372093,Cascade(1.416 -> 2.208(40%) -> 4.894(70%)),0.8410404295983145
177,177,15.27996747115202,0.3630105504318524,0.1905083537609966,0.0245199356707606,0.1675939676232267,0.0552294657903698,1,1,0.5,0.14,0.6666666666666666,0.001,0.001,0.008,0.004,0.483,0.65,0.27,0.5,0.0813953488372093,Cascade(1.424 -> 2.909(40%) -> 3.253(70%)),0.8410404295983145
178,178,15.164520755308043,0.3724810232625518,0.2885601131585379,0.0330440346763412,0.1943422941824543,0.056368017241809,1,1,0.5,0.14,0.6666666666666666,0.001,0.001,0.008,0.004,0.483,0.65,0.27,0.5,0.0813953488372093,Cascade(1.246 -> 2.741(40%) -> 4.186(70%)),0.8410404295983145
179,179,15.578304511615928,0.5237271943950971,0.1706337986158972,0.0265408853816224,0.2069229836507955,0.0652464463807201,1,1,0.5,0.14,0.6666666666666666,0.001,0.001,0.008,0.004,0.483,0.65,0.27,0.5,0.0813953488372093,Cascade(1.434 -> 3.186(40%) -> 3.378(70%)),0.8410404295983145
180,180,18.936577677044227,0.3488889114933993,0.1938816730688351,0.0304452298314891,0.2134840915898597,0.0487635078882799,1,1,0.5,0.14,0.6666666666666666,0.001,0.001,0.008,0.004,0.483,0.65,0.27,0.5,0.0813953488372093,Cascade(1.399 -> 2.703(40%) -> 5.457(70%)),0.8410404295983145
181,181,20.41887902546365,0.3315257682540276,0.1830477692120081,0.0294336401145045,0.231842540701971,0.0809115972395671,1,1,0.5,0.14,0.6666666666666666,0.001,0.001,0.008,0.004,0.483,0.65,0.27,0.5,0.0813953488372093,Cascade(1.346 -> 2.788(40%) -> 3.555(70%)),0.8410404295983145
182,182,11.451160750770796,0.6264623257561449,0.1805394945024175,0.0292345889094211,0.2229457587377817,0.0559369918838587,1,1,0.5,0.14,0.6666666666666666,0.001,0.001,0.008,0.004,0.483,0.65,0.27,0.5,0.0813953488372093,Cascade(1.245 -> 2.943(40%) -> 5.373(70%)),0.8410404295983145
183,183,10.435581376297728,0.6163998612836891,0.3008077083406525,0.0335915751895569,0.1584608988890057,0.0613596129986168,1,1,0.5,0.14,0.6666666666666666,0.001,0.001,0.008,0.004,0.483,0.65,0.27,0.5,0.0813953488372093,Cascade(1.252 -> 3.101(40%) -> 3.184(70%)),0.8410404295983145
184,184,10.90153772960132,0.7175996064777356,0.2927753070569366,0.0379101183249384,0.1547322289604365,0.0407516093358081,1,1,0.5,0.14,0.6666666666666666,0.001,0.001,0.008,0.004,0.483,0.65,0.27,0.5,0.0813953488372093,Cascade(1.375 -> 2.615(40%) -> 4.175(70%)),0.8410404295983145
185,185,14.184268897226998,0.3807425132671313,0.1527545216962827,0.0386457869472464,0.1956801552408166,0.0229450505223836,1,1,0.5,0.14,0.6666666666666666,0.001,0.001,0.008,0.004,0.483,0.65,0.27,0.5,0.0813953488372093,Cascade(1.326 -> 2.706(40%) -> 3.713(70%)),0.8410404295983145
186,186,12.682112561369037,0.6954051116127824,0.2704986949710773,0.0234043578785576,0.2400951502722172,0.0911585159790782,1,1,0.5,0.14,0.6666666666666666,0.001,0.001,0.008,0.004,0.483,0.65,0.27,0.5,0.0813953488372093,Cascade(1.401 -> 2.608(40%) -> 4.298(70%)),0.8410404295983145
187,187,16.13832178609965,0.3154694299894805,0.2991193215426952,0.0332465695640117,0.1832765039642847,0.0529374028591607,1,1,0.5,0.14,0.6666666666666666,0.001,0.001,0.008,0.004,0.483,0.65,0.27,0.5,0.0813953488372093,Cascade(1.221 -> 2.743(40%) -> 4.358(70%)),0.8410404295983145
188,188,21.2094434470492,0.2993352382603312,0.3013263371843514,0.0338118718524501,0.2339754897813674,0.0959570454728109,1,1,0.5,0.14,0.6666666666666666,0.001,0.001,0.008,0.004,0.483,0.65,0.27,0.5,0.0813953488372093,Cascade(1.321 -> 2.902(40%) -> 3.280(70%)),0.8410404295983145
189,189,13.88604137172574,0.4193261381349852,0.2083510926327511,0.021703627903125,0.1989287792538557,0.0273594523257742,1,1,0.5,0.14,0.6666666666666666,0.001,0.001,0.008,0.004,0.483,0.65,0.27,0.5,0.0813953488372093,Cascade(1.436 -> 3.038(40%) -> 3.526(70%)),0.8410404295983145
190,190,11.43870902895305,0.6165079598062756,0.1952393412666543,0.0265759247932747,0.1973994093009104,0.0338953855488225,1,1,0.5,0.14,0.6666666666666666,0.001,0.001,0.008,0.004,0.483,0.65,0.27,0.5,0.0813953488372093,Cascade(1.563 -> 3.393(40%) -> 4.176(70%)),0.8410404295983145
191,191,12.382442145837668,0.5877362291791193,0.1430259967086978,0.028097362615862,0.2279588656460994,0.0422737295591262,1,1,0.5,0.14,0.6666666666666666,0.001,0.001,0.008,0.004,0.483,0.65,0.27,0.5,0.0813953488372093,Cascade(1.315 -> 3.016(40%) -> 3.158(70%)),0.8410404295983145
192,192,16.38257369474768,0.2825232944560891,0.2358873519353681,0.0371359157170557,0.1592199849286918,0.0440642140238365,1,1,0.5,0.14,0.6666666666666666,0.001,0.001,0.008,0.004,0.483,0.65,0.27,0.5,0.0813953488372093,Cascade(1.390 -> 3.040(40%) -> 3.341(70%)),0.8410404295983145
193,193,17.20395220922451,0.2661705663385643,0.2392501641098089,0.027373981540886,0.205829002547792,0.0298470546980207,1,1,0.5,0.14,0.6666666666666666,0.001,0.001,0.008,0.004,0.483,0.65,0.27,0.5,0.0813953488372093,Cascade(1.253 -> 3.504(40%) -> 3.904(70%)),0.8410404295983145
194,194,18.776995966371008,0.2696257412838906,0.2097530032686738,0.0289687527880058,0.2499141608887244,0.0505386831312677,1,1,0.5,0.14,0.6666666666666666,0.001,0.001,0.008,0.004,0.483,0.65,0.27,0.5,0.0813953488372093,Cascade(1.383 -> 3.029(40%) -> 3.742(70%)),0.8410404295983145
195,195,14.913697743226887,0.4543953825648206,0.2018060552854716,0.0258488570801565,0.2088451651031644,0.05866607021464,1,1,0.5,0.14,0.6666666666666666,0.001,0.001,0.008,0.004,0.483,0.65,0.27,0.5,0.0813953488372093,Cascade(1.545 -> 2.770(40%) -> 3.291(70%)),0.8410404295983145
196,196,21.941025752591724,0.2178638393148911,0.2437491748470691,0.0366460179029137,0.1605039281677573,0.0907838261661981,1,1,0.5,0.14,0.6666666666666666,0.001,0.001,0.008,0.004,0.483,0.65,0.27,0.5,0.0813953488372093,Cascade(1.438 -> 2.556(40%) -> 3.167(70%)),0.8410404295983145
197,197,20.27372744795291,0.3166425874964353,0.2617790401966347,0.021980867817768,0.214846594232598,0.0930382176087195,1,1,0.5,0.14,0.6666666666666666,0.001,0.001,0.008,0.004,0.483,0.65,0.27,0.5,0.0813953488372093,Cascade(1.441 -> 2.791(40%) -> 3.224(70%)),0.8410404295983145
198,198,12.960945482215262,0.6744303169057242,0.1861394411599942,0.0334604100372891,0.2330616912647106,0.089676143727758,1,1,0.5,0.14,0.6666666666666666,0.001,0.001,0.008,0.004,0.483,0.65,0.27,0.5,0.0813953488372093,Cascade(1.458 -> 3.370(40%) -> 2.917(70%)),0.8410404295983145
199,199,19.878263477088492,0.2354145545617116,0.2309360252181387,0.030516910810022,0.1742360124459042,0.0393765714088235,1,1,0.5,0.14,0.6666666666666666,0.001,0.001,0.008,0.004,0.483,0.65,0.27,0.5,0.0813953488372093,Cascade(1.383 -> 2.624(40%) -> 4.080(70%)),0.8410404295983145
