,beta,rr_sus_slat,rr_sus_rec,p_primary,r_clear,r_sc,irr_hiv,adr,irr_art,rr_inf_asym,rr_inf_cs,r_lat,r_stab,r_react,r_relapse,r_relapse_td,r_relapse_tc,dur_succ,r_act,cas
0,17.933500721482705,0.5156615899043221,0.2099857270945808,0.10324603686829212,0.037407102339749226,0.16774358522471103,5.542655042635756,0.03764223652861511,0.8955426994259801,1,1,0.5,0.6666666666666666,0.001,0.001,0.008,0.004,0.5,0.057566535032490394,Cascade(1.700 -> 2.967(0%) -> 6.934(100%))
1,24.3769657982822,0.2327788244348607,0.25490777508283863,0.12607152283936543,0.023826771365017086,0.17930258959318476,21.550485408380013,0.0035059421887506693,0.7433668995180063,1,1,0.5,0.6666666666666666,0.001,0.001,0.008,0.004,0.5,0.0721291994334409,Cascade(1.789 -> 3.082(0%) -> 6.807(100%))
2,16.736181658455536,0.5197031483874325,0.21841824521315656,0.11376116780560824,0.022757641604818083,0.1544215784405055,23.81529189781452,0.06510561750699845,0.6398853591407774,1,1,0.5,0.6666666666666666,0.001,0.001,0.008,0.004,0.5,0.06418200358244704,Cascade(1.464 -> 3.106(0%) -> 5.257(100%))
3,20.682397170973978,0.558209717197151,0.2787457014297704,0.09883650251364844,0.0241232632525264,0.17201303455714578,26.820626171590472,-0.042698056423232156,0.6559313086273739,1,1,0.5,0.6666666666666666,0.001,0.001,0.008,0.004,0.5,0.05483827451363527,Cascade(1.526 -> 3.560(0%) -> 6.141(100%))
4,17.304206271474346,0.321973774321194,0.23126436517696847,0.12558677093091805,0.039118944201859684,0.21019355604478684,14.864973969824913,-0.02615302697981146,0.535276074064841,1,1,0.5,0.6666666666666666,0.001,0.001,0.008,0.004,0.5,0.07181202591400651,Cascade(1.538 -> 3.015(0%) -> 4.798(100%))
5,26.682717630219614,0.39772030255519514,0.14265428677361414,0.09289009411490476,0.03726026178824061,0.24246135506373598,13.562305453098528,-0.07654392818129416,0.7440133182286239,1,1,0.5,0.6666666666666666,0.001,0.001,0.008,0.004,0.5,0.0512011243137451,Cascade(1.690 -> 3.695(0%) -> 5.321(100%))
6,21.761242929266302,0.3519512670618542,0.29910288857727096,0.11270979767253068,0.02759092273311263,0.18306520605510132,26.94767566529744,-0.019985589846137027,0.8235876130281826,1,1,0.5,0.6666666666666666,0.001,0.001,0.008,0.004,0.5,0.06351349162702308,Cascade(1.900 -> 2.926(0%) -> 4.217(100%))
7,13.196844354421858,0.7108919100147875,0.27646786856303535,0.12518912714406183,0.03094300789214231,0.20125322699284726,26.558408322535275,0.05762084796381538,0.49664194840327025,1,1,0.5,0.6666666666666666,0.001,0.001,0.008,0.004,0.5,0.07155210973508196,Cascade(1.698 -> 2.802(0%) -> 6.012(100%))
8,17.58095787849369,0.6566527758147916,0.24547640655810532,0.09598009377817365,0.021490141985707978,0.23730795770706523,29.80533940175698,-0.04584363672818279,0.5036146277735412,1,1,0.5,0.6666666666666666,0.001,0.001,0.008,0.004,0.5,0.053085166110613424,Cascade(1.383 -> 2.595(0%) -> 4.852(100%))
9,15.804808719403665,0.3549214917223396,0.2985622733049814,0.13349537781937867,0.030088566049372642,0.2211973473581808,10.337138372227592,0.044973733440416865,0.7840614042384191,1,1,0.5,0.6666666666666666,0.001,0.001,0.008,0.004,0.5,0.07703096694592808,Cascade(1.415 -> 3.590(0%) -> 4.241(100%))
10,16.460357602610465,0.6007555228497045,0.22230390461416769,0.10376668079596732,0.034683324035539996,0.15825076326421172,4.033931165153584,-0.050896105934809005,0.5298871367480964,1,1,0.5,0.6666666666666666,0.001,0.001,0.008,0.004,0.5,0.05789043911474141,Cascade(1.433 -> 3.770(0%) -> 6.845(100%))
11,24.3769657982822,0.2327788244348607,0.25490777508283863,0.12607152283936543,0.023826771365017086,0.17930258959318476,21.550485408380013,0.0035059421887506693,0.7433668995180063,1,1,0.5,0.6666666666666666,0.001,0.001,0.008,0.004,0.5,0.0721291994334409,Cascade(1.789 -> 3.082(0%) -> 6.807(100%))
12,21.3080603888126,0.26054549786397707,0.22382652861361618,0.11114073026997028,0.03580961945843419,0.16217643849517555,16.288498710423067,-0.026784253586452065,0.5485333145622722,1,1,0.5,0.6666666666666666,0.001,0.001,0.008,0.004,0.5,0.06251874399854472,Cascade(1.263 -> 3.337(0%) -> 6.630(100%))
13,17.58095787849369,0.6566527758147916,0.24547640655810532,0.09598009377817365,0.021490141985707978,0.23730795770706523,29.80533940175698,-0.04584363672818279,0.5036146277735412,1,1,0.5,0.6666666666666666,0.001,0.001,0.008,0.004,0.5,0.053085166110613424,Cascade(1.383 -> 2.595(0%) -> 4.852(100%))
14,20.339620940703803,0.4453410839126403,0.23595893083713199,0.10502177384032299,0.02913758611784209,0.1692330665263501,18.056978532556908,-0.06349126628200993,0.9372109863050809,1,1,0.5,0.6666666666666666,0.001,0.001,0.008,0.004,0.5,0.05867280944418506,Cascade(1.707 -> 3.083(0%) -> 4.784(100%))
15,23.947307334774173,0.2751843411523117,0.18579081296889002,0.1097402763764843,0.02105165535204693,0.18341955085735784,12.032855609430015,-0.04392464204975009,0.7987013223671615,1,1,0.5,0.6666666666666666,0.001,0.001,0.008,0.004,0.5,0.06163385440476955,Cascade(1.504 -> 4.299(0%) -> 4.194(100%))
16,20.20810103266628,0.2258918626822367,0.29126842785035917,0.11145305753070636,0.03574227483953215,0.1620807502480692,10.54728359361481,0.044700945347754824,0.9465402890232739,1,1,0.5,0.6666666666666666,0.001,0.001,0.008,0.004,0.5,0.06271647124291238,Cascade(1.415 -> 3.462(0%) -> 5.148(100%))
17,19.655503353820684,0.4376939409689371,0.24586246514293736,0.1085912261616285,0.032188602604474564,0.18082980426530043,12.275915088539143,-0.08836408595453532,0.37436526829334893,1,1,0.5,0.6666666666666666,0.001,0.001,0.008,0.004,0.5,0.060909893052790424,Cascade(1.697 -> 3.082(0%) -> 6.289(100%))
18,27.548779131780474,0.22551123750038468,0.22632261485016952,0.10787664434208301,0.02462758951543347,0.16622729601656566,11.951783409527605,0.07366218296759244,0.9139071567280834,1,1,0.5,0.6666666666666666,0.001,0.001,0.008,0.004,0.5,0.06046060987974409,Cascade(1.468 -> 3.401(0%) -> 4.897(100%))
19,15.765230343767275,0.3892735273419092,0.2362349299348019,0.1300937015905193,0.026237036786990804,0.2145933942488496,6.389895177807881,-0.013425420704491264,0.6364673570006916,1,1,0.5,0.6666666666666666,0.001,0.001,0.008,0.004,0.5,0.07477454860849957,Cascade(1.477 -> 3.637(0%) -> 5.058(100%))
20,13.196844354421858,0.7108919100147875,0.27646786856303535,0.12518912714406183,0.03094300789214231,0.20125322699284726,26.558408322535275,0.05762084796381538,0.49664194840327025,1,1,0.5,0.6666666666666666,0.001,0.001,0.008,0.004,0.5,0.07155210973508196,Cascade(1.698 -> 2.802(0%) -> 6.012(100%))
21,19.388309062605366,0.30913283065242586,0.190658690804273,0.1220047579983573,0.03334006808949533,0.17602852752020032,25.09036658799473,-0.0006881914410631837,0.6493939449307773,1,1,0.5,0.6666666666666666,0.001,0.001,0.008,0.004,0.5,0.06947916808763813,Cascade(1.707 -> 3.192(0%) -> 5.703(100%))
22,15.963808040032587,0.4661856856216189,0.24314086534121368,0.13116737948176563,0.032556675605698956,0.21896801172479013,9.522503247956553,-0.044753129185156885,0.4017447892250017,1,1,0.5,0.6666666666666666,0.001,0.001,0.008,0.004,0.5,0.07548483815186863,Cascade(1.619 -> 3.209(0%) -> 6.730(100%))
23,21.977753009912433,0.3373460299251008,0.2717067608886983,0.10569989424998863,0.03135473208089029,0.2204785840518944,9.386132643160867,-0.07449033275412263,0.5857916375405369,1,1,0.5,0.6666666666666666,0.001,0.001,0.008,0.004,0.5,0.05909643394335878,Cascade(1.163 -> 3.911(0%) -> 5.808(100%))
24,17.80003714209814,0.31619968140152555,0.1804646981756706,0.1251576846730469,0.03777965543647108,0.18976748620546052,11.329862257909024,0.01619827954181023,0.32051488278679163,1,1,0.5,0.6666666666666666,0.001,0.001,0.008,0.004,0.5,0.07153156773530779,Cascade(1.823 -> 2.777(0%) -> 4.524(100%))
25,20.3009816406301,0.3839446476665736,0.2052426493810654,0.10435748937111443,0.022635141779795934,0.2079464266836789,21.88914517844399,-0.009695576164046427,0.5962385013746271,1,1,0.5,0.6666666666666666,0.001,0.001,0.008,0.004,0.5,0.05825845029276169,Cascade(1.291 -> 3.275(0%) -> 4.320(100%))
26,13.729802180140261,0.5450173847873327,0.2285029975132079,0.11808650175266204,0.0390942095206443,0.17439179144546962,15.376228222125842,-0.04835102012904241,0.4567217239409979,1,1,0.5,0.6666666666666666,0.001,0.001,0.008,0.004,0.5,0.0669490273067257,Cascade(1.421 -> 3.210(0%) -> 4.864(100%))
27,16.789142955007833,0.3335996566399895,0.23417730600080802,0.12887294724773726,0.02878739052413087,0.22328683807696878,6.313841553421355,0.03922214670747181,0.41943119957573693,1,1,0.5,0.6666666666666666,0.001,0.001,0.008,0.004,0.5,0.07396908799960496,Cascade(1.598 -> 3.178(0%) -> 5.041(100%))
28,13.050876465564365,0.7027307883649718,0.20605713003568643,0.11675850658333597,0.021575762303560748,0.20339468390032028,22.616946212911053,-0.0875403754688503,0.33196113198773747,1,1,0.5,0.6666666666666666,0.001,0.001,0.008,0.004,0.5,0.06609659275159066,Cascade(1.312 -> 3.105(0%) -> 4.522(100%))
29,20.41244509530462,0.31165094405399707,0.1785894588188805,0.11719284366559016,0.03662009614643789,0.1833354317582996,19.727646860220002,0.04422696553317469,0.9018190126816874,1,1,0.5,0.6666666666666666,0.001,0.001,0.008,0.004,0.5,0.06637510968544821,Cascade(1.393 -> 3.244(0%) -> 6.662(100%))
30,23.72001885772342,0.24855457866094643,0.23976342108236803,0.11427953744503987,0.034469816693482626,0.18545092842261018,14.321108064189378,-2.0312893771981533e-05,0.6221055489217795,1,1,0.5,0.6666666666666666,0.001,0.001,0.008,0.004,0.5,0.06451219220756609,Cascade(1.413 -> 3.824(0%) -> 4.303(100%))
31,13.196844354421858,0.7108919100147875,0.27646786856303535,0.12518912714406183,0.03094300789214231,0.20125322699284726,26.558408322535275,0.05762084796381538,0.49664194840327025,1,1,0.5,0.6666666666666666,0.001,0.001,0.008,0.004,0.5,0.07155210973508196,Cascade(1.698 -> 2.802(0%) -> 6.012(100%))
32,18.306357994849066,0.41560009485249855,0.2671877912683874,0.10414181834849906,0.034777474536227884,0.17493195005267173,25.678510859454892,0.07447911341497966,0.08790898628326832,1,1,0.5,0.6666666666666666,0.001,0.001,0.008,0.004,0.5,0.05812405382987919,Cascade(1.387 -> 3.001(0%) -> 6.666(100%))
33,17.05376790123743,0.2439761361190869,0.24104341012208844,0.1344216642285726,0.03489260798166355,0.20878154880247302,7.217657750372204,-0.04938225257164484,0.38873156943955683,1,1,0.5,0.6666666666666666,0.001,0.001,0.008,0.004,0.5,0.07764846847095144,Cascade(1.323 -> 3.402(0%) -> 5.688(100%))
34,20.252592435352724,0.4249021866345214,0.3039951773034445,0.10322246556227102,0.02687730765594502,0.20413465218080587,9.33692303886243,-0.05041933048798779,0.8986415037656388,1,1,0.5,0.6666666666666666,0.001,0.001,0.008,0.004,0.5,0.05755187970168684,Cascade(1.324 -> 3.599(0%) -> 5.616(100%))
35,17.561147427470548,0.3646676080555408,0.25921175475354125,0.12276130781315607,0.033051351260233904,0.21458605403141254,27.57687040080546,0.04118228344635692,0.41857358314248955,1,1,0.5,0.6666666666666666,0.001,0.001,0.008,0.004,0.5,0.06997029936466198,Cascade(1.429 -> 3.949(0%) -> 4.907(100%))
36,17.133776352286183,0.6641738810151921,0.23525032365654427,0.10172339078587984,0.031264692427358076,0.19854951143431804,12.252946973534852,-0.026991069844109983,0.5787746580046769,1,1,0.5,0.6666666666666666,0.001,0.001,0.008,0.004,0.5,0.05662141802560968,Cascade(1.421 -> 4.015(0%) -> 5.295(100%))
37,21.785565110508287,0.4280896246942383,0.2865967483829392,0.09532153470371182,0.03841536623749907,0.2079360460921859,3.6863574124612053,-0.07059116806262919,0.5240304064320953,1,1,0.5,0.6666666666666666,0.001,0.001,0.008,0.004,0.5,0.05268254875089427,Cascade(1.485 -> 3.315(0%) -> 4.363(100%))
38,25.552887509661794,0.3695911765389228,0.1428524744065416,0.09463778174434878,0.035820149152855446,0.2025774410243413,14.503830959799373,0.051111180293420315,0.6558454574144822,1,1,0.5,0.6666666666666666,0.001,0.001,0.008,0.004,0.5,0.05226514859803078,Cascade(1.755 -> 2.526(0%) -> 4.202(100%))
39,26.66567216782607,0.2976174464832563,0.2430377451324664,0.1014131395223297,0.02834990350195329,0.17177807650732738,15.3256701419803,0.04622156872823271,0.2615632245136277,1,1,0.5,0.6666666666666666,0.001,0.001,0.008,0.004,0.5,0.0564292357159666,Cascade(1.573 -> 3.240(0%) -> 5.434(100%))
40,20.160983236469267,0.3750642221631912,0.1698834052467364,0.10685885894456816,0.024726178065252145,0.22208117433114205,7.006705844626822,0.04378329128850397,0.359365433931524,1,1,0.5,0.6666666666666666,0.001,0.001,0.008,0.004,0.5,0.05982193296923497,Cascade(1.443 -> 2.589(0%) -> 5.183(100%))
41,15.183365243301855,0.4807535689182481,0.24970948311922772,0.11999939811712111,0.038433682434603066,0.16412541905639694,8.789889095580332,-0.00920102657928866,0.6722396133983324,1,1,0.5,0.6666666666666666,0.001,0.001,0.008,0.004,0.5,0.068181429569688,Cascade(1.447 -> 4.235(0%) -> 6.184(100%))
42,16.858342287067217,0.43129950898237923,0.27668706908789636,0.1123929398486523,0.03529688032905481,0.18557477705009479,12.49965325661973,-0.03886179527623237,0.71478248309949,1,1,0.5,0.6666666666666666,0.001,0.001,0.008,0.004,0.5,0.0633123286724916,Cascade(1.536 -> 3.369(0%) -> 4.199(100%))
43,13.196844354421858,0.7108919100147875,0.27646786856303535,0.12518912714406183,0.03094300789214231,0.20125322699284726,26.558408322535275,0.05762084796381538,0.49664194840327025,1,1,0.5,0.6666666666666666,0.001,0.001,0.008,0.004,0.5,0.07155210973508196,Cascade(1.698 -> 2.802(0%) -> 6.012(100%))
44,25.94676917672266,0.3035157118855174,0.19831549533616144,0.10373341862321055,0.03256622320453936,0.16064452815733962,10.93823818865763,0.0656202988097968,0.8768870468934916,1,1,0.5,0.6666666666666666,0.001,0.001,0.008,0.004,0.5,0.05786973472996263,Cascade(1.520 -> 3.151(0%) -> 8.234(100%))
45,20.80326086200711,0.3234514000213995,0.14312537371978426,0.1186966313138916,0.03395722591749573,0.20405640937277406,22.708926632391066,0.053817642875796434,0.6962058447197205,1,1,0.5,0.6666666666666666,0.001,0.001,0.008,0.004,0.5,0.06734152820205971,Cascade(1.720 -> 2.862(0%) -> 4.648(100%))
46,13.196844354421858,0.7108919100147875,0.27646786856303535,0.12518912714406183,0.03094300789214231,0.20125322699284726,26.558408322535275,0.05762084796381538,0.49664194840327025,1,1,0.5,0.6666666666666666,0.001,0.001,0.008,0.004,0.5,0.07155210973508196,Cascade(1.698 -> 2.802(0%) -> 6.012(100%))
47,22.686997161639923,0.43954501884689773,0.2902267018312124,0.09694647721595123,0.022087875023199827,0.241316559110554,10.089318735353173,-0.015421549689674643,0.6590094129861923,1,1,0.5,0.6666666666666666,0.001,0.001,0.008,0.004,0.5,0.05367703838697857,Cascade(1.302 -> 2.687(0%) -> 4.901(100%))
48,25.506466337034666,0.23518561628020437,0.15250498204904822,0.11093758610846596,0.036702075530287426,0.23861663842097341,18.117955513941197,0.03337945219094024,0.5342737741146821,1,1,0.5,0.6666666666666666,0.001,0.001,0.008,0.004,0.5,0.06239021264147175,Cascade(1.560 -> 3.411(0%) -> 4.210(100%))
49,24.542881693168017,0.2825984261978571,0.2381690028257329,0.12211093328093289,0.03000453769079053,0.2413350870227508,29.260326134361,0.02581055663910828,0.826067174185069,1,1,0.5,0.6666666666666666,0.001,0.001,0.008,0.004,0.5,0.06954804309005569,Cascade(1.659 -> 3.351(0%) -> 4.352(100%))
50,26.66567216782607,0.2976174464832563,0.2430377451324664,0.1014131395223297,0.02834990350195329,0.17177807650732738,15.3256701419803,0.04622156872823271,0.2615632245136277,1,1,0.5,0.6666666666666666,0.001,0.001,0.008,0.004,0.5,0.0564292357159666,Cascade(1.573 -> 3.240(0%) -> 5.434(100%))
51,21.761242929266302,0.3519512670618542,0.29910288857727096,0.11270979767253068,0.02759092273311263,0.18306520605510132,26.94767566529744,-0.019985589846137027,0.8235876130281826,1,1,0.5,0.6666666666666666,0.001,0.001,0.008,0.004,0.5,0.06351349162702308,Cascade(1.900 -> 2.926(0%) -> 4.217(100%))
52,25.272428927255678,0.41965197761274947,0.2918493877317601,0.09967999097230594,0.025799741523030426,0.21569005574449232,17.331985833788863,0.04801105530233177,0.4795220163582291,1,1,0.5,0.6666666666666666,0.001,0.001,0.008,0.004,0.5,0.05535808933090132,Cascade(1.869 -> 2.854(0%) -> 4.327(100%))
53,19.15416006529476,0.2699634709138294,0.2067079530577841,0.12162044647186152,0.037038402021515975,0.19181665605325057,11.496466034370346,-0.04459460524865462,0.8865025337843393,1,1,0.5,0.6666666666666666,0.001,0.001,0.008,0.004,0.5,0.06923000767911515,Cascade(1.386 -> 3.105(0%) -> 5.297(100%))
54,24.975565283705816,0.40578996932090006,0.28763016391484947,0.09932985376920725,0.025123700670378325,0.23390570349780737,11.477752688203985,0.01888683522562,0.23560647220210792,1,1,0.5,0.6666666666666666,0.001,0.001,0.008,0.004,0.5,0.055142192835463656,Cascade(1.722 -> 3.192(0%) -> 5.010(100%))
55,21.185584920391012,0.42941322077930105,0.16799842767411788,0.10377536521537391,0.021607654018417626,0.24131066924466532,22.228496097711997,0.07977416445314629,0.8285169384167144,1,1,0.5,0.6666666666666666,0.001,0.001,0.008,0.004,0.5,0.05789584507477437,Cascade(1.323 -> 3.466(0%) -> 5.057(100%))
56,19.502177158629355,0.2505396372956886,0.23551258105379655,0.12820773802532953,0.03703212702747643,0.21950485979648415,9.192454917662097,-0.09620477781483758,0.9545322350402757,1,1,0.5,0.6666666666666666,0.001,0.001,0.008,0.004,0.5,0.07353112869740897,Cascade(1.765 -> 3.003(0%) -> 5.085(100%))
57,19.51087751262576,0.42991685479149466,0.21021328996299013,0.1084938032584615,0.03360181496830638,0.245285779277975,16.698103755653303,-0.08620619195413892,0.693696342244229,1,1,0.5,0.6666666666666666,0.001,0.001,0.008,0.004,0.5,0.06084859738216466,Cascade(1.457 -> 3.611(0%) -> 5.537(100%))
58,21.192697281589204,0.3831596129687477,0.22613832027434133,0.11796637885752946,0.02416810682406889,0.199173361228014,24.452587628666336,-0.06726577186960087,0.8851314614810849,1,1,0.5,0.6666666666666666,0.001,0.001,0.008,0.004,0.5,0.06687181533099118,Cascade(1.343 -> 4.285(0%) -> 5.272(100%))
59,21.055566158923014,0.5322919277376557,0.23058115003174484,0.10018242213677972,0.0231837805012038,0.23157476765563068,14.58704521756136,-0.009092362749969997,0.9276514455678146,1,1,0.5,0.6666666666666666,0.001,0.001,0.008,0.004,0.5,0.05566818464175873,Cascade(1.519 -> 3.457(0%) -> 3.819(100%))
60,17.133776352286183,0.6641738810151921,0.23525032365654427,0.10172339078587984,0.031264692427358076,0.19854951143431804,12.252946973534852,-0.026991069844109983,0.5787746580046769,1,1,0.5,0.6666666666666666,0.001,0.001,0.008,0.004,0.5,0.05662141802560968,Cascade(1.421 -> 4.015(0%) -> 5.295(100%))
61,13.55808100756147,0.4153481275416569,0.22201224119703894,0.12937935920722002,0.03598959816364773,0.20664064995015052,19.574026317180177,-0.03537119711478546,0.3260303067609128,1,1,0.5,0.6666666666666666,0.001,0.001,0.008,0.004,0.5,0.07430294731434821,Cascade(1.283 -> 2.335(0%) -> 6.033(100%))
62,15.161552802483515,0.602111830574784,0.2775213970658103,0.12691168125295138,0.02792916484238546,0.231381228976653,16.899246875529506,0.004349742199310809,0.8191761846352484,1,1,0.5,0.6666666666666666,0.001,0.001,0.008,0.004,0.5,0.07267974987632395,Cascade(1.544 -> 4.236(0%) -> 4.338(100%))
63,18.864157387929485,0.26410838245907214,0.21762018730676438,0.12207450110628064,0.038600760711852006,0.1676108178162252,15.165709990068478,0.016667589068382657,0.7028152258177498,1,1,0.5,0.6666666666666666,0.001,0.001,0.008,0.004,0.5,0.0695244079708971,Cascade(1.441 -> 3.978(0%) -> 5.108(100%))
64,26.19819417794619,0.3017940004755578,0.1684201465915196,0.09877752275471284,0.039126905437620145,0.24381877422873738,11.707465354430282,0.03741768467659486,0.6622018843064148,1,1,0.5,0.6666666666666666,0.001,0.001,0.008,0.004,0.5,0.05480196358208918,Cascade(1.510 -> 3.773(0%) -> 4.277(100%))
65,17.32954247942723,0.5121642015700337,0.22664555903098582,0.10717593152053205,0.037161287442605176,0.1995591929035112,16.63816334719646,0.06682525001452695,0.27639904744966204,1,1,0.5,0.6666666666666666,0.001,0.001,0.008,0.004,0.5,0.0600207450181417,Cascade(1.645 -> 3.146(0%) -> 3.835(100%))
66,13.196844354421858,0.7108919100147875,0.27646786856303535,0.12518912714406183,0.03094300789214231,0.20125322699284726,26.558408322535275,0.05762084796381538,0.49664194840327025,1,1,0.5,0.6666666666666666,0.001,0.001,0.008,0.004,0.5,0.07155210973508196,Cascade(1.698 -> 2.802(0%) -> 6.012(100%))
67,22.444254598643067,0.4032157090588075,0.2988210352356452,0.09859602161067446,0.029077976228596605,0.16191772318794556,29.542745188484812,-0.09016108974547239,0.4324968106242931,1,1,0.5,0.6666666666666666,0.001,0.001,0.008,0.004,0.5,0.05469025208145345,Cascade(1.643 -> 3.079(0%) -> 5.007(100%))
68,19.859012501503194,0.24996667092934635,0.28250197496052093,0.13810730221583029,0.027389237558397988,0.23266730361788898,16.389181989631943,-0.09015094149920946,0.9309891063896102,1,1,0.5,0.6666666666666666,0.001,0.001,0.008,0.004,0.5,0.080118617184534,Cascade(1.353 -> 3.559(0%) -> 4.614(100%))
69,20.79979479771206,0.5084634149134567,0.2965899379637872,0.09877170966033058,0.021865815178104903,0.19893284750989862,21.767507486787395,0.08441985795042732,0.6855888270487812,1,1,0.5,0.6666666666666666,0.001,0.001,0.008,0.004,0.5,0.05479838500359543,Cascade(1.602 -> 3.241(0%) -> 4.719(100%))
70,13.779522814354692,0.6523539631139263,0.21397082241754017,0.12740901613886657,0.03411032189965581,0.22356122646776064,14.793628429273465,0.025559680857506137,0.38863915072745503,1,1,0.5,0.6666666666666666,0.001,0.001,0.008,0.004,0.5,0.07300614978571839,Cascade(1.527 -> 3.337(0%) -> 4.756(100%))
71,22.248547778388666,0.4608585795028869,0.21612141909221194,0.10369434749528085,0.023907106213240884,0.2451998581205973,25.78403289505371,-0.04501294786383766,0.47980197491182675,1,1,0.5,0.6666666666666666,0.001,0.001,0.008,0.004,0.5,0.057845416463406095,Cascade(1.560 -> 3.085(0%) -> 3.831(100%))
72,25.676227914056,0.35401409662497396,0.16229183838593603,0.09530313119303832,0.035924357493847134,0.2370641339671935,6.4976628409207855,0.07376005916698726,0.51751947914771,1,1,0.5,0.6666666666666666,0.001,0.001,0.008,0.004,0.5,0.05267130598048609,Cascade(1.422 -> 3.004(0%) -> 5.053(100%))
73,21.9974261222726,0.43514275931945984,0.22731397866918027,0.10293752913891817,0.030736188393581283,0.1796439913736247,18.375993598617512,0.026811594928323176,0.6094131670864381,1,1,0.5,0.6666666666666666,0.001,0.001,0.008,0.004,0.5,0.0573747829625006,Cascade(1.504 -> 3.658(0%) -> 6.390(100%))
74,20.308764464019053,0.38724589356188327,0.2676616254765148,0.10026494594942738,0.02805625131945405,0.16984775053956253,24.6911212243586,0.012849063885169418,0.5893790050784928,1,1,0.5,0.6666666666666666,0.001,0.001,0.008,0.004,0.5,0.05571915059774455,Cascade(1.393 -> 3.467(0%) -> 5.001(100%))
75,14.313273814243026,0.5766970777967456,0.2882184295122424,0.12567955898051442,0.032314029612349186,0.2116336285788736,7.863202065041952,0.0318340567674425,0.4157262329014122,1,1,0.5,0.6666666666666666,0.001,0.001,0.008,0.004,0.5,0.07187270998374923,Cascade(1.557 -> 4.305(0%) -> 4.519(100%))
76,17.299590396514116,0.533193325646012,0.20757943898894504,0.11611880997911185,0.03960348128840452,0.23958519353378666,26.404189005462996,0.02228390735598486,0.6055771701276582,1,1,0.5,0.6666666666666666,0.001,0.001,0.008,0.004,0.5,0.06568688828889305,Cascade(1.445 -> 3.647(0%) -> 5.124(100%))
77,14.373094668665045,0.5270577984916698,0.2889355360167496,0.12931356007061365,0.028584484296062578,0.2000615767427253,18.377345198422432,-0.07945935622895646,0.8525323387110485,1,1,0.5,0.6666666666666666,0.001,0.001,0.008,0.004,0.5,0.07425954634202246,Cascade(1.461 -> 5.169(0%) -> 4.940(100%))
78,13.196844354421858,0.7108919100147875,0.27646786856303535,0.12518912714406183,0.03094300789214231,0.20125322699284726,26.558408322535275,0.05762084796381538,0.49664194840327025,1,1,0.5,0.6666666666666666,0.001,0.001,0.008,0.004,0.5,0.07155210973508196,Cascade(1.698 -> 2.802(0%) -> 6.012(100%))
79,16.78591013047825,0.3431525658023684,0.26957690162544895,0.12739887338105887,0.03518429347045808,0.16651517645724626,14.414352518627872,0.09133557922547184,0.9127802004401354,1,1,0.5,0.6666666666666666,0.001,0.001,0.008,0.004,0.5,0.07299948939711437,Cascade(1.516 -> 3.198(0%) -> 5.775(100%))
80,14.833092313892768,0.3902160738371505,0.16870667972615686,0.1353381419558671,0.03835533872873406,0.24603987485482182,6.93202586324556,-0.019960066043264384,0.422668373042236,1,1,0.5,0.6666666666666666,0.001,0.001,0.008,0.004,0.5,0.07826073319690677,Cascade(1.415 -> 3.263(0%) -> 5.873(100%))
81,24.421516671057503,0.4239014987629639,0.2734026100160943,0.1109415762987845,0.020951716735847836,0.22962938211322376,16.25476645634877,-0.039355248129126254,0.7554788250095047,1,1,0.5,0.6666666666666666,0.001,0.001,0.008,0.004,0.5,0.06239273670954411,Cascade(1.795 -> 3.345(0%) -> 6.567(100%))
82,19.015872394950822,0.3380064117705328,0.2152110698126705,0.12440774724282132,0.026572611901730783,0.16759539441057636,26.991788083789544,-0.046406556529610656,0.8102742741567085,1,1,0.5,0.6666666666666666,0.001,0.001,0.008,0.004,0.5,0.0710420557348869,Cascade(1.784 -> 2.982(0%) -> 4.194(100%))
83,13.69886652552268,0.7266611866477372,0.18328656277001223,0.1124083946080585,0.03432453669512419,0.2221392736214648,25.54491372380866,-0.05482416850842442,0.26754060199160706,1,1,0.5,0.6666666666666666,0.001,0.001,0.008,0.004,0.5,0.06332213707588039,Cascade(1.454 -> 2.875(0%) -> 4.261(100%))
84,15.161552802483515,0.602111830574784,0.2775213970658103,0.12691168125295138,0.02792916484238546,0.231381228976653,16.899246875529506,0.004349742199310809,0.8191761846352484,1,1,0.5,0.6666666666666666,0.001,0.001,0.008,0.004,0.5,0.07267974987632395,Cascade(1.544 -> 4.236(0%) -> 4.338(100%))
85,27.50166119466735,0.3934495259709325,0.2675049128039013,0.09031926506653791,0.029235317709371225,0.18823677370546335,19.628228288256796,0.06725074456017223,0.9884571923221063,1,1,0.5,0.6666666666666666,0.001,0.001,0.008,0.004,0.5,0.04964338673894432,Cascade(1.625 -> 2.898(0%) -> 7.563(100%))
86,12.760673692703362,0.6761134582545033,0.2675936968633652,0.12012774232309392,0.03662863824119664,0.1779575676938226,14.82661419705319,-0.043905593186862144,0.4361090856990485,1,1,0.5,0.6666666666666666,0.001,0.001,0.008,0.004,0.5,0.06826430841237269,Cascade(1.575 -> 2.752(0%) -> 4.521(100%))
87,15.666893957206067,0.5879529358357614,0.22345459980124824,0.11290638621523859,0.038700740125652805,0.21068898741529452,12.494625982658722,-0.0029442265718151173,0.4983519482186271,1,1,0.5,0.6666666666666666,0.001,0.001,0.008,0.004,0.5,0.06363837167845594,Cascade(1.582 -> 3.080(0%) -> 4.403(100%))
88,16.24508024604519,0.5207521925529099,0.28958455401782834,0.11438886614403769,0.024588557533033448,0.16810336226045886,19.809838633111095,-0.07306389398469494,0.7438229696206784,1,1,0.5,0.6666666666666666,0.001,0.001,0.008,0.004,0.5,0.06458188124057739,Cascade(1.466 -> 3.210(0%) -> 5.498(100%))
89,14.137346214331952,0.4519156394517192,0.25668261878389875,0.12598080915964763,0.03670105838194333,0.18216775214467557,24.292755717691854,0.014854541574701861,0.383557246852734,1,1,0.5,0.6666666666666666,0.001,0.001,0.008,0.004,0.5,0.07206981864924472,Cascade(1.374 -> 3.141(0%) -> 5.908(100%))
90,23.38079981979795,0.40028288983853977,0.17400447025043234,0.09321932711158365,0.022228320085857484,0.19569061569343205,25.83558554637829,0.06483964641942337,0.8062002389121065,1,1,0.5,0.6666666666666666,0.001,0.001,0.008,0.004,0.5,0.05140125385262525,Cascade(1.419 -> 2.569(0%) -> 5.107(100%))
91,18.585701375866396,0.34790893997529704,0.23225350779516554,0.13199714549131242,0.029721257311745346,0.18771363933354956,26.941607543052072,-0.040331783918302964,0.7789988756515951,1,1,0.5,0.6666666666666666,0.001,0.001,0.008,0.004,0.5,0.07603497200825812,Cascade(1.466 -> 3.758(0%) -> 5.709(100%))
92,18.07648183344962,0.2866926589440524,0.21097699587046648,0.12550668108417187,0.028536417867828633,0.2132979454630004,5.231678986967218,0.08230410170684029,0.7835951771704566,1,1,0.5,0.6666666666666666,0.001,0.001,0.008,0.004,0.5,0.07175965691754596,Cascade(1.451 -> 3.216(0%) -> 5.108(100%))
93,22.686997161639923,0.43954501884689773,0.2902267018312124,0.09694647721595123,0.022087875023199827,0.241316559110554,10.089318735353173,-0.015421549689674643,0.6590094129861923,1,1,0.5,0.6666666666666666,0.001,0.001,0.008,0.004,0.5,0.05367703838697857,Cascade(1.302 -> 2.687(0%) -> 4.901(100%))
94,18.07785976274691,0.6038890265744544,0.17219513777181694,0.09549339480573088,0.028758611818315287,0.19245852308888334,12.440717703764266,-0.07139979771847993,0.7393046752051919,1,1,0.5,0.6666666666666666,0.001,0.001,0.008,0.004,0.5,0.05278756078581698,Cascade(1.376 -> 3.069(0%) -> 4.895(100%))
95,23.140842572435492,0.22633336166067994,0.21462757853792344,0.1285653400906607,0.027533911638114264,0.21941674663540842,16.336190957785174,0.05287453839855406,0.8897585281587115,1,1,0.5,0.6666666666666666,0.001,0.001,0.008,0.004,0.5,0.07376648302239673,Cascade(1.751 -> 2.744(0%) -> 5.604(100%))
96,22.07575080820122,0.5402998785802089,0.14023949932385718,0.09945699475975142,0.024006186251329834,0.20836550989508087,20.559836337188358,-0.025177295010152617,0.9716779248366239,1,1,0.5,0.6666666666666666,0.001,0.001,0.008,0.004,0.5,0.05522056924600625,Cascade(1.430 -> 4.170(0%) -> 4.896(100%))
97,13.198911687310968,0.4513513221411585,0.20505872521273036,0.13046924284185654,0.03734932914878423,0.17915187397279136,10.82219687556038,-0.04143433839509234,0.6883450781704687,1,1,0.5,0.6666666666666666,0.001,0.001,0.008,0.004,0.5,0.07502278773223879,Cascade(1.416 -> 2.688(0%) -> 5.289(100%))
98,19.30244184884734,0.282024278919383,0.171593474524056,0.12159908048066326,0.021197765719113915,0.1705094816750599,19.212714575902623,-0.004082992765120891,0.8873353651776447,1,1,0.5,0.6666666666666666,0.001,0.001,0.008,0.004,0.5,0.06921616187924905,Cascade(1.430 -> 3.925(0%) -> 4.561(100%))
99,13.303313585965661,0.575248080195079,0.30867914199570945,0.12517782231578026,0.026316567310657568,0.16516688162117119,27.900952236484656,0.053255882842517595,0.5051582785138387,1,1,0.5,0.6666666666666666,0.001,0.001,0.008,0.004,0.5,0.07154472389299958,Cascade(1.746 -> 2.910(0%) -> 4.486(100%))
100,21.29734144480523,0.24527898059985037,0.20258531576132927,0.12872723361143817,0.02568136763259243,0.24614960582519863,27.52228113492582,-0.07921854900925944,0.8077631841977354,1,1,0.5,0.6666666666666666,0.001,0.001,0.008,0.004,0.5,0.07387309610572038,Cascade(1.640 -> 3.569(0%) -> 3.771(100%))
101,22.538495276968398,0.305331373212788,0.22279987989042774,0.11332907829760937,0.034060612948083935,0.2376983358914617,28.905759138547378,-0.048985414839113006,0.6409556839511569,1,1,0.5,0.6666666666666666,0.001,0.001,0.008,0.004,0.5,0.0639070682954279,Cascade(1.539 -> 3.288(0%) -> 6.098(100%))
102,14.989750573876186,0.5905067791752835,0.2245181713621315,0.11993292350144528,0.022411110328503903,0.19366178688448457,19.04243567822415,-0.006167038702786572,0.32749747272979,1,1,0.5,0.6666666666666666,0.001,0.001,0.008,0.004,0.5,0.06813851279303154,Cascade(1.491 -> 3.144(0%) -> 5.441(100%))
103,18.730110698594235,0.6504368487179065,0.23609350673735666,0.09286542292573911,0.03819589857738797,0.19990854743388628,5.751219903559301,0.08093637652219951,0.6458458931908724,1,1,0.5,0.6666666666666666,0.001,0.001,0.008,0.004,0.5,0.05118613338786713,Cascade(1.355 -> 4.253(0%) -> 5.464(100%))
104,15.22464570050617,0.5453727560769213,0.17170648240784736,0.11955865342445379,0.029318425905896173,0.20785273830567383,10.77979569061616,-0.08773899850186327,0.39232233218803614,1,1,0.5,0.6666666666666666,0.001,0.001,0.008,0.004,0.5,0.0678970006857777,Cascade(1.321 -> 3.385(0%) -> 7.323(100%))
105,23.56789449848626,0.3864874351019388,0.186241137721218,0.11286116287603795,0.03237847547385229,0.21752427110389044,27.44700076901275,0.0237658966409578,0.6892498265311832,1,1,0.5,0.6666666666666666,0.001,0.001,0.008,0.004,0.5,0.06360963929948407,Cascade(1.609 -> 3.987(0%) -> 5.028(100%))
106,19.856561061224983,0.41274030838873865,0.23424072661813486,0.11113566231492572,0.026747190636369,0.1728651015975513,25.709289744987103,-0.004803490767368001,0.42105533120266186,1,1,0.5,0.6666666666666666,0.001,0.001,0.008,0.004,0.5,0.06251553673779026,Cascade(1.526 -> 3.560(0%) -> 6.141(100%))
107,15.170078642916286,0.5832971729053033,0.15866836126940878,0.11873682265622221,0.03502488438577556,0.21750835094519538,4.598563935437535,0.07816405893987997,0.9205427366345279,1,1,0.5,0.6666666666666666,0.001,0.001,0.008,0.004,0.5,0.06736740267198488,Cascade(1.558 -> 2.692(0%) -> 5.785(100%))
108,17.61073455512145,0.6945558906045828,0.23496424880746775,0.09663613648761328,0.0394155664968182,0.19390506711631172,7.445801010683016,0.015133632790136117,0.9099164679518328,1,1,0.5,0.6666666666666666,0.001,0.001,0.008,0.004,0.5,0.05348682872474023,Cascade(1.679 -> 3.826(0%) -> 3.630(100%))
109,20.879559638868674,0.4133764664701154,0.21452501845571992,0.10618310470614434,0.03619288713042562,0.21865597971472123,11.566299600616983,0.019095809055257595,0.811105720629252,1,1,0.5,0.6666666666666666,0.001,0.001,0.008,0.004,0.5,0.059398689633873535,Cascade(1.615 -> 3.246(0%) -> 4.861(100%))
110,16.024424054136343,0.48868491563115746,0.2581602439216545,0.12374662578680348,0.034040239619723266,0.21333846829305023,20.67998856423811,0.021937099018073274,0.4710649155669999,1,1,0.5,0.6666666666666666,0.001,0.001,0.008,0.004,0.5,0.07061121213822302,Cascade(1.548 -> 3.016(0%) -> 6.020(100%))
111,21.63884927448445,0.4262922925734689,0.18419775087100465,0.09886443303539466,0.03917826879978077,0.1758895247376016,12.269240877818909,0.0533942406638913,0.695660272674059,1,1,0.5,0.6666666666666666,0.001,0.001,0.008,0.004,0.5,0.054855471618111065,Cascade(1.413 -> 3.511(0%) -> 5.028(100%))
112,21.401229883121555,0.5040260582355239,0.17053707132617496,0.09366650572992902,0.022821559343099172,0.18990719598055333,12.271504259138634,-0.009213685139408345,0.437031332237487,1,1,0.5,0.6666666666666666,0.001,0.001,0.008,0.004,0.5,0.05167331138157082,Cascade(1.447 -> 2.870(0%) -> 6.252(100%))
113,17.32954247942723,0.5121642015700337,0.22664555903098582,0.10717593152053205,0.037161287442605176,0.1995591929035112,16.63816334719646,0.06682525001452695,0.27639904744966204,1,1,0.5,0.6666666666666666,0.001,0.001,0.008,0.004,0.5,0.0600207450181417,Cascade(1.645 -> 3.146(0%) -> 3.835(100%))
114,22.84300490421169,0.29212075063324283,0.28682247786114545,0.11502043538860417,0.024719280164810755,0.20711582956099514,23.01291826922875,-0.03964101714973024,0.6775043125706195,1,1,0.5,0.6666666666666666,0.001,0.001,0.008,0.004,0.5,0.06498479738292652,Cascade(1.541 -> 2.937(0%) -> 7.540(100%))
115,20.744180114201956,0.4098155667227927,0.14509548094281655,0.11228145266908723,0.02218554524472998,0.24833780484950158,19.80695973473732,-0.03114030969816716,0.4765618032058047,1,1,0.5,0.6666666666666666,0.001,0.001,0.008,0.004,0.5,0.0632415831609477,Cascade(1.370 -> 2.881(0%) -> 5.004(100%))
116,14.565895231505028,0.6226047094726469,0.2010900600864388,0.11427882534571816,0.025667261945067608,0.15092559674232375,28.659334407389693,-0.008842162417439514,0.3912596965757126,1,1,0.5,0.6666666666666666,0.001,0.001,0.008,0.004,0.5,0.06451173835283092,Cascade(1.568 -> 3.428(0%) -> 5.137(100%))
117,11.90386048164207,0.6037786252915561,0.2509898832667621,0.13816352604922352,0.03568165643594624,0.2139910896992483,3.2951772625239,-0.0032895762012159456,0.6546908354604257,1,1,0.5,0.6666666666666666,0.001,0.001,0.008,0.004,0.5,0.0801564625223292,Cascade(1.491 -> 4.058(0%) -> 4.994(100%))
118,15.31590605227268,0.3654497372856246,0.2274579481945136,0.1356468950307915,0.0335567844817293,0.24663035921149232,20.949195412174127,0.05070859849841787,0.7518752911731198,1,1,0.5,0.6666666666666666,0.001,0.001,0.008,0.004,0.5,0.07846729204242504,Cascade(1.349 -> 3.198(0%) -> 4.870(100%))
119,26.19819417794619,0.3017940004755578,0.1684201465915196,0.09877752275471284,0.039126905437620145,0.24381877422873738,11.707465354430282,0.03741768467659486,0.6622018843064148,1,1,0.5,0.6666666666666666,0.001,0.001,0.008,0.004,0.5,0.05480196358208918,Cascade(1.510 -> 3.773(0%) -> 4.277(100%))
120,16.35120998547005,0.7938665370779372,0.19321712734983845,0.098531632835974,0.02031528606084891,0.1726761903770844,13.560737446188366,0.08305952738612571,0.8938176520687358,1,1,0.5,0.6666666666666666,0.001,0.001,0.008,0.004,0.5,0.05465063247085949,Cascade(1.473 -> 3.245(0%) -> 5.886(100%))
121,17.126209945335972,0.5130752350514636,0.28869782191559923,0.10722811536023316,0.024640466396232134,0.1980496044423997,20.945205658724582,0.028341622415407677,0.6313527486957387,1,1,0.5,0.6666666666666666,0.001,0.001,0.008,0.004,0.5,0.060053479060611134,Cascade(1.282 -> 3.423(0%) -> 7.195(100%))
122,23.74923263729535,0.39363012192748015,0.2482437444006845,0.10459528704171682,0.03569237173616569,0.18917724697647603,22.39700215779281,0.05098361932308895,0.9189061997791796,1,1,0.5,0.6666666666666666,0.001,0.001,0.008,0.004,0.5,0.05840671013230969,Cascade(2.099 -> 3.083(0%) -> 5.136(100%))
123,17.541906501655472,0.7776836851335193,0.1809027896547426,0.10502941153321466,0.023510374672965965,0.21857101979486432,18.693499401942194,0.06974336979831164,0.7292273325187584,1,1,0.5,0.6666666666666666,0.001,0.001,0.008,0.004,0.5,0.05867757716661131,Cascade(1.633 -> 3.618(0%) -> 5.982(100%))
124,16.59637703694555,0.3651677563010613,0.14503512937845026,0.13972041672136568,0.021286288071072607,0.2132594554909584,10.458063678111213,0.0014081526670872918,0.8276511249037852,1,1,0.5,0.6666666666666666,0.001,0.001,0.008,0.004,0.5,0.08120640047557184,Cascade(1.542 -> 3.109(0%) -> 5.660(100%))
125,23.56789449848626,0.3864874351019388,0.186241137721218,0.11286116287603795,0.03237847547385229,0.21752427110389044,27.44700076901275,0.0237658966409578,0.6892498265311832,1,1,0.5,0.6666666666666666,0.001,0.001,0.008,0.004,0.5,0.06360963929948407,Cascade(1.609 -> 3.987(0%) -> 5.028(100%))
126,21.93609940278561,0.5335276985042384,0.20811198644299422,0.091809719569343,0.025377633770271316,0.20700450094114664,22.575829990267337,-0.0700620240614385,0.5581343171870784,1,1,0.5,0.6666666666666666,0.001,0.001,0.008,0.004,0.5,0.05054542068310152,Cascade(1.253 -> 3.282(0%) -> 5.534(100%))
127,19.08277861732587,0.4821910848488222,0.2545030187247159,0.11049787877877242,0.025844912435502472,0.22113228471095528,25.280084850613,0.013491282077974398,0.4203670360724573,1,1,0.5,0.6666666666666666,0.001,0.001,0.008,0.004,0.5,0.0621122064481792,Cascade(1.397 -> 2.537(0%) -> 9.790(100%))
128,23.740842139698763,0.26503244892435346,0.24209739174846653,0.10716122194661278,0.025424288392858208,0.1723318246473665,14.503745942480645,0.014393796831711235,0.5783256122996867,1,1,0.5,0.6666666666666666,0.001,0.001,0.008,0.004,0.5,0.060011518641837645,Cascade(1.283 -> 3.270(0%) -> 5.603(100%))
129,21.63628950323514,0.46369970000122773,0.24121820713381445,0.09819589185650907,0.036855297453876446,0.20109431743175366,19.490687533625664,0.042167688828945026,0.6451527756240911,1,1,0.5,0.6666666666666666,0.001,0.001,0.008,0.004,0.5,0.05444413646477012,Cascade(1.525 -> 2.964(0%) -> 4.745(100%))
130,20.31115021540335,0.5186473464827457,0.25358233394219115,0.09875096962725365,0.03100635629098601,0.1616215646835586,14.099335341081266,0.009231214419710046,0.8919783223503808,1,1,0.5,0.6666666666666666,0.001,0.001,0.008,0.004,0.5,0.054785617681281366,Cascade(1.504 -> 3.829(0%) -> 5.524(100%))
131,14.137346214331952,0.4519156394517192,0.25668261878389875,0.12598080915964763,0.03670105838194333,0.18216775214467557,24.292755717691854,0.014854541574701861,0.383557246852734,1,1,0.5,0.6666666666666666,0.001,0.001,0.008,0.004,0.5,0.07206981864924472,Cascade(1.374 -> 3.141(0%) -> 5.908(100%))
132,23.56789449848626,0.3864874351019388,0.186241137721218,0.11286116287603795,0.03237847547385229,0.21752427110389044,27.44700076901275,0.0237658966409578,0.6892498265311832,1,1,0.5,0.6666666666666666,0.001,0.001,0.008,0.004,0.5,0.06360963929948407,Cascade(1.609 -> 3.987(0%) -> 5.028(100%))
133,23.12779165465282,0.25040682924774527,0.2638489844987706,0.11193911444508126,0.039438389152370586,0.16798441910908093,17.345985732625554,0.01995738352220673,0.873784161307575,1,1,0.5,0.6666666666666666,0.001,0.001,0.008,0.004,0.5,0.06302445939567214,Cascade(1.410 -> 2.677(0%) -> 7.301(100%))
134,23.197089223758297,0.30421418675561124,0.2766802348855024,0.11099132219521912,0.039630964358277135,0.1749647664213051,19.73415455225924,0.032778776068071426,0.9808927529291123,1,1,0.5,0.6666666666666666,0.001,0.001,0.008,0.004,0.5,0.06242420629081414,Cascade(1.345 -> 4.746(0%) -> 7.476(100%))
135,11.108406333603863,0.7798869237415874,0.27510125139886005,0.13244997115056714,0.023007661810281597,0.23352026461589814,14.589078418247931,-0.0604600294128156,0.615610904897994,1,1,0.5,0.6666666666666666,0.001,0.001,0.008,0.004,0.5,0.07633563872173786,Cascade(1.497 -> 2.753(0%) -> 4.723(100%))
136,24.783687054285064,0.3338885032866226,0.17081127466089624,0.10414496566104377,0.03340318649348857,0.2298077551167944,20.93780963271755,0.06780755902774765,0.6379830601880069,1,1,0.5,0.6666666666666666,0.001,0.001,0.008,0.004,0.5,0.05812601462796459,Cascade(1.492 -> 3.329(0%) -> 5.077(100%))
137,14.833092313892768,0.3902160738371505,0.16870667972615686,0.1353381419558671,0.03835533872873406,0.24603987485482182,6.93202586324556,-0.019960066043264384,0.422668373042236,1,1,0.5,0.6666666666666666,0.001,0.001,0.008,0.004,0.5,0.07826073319690677,Cascade(1.415 -> 3.263(0%) -> 5.873(100%))
138,24.931822267835898,0.3397943175615866,0.14179578018555616,0.10234505514113729,0.03696036680036604,0.21352516560455645,16.8357823986045,0.04890400507404148,0.41368738701253144,1,1,0.5,0.6666666666666666,0.001,0.001,0.008,0.004,0.5,0.057006902110492405,Cascade(1.542 -> 3.504(0%) -> 3.801(100%))
139,25.676227914056,0.35401409662497396,0.16229183838593603,0.09530313119303832,0.035924357493847134,0.2370641339671935,6.4976628409207855,0.07376005916698726,0.51751947914771,1,1,0.5,0.6666666666666666,0.001,0.001,0.008,0.004,0.5,0.05267130598048609,Cascade(1.422 -> 3.004(0%) -> 5.053(100%))
140,24.206320841106212,0.2551049403498993,0.18614213976382424,0.10453622763349926,0.03007566645741838,0.16482939181410708,6.424805220439879,-0.05304764091975584,0.6799800254295465,1,1,0.5,0.6666666666666666,0.001,0.001,0.008,0.004,0.5,0.05836988098202707,Cascade(1.430 -> 3.925(0%) -> 4.561(100%))
141,28.319566762954782,0.2427651830308199,0.19193136581862483,0.09691784022990352,0.03448498964642977,0.1579851055851751,10.24423880661833,-0.07705521522068708,0.6658575553073007,1,1,0.5,0.6666666666666666,0.001,0.001,0.008,0.004,0.5,0.05365948113435024,Cascade(1.451 -> 2.550(0%) -> 5.326(100%))
142,19.00052435534213,0.30493457978254984,0.20675377395821792,0.1257541062428131,0.02238059822508733,0.1973103100331193,22.02121187776772,0.04239369795293756,0.2669058198456078,1,1,0.5,0.6666666666666666,0.001,0.001,0.008,0.004,0.5,0.07192147377574075,Cascade(1.463 -> 3.104(0%) -> 5.767(100%))
143,18.127661270681322,0.2804231281886118,0.30783053382995473,0.1201129031512667,0.026903295681492297,0.16398928147042982,11.944338861953877,0.04829872420458672,0.7995892992109427,1,1,0.5,0.6666666666666666,0.001,0.001,0.008,0.004,0.5,0.06825472471493467,Cascade(1.462 -> 2.700(0%) -> 5.091(100%))
144,11.90386048164207,0.6037786252915561,0.2509898832667621,0.13816352604922352,0.03568165643594624,0.2139910896992483,3.2951772625239,-0.0032895762012159456,0.6546908354604257,1,1,0.5,0.6666666666666666,0.001,0.001,0.008,0.004,0.5,0.0801564625223292,Cascade(1.491 -> 4.058(0%) -> 4.994(100%))
145,29.583389234735574,0.3259593875202478,0.2121807622439143,0.09689025039923535,0.023863150347329158,0.1948835211490381,29.539383311350154,0.03433810829625487,0.7660464683810456,1,1,0.5,0.6666666666666666,0.001,0.001,0.008,0.004,0.5,0.05364256694275938,Cascade(1.496 -> 3.413(0%) -> 4.395(100%))
146,16.04701078911298,0.5038568635782685,0.1472637285008804,0.10462828733992403,0.02933503594322627,0.1866915018162076,19.337534977254755,-0.01441346923360904,0.26043214013749977,1,1,0.5,0.6666666666666666,0.001,0.001,0.008,0.004,0.5,0.058427291068355265,Cascade(1.262 -> 2.706(0%) -> 3.692(100%))
147,28.852969783755206,0.26683439133460873,0.2833022229969479,0.10195169535614568,0.03168636341855819,0.16606128860728614,28.61023192140967,-0.06883595428913669,0.7678967528727587,1,1,0.5,0.6666666666666666,0.001,0.001,0.008,0.004,0.5,0.05676292401474853,Cascade(1.586 -> 2.574(0%) -> 5.325(100%))
148,13.926746021165732,0.4372777150341345,0.2610948181855087,0.13714483759220067,0.029122682968503653,0.17988029715291945,15.009129639639525,0.07106223877140619,0.9629995478948542,1,1,0.5,0.6666666666666666,0.001,0.001,0.008,0.004,0.5,0.07947152869173181,Cascade(1.633 -> 2.583(0%) -> 6.678(100%))
149,16.874712018085486,0.39955540935654243,0.2719775926020665,0.10950911672827204,0.029593291002913958,0.15080792331637127,11.748714563912197,0.006345351502240255,0.367581990671368,1,1,0.5,0.6666666666666666,0.001,0.001,0.008,0.004,0.5,0.06148806168903584,Cascade(1.416 -> 2.688(0%) -> 5.289(100%))
150,18.5926384219037,0.42175864216680525,0.20615599563450182,0.11798156341503774,0.034204121391931595,0.22606131672551774,20.497344655261074,0.024191465900101468,0.8147070576768991,1,1,0.5,0.6666666666666666,0.001,0.001,0.008,0.004,0.5,0.06688157442141682,Cascade(1.495 -> 3.218(0%) -> 5.972(100%))
151,21.19223199449518,0.25659021317756747,0.2502159969329482,0.11927552544073594,0.030966072829869337,0.2486973437377389,24.738905199157912,-0.0923773380992844,0.9769808126244757,1,1,0.5,0.6666666666666666,0.001,0.001,0.008,0.004,0.5,0.0677144378782163,Cascade(1.296 -> 3.544(0%) -> 4.148(100%))
152,19.17327259598793,0.5352704137395159,0.23299637577105164,0.09896620629762094,0.02394334974720535,0.21658723744676595,18.1022873818275,-0.06616824697244907,0.33894607603020344,1,1,0.5,0.6666666666666666,0.001,0.001,0.008,0.004,0.5,0.0549181434643896,Cascade(1.438 -> 3.010(0%) -> 4.845(100%))
153,19.585358767916517,0.5012757803949034,0.30946006867513204,0.09985433739985733,0.02147349900815408,0.16932318106471006,12.326883484445334,-0.03377361844616094,0.5478180305208573,1,1,0.5,0.6666666666666666,0.001,0.001,0.008,0.004,0.5,0.05546565492046037,Cascade(1.412 -> 3.326(0%) -> 5.317(100%))
154,24.38826453012906,0.2565646025628452,0.2557680613173528,0.104260926326531,0.027917239772976523,0.20147814937844605,17.5699525194122,0.015612581478142954,0.2811446971977968,1,1,0.5,0.6666666666666666,0.001,0.001,0.008,0.004,0.5,0.058198268553224956,Cascade(1.284 -> 3.430(0%) -> 5.162(100%))
155,15.170078642916286,0.5832971729053033,0.15866836126940878,0.11873682265622221,0.03502488438577556,0.21750835094519538,4.598563935437535,0.07816405893987997,0.9205427366345279,1,1,0.5,0.6666666666666666,0.001,0.001,0.008,0.004,0.5,0.06736740267198488,Cascade(1.558 -> 2.692(0%) -> 5.785(100%))
156,23.110019118928072,0.35557093274896695,0.19362274988445127,0.10930774605359322,0.03851876141186517,0.2152727581567996,12.922399696090455,-0.07436527023548829,0.97212794253752,1,1,0.5,0.6666666666666666,0.001,0.001,0.008,0.004,0.5,0.061361118595834506,Cascade(1.560 -> 3.294(0%) -> 6.396(100%))
157,24.424138954966274,0.3128247857444861,0.22089245881390415,0.0996872222940273,0.035019310051020075,0.1500459594674016,17.08768982629592,-0.08072206301400342,0.9990423120215102,1,1,0.5,0.6666666666666666,0.001,0.001,0.008,0.004,0.5,0.055362549972929234,Cascade(1.471 -> 4.063(0%) -> 3.693(100%))
158,19.315826770585463,0.20440101563515956,0.2213290577498667,0.13861730190036417,0.0382308155276793,0.23312468799901598,24.12377365842036,-0.03067733351323012,0.9520266823016418,1,1,0.5,0.6666666666666666,0.001,0.001,0.008,0.004,0.5,0.08046208857351018,Cascade(1.391 -> 3.413(0%) -> 4.315(100%))
159,22.498035322362032,0.367130019604543,0.19676874186316973,0.10686908200045743,0.03248845658239595,0.18322036787393478,22.774318762019593,-0.08095992457024852,0.9658919350926545,1,1,0.5,0.6666666666666666,0.001,0.001,0.008,0.004,0.5,0.05982834086621115,Cascade(1.557 -> 3.550(0%) -> 4.859(100%))
160,16.35120998547005,0.7938665370779372,0.19321712734983845,0.098531632835974,0.02031528606084891,0.1726761903770844,13.560737446188366,0.08305952738612571,0.8938176520687358,1,1,0.5,0.6666666666666666,0.001,0.001,0.008,0.004,0.5,0.05465063247085949,Cascade(1.473 -> 3.245(0%) -> 5.886(100%))
161,20.396340845180664,0.5356180165783487,0.24862107705573194,0.0982339689175624,0.03389438989793975,0.19042091460466404,23.97490625615819,-0.051968950647286793,0.71629673637116,1,1,0.5,0.6666666666666666,0.001,0.001,0.008,0.004,0.5,0.05446754786252425,Cascade(1.568 -> 3.381(0%) -> 4.182(100%))
162,18.007354493722058,0.63440329006983,0.15538739546184344,0.10066426493826032,0.02003688756948626,0.2312469419959007,7.462790566135702,0.08671662275275949,0.6469603015225642,1,1,0.5,0.6666666666666666,0.001,0.001,0.008,0.004,0.5,0.055965898503604825,Cascade(1.376 -> 3.069(0%) -> 4.895(100%))
163,25.078257656128113,0.3109132602991507,0.20980703812329274,0.10468045802097353,0.02572718666602409,0.18115839754512167,3.6928062364343677,0.0024963245798853284,0.39526517422456564,1,1,0.5,0.6666666666666666,0.001,0.001,0.008,0.004,0.5,0.05845983088316514,Cascade(1.421 -> 3.686(0%) -> 5.809(100%))
164,26.784004144116928,0.23854434045546166,0.19351681825408648,0.10892572800330357,0.024330228715994436,0.18892191361588218,27.938427830424118,-0.09539545086958345,0.8324183307489227,1,1,0.5,0.6666666666666666,0.001,0.001,0.008,0.004,0.5,0.06112045394332034,Cascade(1.424 -> 4.389(0%) -> 4.683(100%))
165,16.661279926354155,0.5896915480036145,0.22134232611360177,0.10978945810109143,0.022421066289239035,0.19563671155529086,26.687524759771648,-0.005726975691567368,0.655431837770829,1,1,0.5,0.6666666666666666,0.001,0.001,0.008,0.004,0.5,0.06166488315612365,Cascade(1.513 -> 2.792(0%) -> 4.353(100%))
166,20.33353511388686,0.2921504151155124,0.2678723405781726,0.11607705202331199,0.024475239549521945,0.1826560929900898,25.804180592660156,-0.022503506612589465,0.16737438740684144,1,1,0.5,0.6666666666666666,0.001,0.001,0.008,0.004,0.5,0.06566016432145697,Cascade(1.346 -> 2.364(0%) -> 5.280(100%))
167,25.676227914056,0.35401409662497396,0.16229183838593603,0.09530313119303832,0.035924357493847134,0.2370641339671935,6.4976628409207855,0.07376005916698726,0.51751947914771,1,1,0.5,0.6666666666666666,0.001,0.001,0.008,0.004,0.5,0.05267130598048609,Cascade(1.422 -> 3.004(0%) -> 5.053(100%))
168,24.638066836152703,0.32020864064741367,0.3065501391115849,0.09750469219229742,0.020524418749383176,0.23291998567272157,12.807424172195272,-0.014951215875152172,0.8276138585197724,1,1,0.5,0.6666666666666666,0.001,0.001,0.008,0.004,0.5,0.05401950090419364,Cascade(1.447 -> 2.761(0%) -> 3.620(100%))
169,24.62894671974696,0.5093758101271861,0.2824764229759794,0.09005550274842805,0.026935407774480762,0.24953510117752345,20.341866009723063,-0.06744545513646964,0.4138985705597378,1,1,0.5,0.6666666666666666,0.001,0.001,0.008,0.004,0.5,0.04948406359972219,Cascade(1.751 -> 2.744(0%) -> 5.604(100%))
170,15.170078642916286,0.5832971729053033,0.15866836126940878,0.11873682265622221,0.03502488438577556,0.21750835094519538,4.598563935437535,0.07816405893987997,0.9205427366345279,1,1,0.5,0.6666666666666666,0.001,0.001,0.008,0.004,0.5,0.06736740267198488,Cascade(1.558 -> 2.692(0%) -> 5.785(100%))
171,17.10818223306622,0.532404670109452,0.2342046115432104,0.11521867005018767,0.03500164270966867,0.20563923317071922,26.657748093099972,-0.07449426109129262,0.2972213083065413,1,1,0.5,0.6666666666666666,0.001,0.001,0.008,0.004,0.5,0.06511138184658759,Cascade(1.719 -> 3.128(0%) -> 4.735(100%))
172,20.33353511388686,0.2921504151155124,0.2678723405781726,0.11607705202331199,0.024475239549521945,0.1826560929900898,25.804180592660156,-0.022503506612589465,0.16737438740684144,1,1,0.5,0.6666666666666666,0.001,0.001,0.008,0.004,0.5,0.06566016432145697,Cascade(1.346 -> 2.364(0%) -> 5.280(100%))
173,25.087925332968293,0.3759614484883613,0.16594153236931913,0.092054830699913,0.027330671394599763,0.20244650903854922,20.969958504672153,-0.04992697446007312,0.8283040299821339,1,1,0.5,0.6666666666666666,0.001,0.001,0.008,0.004,0.5,0.050694047290804935,Cascade(1.422 -> 2.422(0%) -> 4.309(100%))
174,22.80725750371847,0.2369306811491556,0.24688264152383432,0.11846984495194737,0.025428784300526457,0.16097052663104677,22.425398532687495,0.0341769500107346,0.402457708829981,1,1,0.5,0.6666666666666666,0.001,0.001,0.008,0.004,0.5,0.067195571401349,Cascade(1.684 -> 2.955(0%) -> 5.177(100%))
175,20.103728900296193,0.4972681614765441,0.24172569274856287,0.1062980923463145,0.03856038286965677,0.2160082796515742,15.484583319510707,0.059089584715023846,0.7387740521770587,1,1,0.5,0.6666666666666666,0.001,0.001,0.008,0.004,0.5,0.05947066434343207,Cascade(1.342 -> 4.434(0%) -> 5.662(100%))
176,13.69886652552268,0.7266611866477372,0.18328656277001223,0.1124083946080585,0.03432453669512419,0.2221392736214648,25.54491372380866,-0.05482416850842442,0.26754060199160706,1,1,0.5,0.6666666666666666,0.001,0.001,0.008,0.004,0.5,0.06332213707588039,Cascade(1.454 -> 2.875(0%) -> 4.261(100%))
177,21.785565110508287,0.4280896246942383,0.2865967483829392,0.09532153470371182,0.03841536623749907,0.2079360460921859,3.6863574124612053,-0.07059116806262919,0.5240304064320953,1,1,0.5,0.6666666666666666,0.001,0.001,0.008,0.004,0.5,0.05268254875089427,Cascade(1.485 -> 3.315(0%) -> 4.363(100%))
178,21.73323369839222,0.2708063273413048,0.23791160166536904,0.11193471925057123,0.029039658618811363,0.15224258658269885,21.75141291527086,0.06660256607516082,0.3978072566669441,1,1,0.5,0.6666666666666666,0.001,0.001,0.008,0.004,0.5,0.06302167288654204,Cascade(1.697 -> 3.256(0%) -> 4.047(100%))
179,17.505119488153895,0.2820153513170238,0.2029967518986618,0.1336725840087858,0.02421467441077353,0.19644343731400649,5.0311579243796585,-0.0054791404843704105,0.9638237207677637,1,1,0.5,0.6666666666666666,0.001,0.001,0.008,0.004,0.5,0.07714899790851212,Cascade(1.317 -> 2.993(0%) -> 5.046(100%))
180,15.161552802483515,0.602111830574784,0.2775213970658103,0.12691168125295138,0.02792916484238546,0.231381228976653,16.899246875529506,0.004349742199310809,0.8191761846352484,1,1,0.5,0.6666666666666666,0.001,0.001,0.008,0.004,0.5,0.07267974987632395,Cascade(1.544 -> 4.236(0%) -> 4.338(100%))
181,16.46162724777827,0.532750300175973,0.1938166429058369,0.11205710880799358,0.032119463021082637,0.21337309683154693,12.314311498594575,-0.05022462808271796,0.9350928623043764,1,1,0.5,0.6666666666666666,0.001,0.001,0.008,0.004,0.5,0.06309927694649602,Cascade(1.559 -> 2.625(0%) -> 5.033(100%))
182,14.373094668665045,0.5270577984916698,0.2889355360167496,0.12931356007061365,0.028584484296062578,0.2000615767427253,18.377345198422432,-0.07945935622895646,0.8525323387110485,1,1,0.5,0.6666666666666666,0.001,0.001,0.008,0.004,0.5,0.07425954634202246,Cascade(1.461 -> 5.169(0%) -> 4.940(100%))
183,18.483859396109004,0.38309185944811264,0.16090692002611523,0.11177265505220046,0.03199928323779845,0.15987967119459628,25.7197525629608,0.05870403175130559,0.3207840619664972,1,1,0.5,0.6666666666666666,0.001,0.001,0.008,0.004,0.5,0.06291894506961461,Cascade(1.585 -> 2.408(0%) -> 6.244(100%))
184,22.23857039806916,0.20738656553868454,0.23273155880696744,0.11835313490833274,0.03482861800899985,0.20672269624702475,10.602702661336512,0.027295585468535197,0.8569365098645504,1,1,0.5,0.6666666666666666,0.001,0.001,0.008,0.004,0.5,0.0671204875752761,Cascade(1.578 -> 2.987(0%) -> 5.767(100%))
185,13.69886652552268,0.7266611866477372,0.18328656277001223,0.1124083946080585,0.03432453669512419,0.2221392736214648,25.54491372380866,-0.05482416850842442,0.26754060199160706,1,1,0.5,0.6666666666666666,0.001,0.001,0.008,0.004,0.5,0.06332213707588039,Cascade(1.454 -> 2.875(0%) -> 4.261(100%))
186,20.80326086200711,0.3234514000213995,0.14312537371978426,0.1186966313138916,0.03395722591749573,0.20405640937277406,22.708926632391066,0.053817642875796434,0.6962058447197205,1,1,0.5,0.6666666666666666,0.001,0.001,0.008,0.004,0.5,0.06734152820205971,Cascade(1.720 -> 2.862(0%) -> 4.648(100%))
187,19.577001361713982,0.3283553561966559,0.2622424656132045,0.12966212565245708,0.03377383770063865,0.19027286869509547,22.379626124736603,0.07078893435982707,0.663261216834987,1,1,0.5,0.6666666666666666,0.001,0.001,0.008,0.004,0.5,0.0744895341649124,Cascade(1.702 -> 3.574(0%) -> 6.507(100%))
188,28.741112612059496,0.36739601261831584,0.17635397489446464,0.09333537017493167,0.027575690115486988,0.24340162298787538,6.610533197168314,-0.0354583362162606,0.8059803087494266,1,1,0.5,0.6666666666666666,0.001,0.001,0.008,0.004,0.5,0.051471827125835805,Cascade(1.458 -> 3.512(0%) -> 7.360(100%))
189,13.69886652552268,0.7266611866477372,0.18328656277001223,0.1124083946080585,0.03432453669512419,0.2221392736214648,25.54491372380866,-0.05482416850842442,0.26754060199160706,1,1,0.5,0.6666666666666666,0.001,0.001,0.008,0.004,0.5,0.06332213707588039,Cascade(1.454 -> 2.875(0%) -> 4.261(100%))
190,16.46162724777827,0.532750300175973,0.1938166429058369,0.11205710880799358,0.032119463021082637,0.21337309683154693,12.314311498594575,-0.05022462808271796,0.9350928623043764,1,1,0.5,0.6666666666666666,0.001,0.001,0.008,0.004,0.5,0.06309927694649602,Cascade(1.559 -> 2.625(0%) -> 5.033(100%))
191,16.991766960555225,0.40524064218471956,0.26683215206256095,0.11961368545425845,0.030373516107930897,0.18287866348759457,17.695408155423106,0.02037407216816479,0.16511388544686761,1,1,0.5,0.6666666666666666,0.001,0.001,0.008,0.004,0.5,0.0679324993346678,Cascade(1.583 -> 3.833(0%) -> 4.581(100%))
192,27.808454631827242,0.2140778286470738,0.15938612676108393,0.10754062594197325,0.032528854970019956,0.21974863412192372,15.483818557384577,0.09500564735946275,0.4447592610699864,1,1,0.5,0.6666666666666666,0.001,0.001,0.008,0.004,0.5,0.06024959178420881,Cascade(1.726 -> 3.105(0%) -> 4.465(100%))
193,17.349553648068092,0.5434250163426491,0.15762240381454018,0.11018566123816484,0.03921798034352944,0.2383298593987743,20.300630891187197,-0.07990194895366572,0.5399913239581469,1,1,0.5,0.6666666666666666,0.001,0.001,0.008,0.004,0.5,0.0619149728422486,Cascade(1.453 -> 2.955(0%) -> 5.353(100%))
194,17.126209945335972,0.5130752350514636,0.28869782191559923,0.10722811536023316,0.024640466396232134,0.1980496044423997,20.945205658724582,0.028341622415407677,0.6313527486957387,1,1,0.5,0.6666666666666666,0.001,0.001,0.008,0.004,0.5,0.060053479060611134,Cascade(1.282 -> 3.423(0%) -> 7.195(100%))
195,12.446274678578423,0.5890495120936979,0.2573284142687136,0.13521717587101423,0.02933898744760924,0.1757107019144662,29.40508218628155,0.016216365734003757,0.578998469599209,1,1,0.5,0.6666666666666666,0.001,0.001,0.008,0.004,0.5,0.07817984590940838,Cascade(1.574 -> 2.895(0%) -> 4.683(100%))
196,26.072831830767594,0.3670527021369121,0.20853105572650493,0.09960834252937607,0.03332546546442771,0.22217971066299044,6.911879974930915,0.07566669101846846,0.8248014715592321,1,1,0.5,0.6666666666666666,0.001,0.001,0.008,0.004,0.5,0.05531389684861995,Cascade(1.447 -> 4.235(0%) -> 6.184(100%))
197,19.102278346822715,0.4590747927372652,0.27700059393820226,0.10454990523716556,0.022568933642422878,0.18329764216929356,18.180058806990004,0.037428536654754575,0.8793318018997295,1,1,0.5,0.6666666666666666,0.001,0.001,0.008,0.004,0.5,0.05837840983469674,Cascade(1.434 -> 3.798(0%) -> 5.214(100%))
198,24.727498720967315,0.3346731291371209,0.286907266581564,0.10245137000769959,0.031202545335509733,0.16993635128139076,29.65224412196459,-0.020849093479977127,0.5627710106890009,1,1,0.5,0.6666666666666666,0.001,0.001,0.008,0.004,0.5,0.05707287972161378,Cascade(1.605 -> 2.873(0%) -> 3.748(100%))
199,13.050876465564365,0.7027307883649718,0.20605713003568643,0.11675850658333597,0.021575762303560748,0.20339468390032028,22.616946212911053,-0.0875403754688503,0.33196113198773747,1,1,0.5,0.6666666666666666,0.001,0.001,0.008,0.004,0.5,0.06609659275159066,Cascade(1.312 -> 3.105(0%) -> 4.522(100%))
