,rr_die_a,beta,rr_sus_slat,rr_sus_rec,r_onset,p_primary,r_clear,r_sc,r_react,r_relapse,r_relapse_td,r_relapse_tc,r_csi,r_recsi,rt_cs,ppv,r_die_ut,rr_inf_asym,rr_inf_cs,r_lat,r_stab,p_cs_pub,p_dx_pub,p_dx_pri,dur_succ,r_act
0,0.9789284316648481,12.172919403603423,0.5114028928938966,0.16792135775868455,1.2256670815147024,0.09157449549068704,0.02110266568105374,0.17830656871268263,0.0007236773679756905,0.0015385154135212561,0.1260502951198472,0.03107954339835507,2.6527804721633133,6.741952252309105,0.03924715256023094,0.8170650067382981,0.127,1,1,0.5,0.6666666666666666,0.483,0.65,0.27,0.5,0.050402864646645465
1,0.38409888422365146,3.8013927463546304,0.49300847783340296,0.26258565126982014,1.0339800347878174,0.12969526576673168,0.0331348506739087,0.22605361772820848,0.0012936858397490324,0.0018025244872131921,0.1710328731264392,0.03461124772001491,2.917552916084831,7.2401929728853425,0.12888611435331856,0.7263763871277656,0.127,1,1,0.5,0.6666666666666666,0.483,0.65,0.27,0.5,0.07451141000685937
2,0.23441170784952142,7.2531823910576545,0.45155201409399914,0.22306399796175844,1.063530622142969,0.09656880027253183,0.026208608106913535,0.22819688883186065,0.0014695653095008177,0.0011853552694487519,0.12485253415039968,0.030622957154409415,3.5354070986975095,7.877768184364637,0.10276382462145461,0.6261164122211693,0.127,1,1,0.5,0.6666666666666666,0.483,0.65,0.27,0.5,0.05344557521461682
3,0.08452443914618743,6.132847975975244,0.56898878332267,0.14475412962317213,1.0891256049347697,0.13285287158095588,0.026913045557479406,0.2243541386057792,0.0008388684976363171,0.0015598544278696263,0.14728142182582546,0.03469686278641728,3.4911931470257374,2.2644890349293814,0.009089578388449635,0.6275767666389117,0.127,1,1,0.5,0.6666666666666666,0.483,0.65,0.27,0.5,0.076603420127314
4,0.815544675059608,5.047343129293551,0.6478676946894858,0.25667306471159973,0.9772853787284478,0.11153558759609505,0.024973356902006763,0.20902579285261996,0.0012283286450261765,0.0016290987631743345,0.14413590966338385,0.02978540114616893,2.759977930041094,3.0053190240111665,0.0658758669779935,0.7593937071200586,0.127,1,1,0.5,0.6666666666666666,0.483,0.65,0.27,0.5,0.06276874235981769
5,0.3026715817160365,10.04710424895157,0.20460873220485648,0.1794061495234269,1.1781940475803014,0.0920543817606824,0.0288192827397159,0.21105237871409427,0.0013889912516908067,0.0015210393066738383,0.13139047772475249,0.025066047344109818,3.0361397123513307,4.687168173770827,0.13490596444213837,0.8729287226637891,0.127,1,1,0.5,0.6666666666666666,0.483,0.65,0.27,0.5,0.050693774996785415
6,0.7298214519184405,5.510936136447527,0.3698010045849757,0.2952412291290714,1.2483291197516115,0.13777781867014147,0.033243216149040015,0.15285348446269453,0.00074076354608776,0.0016995634030142334,0.144749018713497,0.027200003306183704,2.377274365303002,6.52993961689573,0.08742752567991899,0.711715059615027,0.127,1,1,0.5,0.6666666666666666,0.483,0.65,0.27,0.5,0.07989693471909887
7,0.5335123351074907,8.446752280205898,0.3215129536294312,0.1674328142793839,1.1304496645585285,0.12421565356978176,0.03297274336309065,0.15955163191535426,0.0012740420177019206,0.0014276416955899846,0.10958169955368842,0.029967634291767048,2.7703585779777455,8.745711023391122,0.009534789606737017,0.7810093754985987,0.127,1,1,0.5,0.6666666666666666,0.483,0.65,0.27,0.5,0.07091680393472251
8,0.0037380576196434506,5.385260356657411,0.39479149032715655,0.1880170911095686,1.1999424250346051,0.10186596466540661,0.02447371337544349,0.23074890546211235,0.0006526439042710253,0.0016477986664300676,0.10866215520427178,0.03205624874694249,3.1167423036690747,7.537503301420429,0.1449811243471391,0.6392935756476419,0.127,1,1,0.5,0.6666666666666666,0.483,0.65,0.27,0.5,0.05670977863980913
9,0.25910894506250276,6.194559164944739,0.37473432771648046,0.18151191619958026,1.0730539333280404,0.10118108895974884,0.02236704537031141,0.202123842328509,0.0013805695777117106,0.0019313411245520037,0.12755582677916852,0.03150629811896451,3.8148069457126477,6.104743792422903,0.09207628723411047,0.698963859142571,0.127,1,1,0.5,0.6666666666666666,0.483,0.65,0.27,0.5,0.05628558084222247
10,0.170419546702513,5.464219837449429,0.2827834597502352,0.28182598857899993,1.2211771446545603,0.1079171880169446,0.03549594008277908,0.20965181338124356,0.0011355857831076733,0.0012721498081344983,0.15827733735657967,0.029080240521763858,3.2611493287827606,5.870606950100567,0.06692837903717548,0.6734277095388648,0.127,1,1,0.5,0.6666666666666666,0.483,0.65,0.27,0.5,0.06048608187901866
11,0.8278722190032266,7.2371868016599965,0.24902269527356027,0.21581806006504733,1.2393625337570748,0.11455229216229602,0.023188333587966802,0.19465351219768803,0.0008376949479414141,0.001234692686353245,0.13866702901846717,0.03523446641498356,2.5823774452637185,2.2027211225998835,0.09053425097216436,0.6564884894758235,0.127,1,1,0.5,0.6666666666666666,0.483,0.65,0.27,0.5,0.06468608543921636
12,0.23683126205617172,8.906850967089328,0.5774741414402479,0.2640778843532282,1.1143717092316945,0.09265385002594337,0.022119298794012122,0.23606564431026197,0.0007535553081672203,0.0016838061324636854,0.16594910605498775,0.039735917827965865,3.3505630043545365,10.249884223075476,0.07711407934774907,0.6984320180241962,0.127,1,1,0.5,0.6666666666666666,0.483,0.65,0.27,0.5,0.051057609066061826
13,0.7440693993626404,6.8059640534728985,0.7268437417587926,0.25011452492503894,1.1158582716612393,0.10649673363758698,0.0269843213533781,0.16134086894914804,0.001155973415014342,0.0014783835702273098,0.1449763838421549,0.03853540417791111,2.939522743152106,12.677317669263154,0.03789915885227294,0.7390700103015583,0.127,1,1,0.5,0.6666666666666666,0.483,0.65,0.27,0.5,0.059595044386995526
14,0.6831739334474483,5.720509724978235,0.7683288393394124,0.1943823107615954,1.017471968609234,0.11510404561338063,0.029355318231278942,0.19434004708917754,0.000638183443764889,0.001358004721525889,0.11963219543358491,0.024160745321663422,2.412043507885154,11.927272801458018,0.04812057452233401,0.6559135678050881,0.127,1,1,0.5,0.6666666666666666,0.483,0.65,0.27,0.5,0.06503818050177829
15,0.7877497862706841,5.8857858618765135,0.6824845224454759,0.1478291615742569,0.9712496829676918,0.13686298995458704,0.021299353304780413,0.23730793619236207,0.0010553539572899845,0.0018067343704325492,0.1315415863655017,0.034508886345230944,2.7525419814505043,14.980130406962678,0.053644568945119236,0.6785034814214126,0.127,1,1,0.5,0.6666666666666666,0.483,0.65,0.27,0.5,0.0792823088117761
16,0.39396210482013855,5.55757341934319,0.2851311326489705,0.2233526447796149,1.0575787314752212,0.11668272216152921,0.020052445381870534,0.17411105696449425,0.0008258932076095691,0.001606884791122585,0.12152048131765443,0.028750571249068352,2.8832739538977528,14.629698004823961,0.08949258643703839,0.5833868298851154,0.127,1,1,0.5,0.6666666666666666,0.483,0.65,0.27,0.5,0.06604802435601548
17,0.4826159485317237,4.869583784518378,0.2155787642544526,0.1795403283319108,1.199835710510187,0.09488084307477249,0.02910883327649782,0.23498701745727896,0.0009748499942898886,0.001997401584537294,0.15406135655421205,0.028651146245110896,3.0968154618709542,7.664186492588935,0.14425621777740097,0.880686712843552,0.127,1,1,0.5,0.6666666666666666,0.483,0.65,0.27,0.5,0.05241345426666881
18,0.24226527082559132,7.6935074937911025,0.5994184043239471,0.15074256622654145,1.1529039224798352,0.10807873731500788,0.03770016786102785,0.20438066376359265,0.0009751310972439405,0.0013542630794634478,0.13953728199540483,0.03670994654201327,3.692835226447447,7.641418878656861,0.015483437411624265,0.6913396246667078,0.127,1,1,0.5,0.6666666666666666,0.483,0.65,0.27,0.5,0.06058759995790066
19,0.17876338147123488,2.896122705258536,0.5093054185409635,0.2442303674125604,0.9337441006025766,0.12385430920805457,0.024687264029616875,0.18785437545401615,0.000906702707105725,0.001333239732189032,0.14737208152514036,0.027357770349008506,2.7203829173477767,1.5615872620968376,0.11770560154078138,0.6514067721964844,0.127,1,1,0.5,0.6666666666666666,0.483,0.65,0.27,0.5,0.07068134358801847
20,0.08597163647977316,5.467357121754138,0.5824824095606652,0.15963626152992316,1.0338871511849714,0.10167074971206858,0.02453042852860354,0.22657509158185415,0.0010291465080852495,0.0011326635870197298,0.1483572708599938,0.03413182949316239,2.720665873919515,9.825823413558854,0.12934311966664258,0.726249485072552,0.127,1,1,0.5,0.6666666666666666,0.483,0.65,0.27,0.5,0.05658880064268262
21,0.3161498465699951,4.828468911848217,0.33899394888664625,0.24804716910503757,0.9264525375243745,0.1131220188621011,0.03662097733720479,0.16621326178387677,0.0010495992194963703,0.0017382291299224886,0.16586032268820156,0.03024695199014657,3.2770802838389548,7.152067787700261,0.08416535343350416,0.5889259699610292,0.127,1,1,0.5,0.6666666666666666,0.483,0.65,0.27,0.5,0.06377541289105022
22,0.5445547706885512,4.303974510195836,0.6985659234349042,0.15626575379557647,1.2358092350663055,0.11661356137390172,0.02472417193088768,0.2068345192596642,0.0008453468235093973,0.0013543683518990257,0.15685093199209674,0.03681751523969439,3.100681085465258,3.8324274440642565,0.11668682053255514,0.7994959529253375,0.127,1,1,0.5,0.6666666666666666,0.483,0.65,0.27,0.5,0.06600370815928923
23,0.9981040246599522,5.587431814202982,0.2310977065588675,0.20358485050866806,1.222321865463546,0.1023841763795943,0.03266921174529723,0.20863619257276295,0.001443525461009067,0.0018380395368839228,0.13919035358528326,0.0271396423945709,2.6604561005428526,13.608190684636293,0.06433155581592247,0.8256639933494709,0.127,1,1,0.5,0.6666666666666666,0.483,0.65,0.27,0.5,0.05703117842031922
24,0.12665224118043195,7.5736010842787405,0.2526810045898223,0.14680031993707926,1.075463673642375,0.0975719298249192,0.021074685650693443,0.2067935582630545,0.0009814717342662886,0.0015800385209715133,0.16465831226100494,0.025529782620095625,3.6107942143837555,11.336277086832217,0.0043446556411102805,0.5713845484109206,0.127,1,1,0.5,0.6666666666666666,0.483,0.65,0.27,0.5,0.05406077949569388
25,0.7508771356455671,5.944010376182245,0.22240439221625807,0.26738447932294696,1.0477991446760948,0.12086614755847679,0.02614040748741998,0.19483030450446046,0.0009372666627433543,0.0015933377489638126,0.15022429998786055,0.028136449363451763,2.8277933261781043,11.484612916891368,0.05389334415771374,0.728840857366911,0.127,1,1,0.5,0.6666666666666666,0.483,0.65,0.27,0.5,0.06874160699352455
26,0.5359553215614403,6.0412859310144125,0.5409387441339727,0.28327157881881915,1.2217860786925363,0.12526482845410006,0.03622410269190079,0.16751684199867795,0.0012175719842157562,0.0013764541753454756,0.15001205335580645,0.03658711515529081,2.820247029090339,6.552457049248614,0.05519102957602519,0.753553174650199,0.127,1,1,0.5,0.6666666666666666,0.483,0.65,0.27,0.5,0.07160157298392514
27,0.9700374336149263,10.63219516890673,0.39711368169922123,0.27595665198388886,1.2057236425749878,0.09589730340983471,0.02721844253302154,0.1679325017543763,0.0013243366127207229,0.0016773615438237354,0.1280176474456191,0.02546867142511097,3.0197342127601825,9.761219702083856,0.007945612754106584,0.8123406550373363,0.127,1,1,0.5,0.6666666666666666,0.483,0.65,0.27,0.5,0.053034519071512895
28,0.7486516592388422,6.140473485708722,0.38784567372275935,0.24845876077333676,0.9663232723408439,0.1373795293498163,0.02237423730449663,0.22038202560364256,0.000939855788680952,0.0018450341869184136,0.10765711579509595,0.025443686257163745,2.666536077292012,5.964714311531107,0.0327474835161725,0.5852708539333421,0.127,1,1,0.5,0.6666666666666666,0.483,0.65,0.27,0.5,0.0796291845742248
29,0.7331262565201803,5.624313232904408,0.7071080513696066,0.22413711551048637,1.0776768041913103,0.1050218703308328,0.033077818709770966,0.21406983130949991,0.0007267389831259732,0.0015201624397738977,0.12837374162063564,0.02764719573142142,3.3044246977716796,3.3391062545171906,0.1402999226785055,0.704107874305939,0.127,1,1,0.5,0.6666666666666666,0.483,0.65,0.27,0.5,0.05867286967652193
30,0.6141894840108075,6.000411619385393,0.6696320342965948,0.14950701699304028,1.0380478645431284,0.13656644899611195,0.02216937784629104,0.2075571107847358,0.0006643069347171574,0.001446838898676417,0.12077104702011893,0.03904133148243583,3.60185762846573,6.722576363320162,0.06958292855044038,0.7344264268157181,0.127,1,1,0.5,0.6666666666666666,0.483,0.65,0.27,0.5,0.07908335785500244
31,0.5893374888194899,4.473564751781663,0.5474287091006679,0.24445123780914163,1.06033572766206,0.09159677551119552,0.034569332578554754,0.16118334595828462,0.0013493399500189831,0.0017183269874663757,0.14721784212048464,0.03959593742140734,3.577168627997428,9.671517126802865,0.0849928946822209,0.6544707219357936,0.127,1,1,0.5,0.6666666666666666,0.483,0.65,0.27,0.5,0.05041636414420521
32,0.6736985032888982,6.137427837671086,0.43625334455047077,0.1959265519282782,1.0067567758216978,0.1200173996945405,0.03053330167252015,0.2205795961645837,0.0013044193889107836,0.0016455759539264437,0.11687703394599394,0.02876564165956651,3.6871870819621404,7.040605469986198,0.08281944748621764,0.8295864251948913,0.127,1,1,0.5,0.6666666666666666,0.483,0.65,0.27,0.5,0.06819305271086046
33,0.18539525000892934,10.753647815788446,0.2486989503537071,0.273111958048108,1.2444547851657846,0.09473128140479509,0.03806693050408012,0.2295116127317692,0.0010893633478608296,0.0017414620021253312,0.10745008253036446,0.03109770142571041,3.408468135932607,13.570983531846096,0.06004332207498314,0.7379320281735408,0.127,1,1,0.5,0.6666666666666666,0.483,0.65,0.27,0.5,0.05232218868216224
34,0.37673070181662127,4.194946103587722,0.603751271048186,0.2041982553104005,1.0735249056653733,0.12563010917626677,0.029102532316337554,0.1825135471985987,0.0006633193203340428,0.001390284858656939,0.11337151640699064,0.03927001319253499,2.9625975658149537,11.549437585404352,0.12274116413351266,0.6386776834787449,0.127,1,1,0.5,0.6666666666666666,0.483,0.65,0.27,0.5,0.0718403678435863
35,0.09332586740719823,8.410917631875515,0.5190699664729005,0.22909936559797345,1.2396134137856458,0.09598011096998621,0.02277972426022808,0.24586899564253198,0.0006212774704195777,0.0015393728061032265,0.16857672410831137,0.035079587705825054,3.59247934619988,9.257103696050821,0.08219578951451993,0.7800431956042575,0.127,1,1,0.5,0.6666666666666666,0.483,0.65,0.27,0.5,0.05308517662867462
36,0.7997589370252813,3.7870215183417097,0.6565520525121611,0.272608048161818,1.0862188349787278,0.11021854969228792,0.02519377210588708,0.15213293776184564,0.0009128194405572717,0.001131646652516853,0.16029374657523154,0.03251212606927179,2.4176690199411257,6.353408011445429,0.13783766384521307,0.8623511266529947,0.127,1,1,0.5,0.6666666666666666,0.483,0.65,0.27,0.5,0.06193574256586894
37,0.14476329777407343,5.109335486719388,0.4356754629038827,0.2735489077872329,1.082230722689631,0.1013969260250411,0.03653240832836787,0.1999151655542541,0.0007256418978587012,0.0013288338371777511,0.17236515526520624,0.03697242997911853,3.2447193325545682,3.5482886102311406,0.11538367866086496,0.7261869356109242,0.127,1,1,0.5,0.6666666666666666,0.483,0.65,0.27,0.5,0.056419196062012754
38,0.49974447048177706,5.35903244421054,0.3974243044430541,0.18702253861454654,1.0850897020887733,0.12808444805745894,0.024719315081055664,0.24189472273380347,0.001060297204781019,0.0015562579938272752,0.12768274499062285,0.03288192707725811,3.3393602144503975,12.73267498036327,0.10230944588031941,0.6232611925539884,0.127,1,1,0.5,0.6666666666666666,0.483,0.65,0.27,0.5,0.07345003066644444
39,0.8686171070352341,6.158616605154589,0.6769168749644477,0.24846056655055623,1.2187660123439632,0.10629088216153551,0.03879565509863543,0.15278437222569877,0.0006083003257837605,0.0018057644916084532,0.14667455596189027,0.030923957932843624,3.2360496893596267,8.857042558265698,0.12043406033267764,0.5922179019492927,0.127,1,1,0.5,0.6666666666666666,0.483,0.65,0.27,0.5,0.05946615069711491
40,0.356834743749123,4.80165394418044,0.34851215780464806,0.23765808092269025,0.9965622487369089,0.10226534596565999,0.023940545040495323,0.20316820561247484,0.0011789050253924703,0.0013557783030869806,0.15382087354566845,0.03651529466131115,2.6986965344445433,13.366520165471805,0.08908966962964625,0.8185248280906,0.127,1,1,0.5,0.6666666666666666,0.483,0.65,0.27,0.5,0.05695744589232942
41,0.5363446122217073,6.865584924103995,0.36833376672525714,0.19512978183844729,0.9142834234526593,0.09611399779728778,0.03291762553316148,0.19860273804544498,0.0011496705211622269,0.001541857542803814,0.17438162260912407,0.030630994686692895,3.4588896251257606,12.204005177366033,0.07469218415964346,0.7784447981221513,0.127,1,1,0.5,0.6666666666666666,0.483,0.65,0.27,0.5,0.05316710158308909
42,0.8480231128212965,5.586754845159492,0.7767579558950211,0.18276527295133885,0.9958437718562836,0.10492370883420121,0.029686675088653487,0.21466326139323855,0.0007003572433088843,0.0018284062994274048,0.1190388356786615,0.026228371831401018,3.464950560053477,5.063859879995306,0.06825676085169437,0.5729901672501206,0.127,1,1,0.5,0.6666666666666666,0.483,0.65,0.27,0.5,0.05861160097176887
43,0.24100095170112495,3.4228391007192016,0.6235230384760124,0.21439690978362153,1.1813384077087388,0.13197856789378568,0.021031440690744967,0.19090065981444948,0.0014504708650437434,0.0018121704556111004,0.15171093145276923,0.026840109520810902,2.5917877751997143,8.72445206381301,0.12416281229976586,0.5394429739996119,0.127,1,1,0.5,0.6666666666666666,0.483,0.65,0.27,0.5,0.07602264357318098
44,0.8854772478913352,8.431200526657939,0.5278856668650166,0.25375332839472564,1.2383258719232861,0.09212006180364116,0.028056717381571908,0.18466611927807722,0.0013000331000791387,0.0013045448651611807,0.13507921378792653,0.031886951272050094,3.707846319433302,3.2650243805168744,0.028947131179094473,0.7847303925848204,0.127,1,1,0.5,0.6666666666666666,0.483,0.65,0.27,0.5,0.05073361461574513
45,0.7279123278537517,6.320266678279721,0.24680782214964464,0.2316173894943504,0.9307349202334558,0.12981599552546808,0.036217926637863974,0.1921178167487168,0.0011947350454812786,0.001697762310094362,0.15897313052884085,0.02619007391548301,3.0855018134749406,13.269990969349738,0.137229299568991,0.8995743789781857,0.127,1,1,0.5,0.6666666666666666,0.483,0.65,0.27,0.5,0.07459111800374829
46,0.8065595231184044,4.68340574291629,0.4708234977930844,0.2233917214154666,1.1775792470700972,0.12447273905984847,0.028731606366734556,0.19876944371046043,0.0009730457297922802,0.0015015718533333492,0.14795747906798565,0.02866205186840068,3.237326951824387,9.938762735768938,0.1084947001805231,0.7868144749138933,0.127,1,1,0.5,0.6666666666666666,0.483,0.65,0.27,0.5,0.0710844451183554
47,0.8814568772545056,4.830186649744976,0.3368401073865046,0.23348033019649364,0.9658359563738614,0.13967519013193505,0.033470583478762674,0.1987994009579297,0.0012807310682672712,0.001517732015071312,0.14575596923057543,0.029139949458788894,2.750323699009636,4.8759337144196255,0.1467220632952278,0.7907394292929101,0.127,1,1,0.5,0.6666666666666666,0.483,0.65,0.27,0.5,0.08117584691841849
48,0.8197146892065642,5.12964878920501,0.715814551655222,0.2859864862430232,1.1474166654344446,0.11066301435704076,0.023126389469221142,0.15225528357745746,0.0014290477164560398,0.0016997002573693697,0.1464917159611935,0.033397500836006844,3.7018082425420546,8.75034879956359,0.05506650656801141,0.8898213328050001,0.127,1,1,0.5,0.6666666666666666,0.483,0.65,0.27,0.5,0.062216581646514627
49,0.4974183346118455,4.942929159975664,0.40088772474509604,0.25899997701794475,0.9300631063704874,0.13676847381810608,0.03782887481319374,0.15240470607803963,0.0007932838513254482,0.001357727678098551,0.16174505365827657,0.030065022237794767,2.930759082326059,10.131991881213509,0.10971498934602375,0.7534200465043288,0.127,1,1,0.5,0.6666666666666666,0.483,0.65,0.27,0.5,0.07921888257663519
50,0.04349579991873824,4.512063122713793,0.5355135691156362,0.255253809823994,1.105098376309516,0.13487620930350488,0.020770923565648726,0.204973787802125,0.0010559493000217412,0.0014083736241514483,0.1322392965415228,0.03399166226634784,2.393551363037973,5.874578828899409,0.0655107225324177,0.8823244940622934,0.127,1,1,0.5,0.6666666666666666,0.483,0.65,0.27,0.5,0.07795197100921161
51,0.7937022653525351,6.918283528203159,0.42557284948600715,0.21503712025666125,1.2338339439801744,0.11143869536248958,0.02907015258558781,0.19178294642086804,0.000721794449030778,0.0012303810060363604,0.1300702414169944,0.026237629353628316,3.40417050362277,4.381103771564915,0.024157227864171942,0.5926538947476205,0.127,1,1,0.5,0.6666666666666666,0.483,0.65,0.27,0.5,0.06270737583376486
52,0.6229174053660365,8.125798849702763,0.5144131859121434,0.2542440569984101,1.0279962514068621,0.13638615241776028,0.029498123830719356,0.24706013585203623,0.0006216845182660941,0.0011477862911569497,0.16107672923727756,0.035552488291854166,3.522305560044097,12.001613037780118,0.019807916396279747,0.7104659499178678,0.127,1,1,0.5,0.6666666666666666,0.483,0.65,0.27,0.5,0.07896246267911573
53,0.3805848836277821,5.911871000289507,0.7060640990246,0.2955496281568973,1.0721918709433593,0.09201873477386247,0.026934540177681227,0.2070123231923375,0.0012394245349987853,0.0013077515150946848,0.15183238915120245,0.03140117267774747,3.6885244438705556,1.9580292476244197,0.03549532621058407,0.7402504395395223,0.127,1,1,0.5,0.6666666666666666,0.483,0.65,0.27,0.5,0.050672154976096735
54,0.44691983534663765,5.681278854855049,0.5539379981212917,0.18461525955614544,0.9309728966902677,0.12603659255880767,0.029598443623609697,0.18312303767696136,0.0006936469966447405,0.0015472387187391707,0.13831698242224966,0.029354720755114402,2.9870346558174616,8.23871444476083,0.04620131792939284,0.824819570145739,0.127,1,1,0.5,0.6666666666666666,0.483,0.65,0.27,0.5,0.07210633276272982
55,0.7673950768541198,6.884457090333681,0.5695128652942111,0.214463238297068,1.0471142633930113,0.10734479821629396,0.03832384388574044,0.1802931456832086,0.0008374608538836718,0.0015604553741388578,0.1426385195628304,0.030897308017026143,3.1503894409080058,9.643774891047409,0.10659845377964218,0.7115791674839375,0.127,1,1,0.5,0.6666666666666666,0.483,0.65,0.27,0.5,0.06012668609436056
56,0.9634963297477527,6.7191104294500485,0.2104428149312154,0.2628379118459069,0.985348454901561,0.10878325649518797,0.03911368274110902,0.19759801624176598,0.0012969975043859538,0.0013242884594597795,0.1696872239687878,0.026152670004691035,3.522249865470953,9.637984838555308,0.11224182418336225,0.8879488058114534,0.127,1,1,0.5,0.6666666666666666,0.483,0.65,0.27,0.5,0.06103075222048979
57,0.4456105729112882,4.881997374636406,0.2357989957762684,0.2298713786067838,1.112552720716917,0.09846545142765031,0.02767586373523221,0.15422168386519677,0.001003730982971007,0.0018311885804127188,0.15932182453061713,0.026195377262139836,3.5242663499079003,10.85138889952637,0.07170435938345977,0.6681561481530043,0.127,1,1,0.5,0.6666666666666666,0.483,0.65,0.27,0.5,0.05460991571736105
58,0.4125684756521602,4.241679985487906,0.468204146593331,0.25462883605389025,0.990331164621741,0.10162314914795031,0.02390531368720486,0.20841141277807598,0.0009912078590167905,0.0014340823448420511,0.11393704591957414,0.03206891744222155,2.6023622062932144,4.011325615725356,0.11823950301953208,0.6819493391083459,0.127,1,1,0.5,0.6666666666666666,0.483,0.65,0.27,0.5,0.056559309743771574
59,0.8543193612253033,5.663722736290339,0.3434020534118579,0.2722475677989684,1.1847816764095933,0.12186505701807052,0.029013907395488828,0.21760538433764892,0.0006682160587462806,0.0016327998816702495,0.15154602230638323,0.02474544598400941,3.234920947012309,1.4386293888816244,0.12561654328028532,0.8050268394523803,0.127,1,1,0.5,0.6666666666666666,0.483,0.65,0.27,0.5,0.06938857062460518
60,0.8064357435336419,5.665531481608885,0.7844178775046171,0.18347427120825635,0.9681445787780085,0.1344738132501449,0.022286325701322912,0.1914610435116442,0.0008411872718889991,0.0016250403861265924,0.15227414473545797,0.03914043160232829,3.0025591872141786,2.64845716590882,0.011278358030607838,0.8678974241575249,0.127,1,1,0.5,0.6666666666666666,0.483,0.65,0.27,0.5,0.07768327250450312
61,0.9397548637038857,12.121748493830491,0.2809430468971822,0.24331906795829067,1.2294526522101217,0.09360943457361368,0.025541079687317645,0.24615796871090465,0.0009370524674387128,0.0019541858115503107,0.16264791457858793,0.02930603468700958,3.501061614316987,4.346810375667621,0.03717722078116443,0.7748308713264351,0.127,1,1,0.5,0.6666666666666666,0.483,0.65,0.27,0.5,0.05163857510452887
62,0.5576430235712613,6.929111551486294,0.6826199997224903,0.287385807042123,1.135935829098136,0.11239099750170299,0.026669602523495466,0.21764916700159656,0.0007111071013872537,0.001683779693468772,0.11760740226341204,0.0389365512086709,2.6601898642786836,6.62167015271962,0.03263205688669619,0.7269982711006951,0.127,1,1,0.5,0.6666666666666666,0.483,0.65,0.27,0.5,0.06331109598109255
63,0.32368593853466376,9.090544375810458,0.5678635635908074,0.26536439276225043,1.2202765835076148,0.10079749163941296,0.026058637041584884,0.22095764471289756,0.0008120831332402226,0.0017685954195368904,0.16062664270021212,0.03302827421870845,3.8217682651220732,12.374108783443397,0.06151672758477464,0.7470516698481566,0.127,1,1,0.5,0.6666666666666666,0.483,0.65,0.27,0.5,0.05604827094131748
64,0.3821497422633364,9.135739719053568,0.3221130408763752,0.2647885685267153,0.9114214455244174,0.11689104921449835,0.031345576305442845,0.23700291399255913,0.00096924018069874,0.001308156600744261,0.15004709633281652,0.038981243033689335,3.1904138831692044,14.71684671560827,0.05059274162089898,0.8168258143611102,0.127,1,1,0.5,0.6666666666666666,0.483,0.65,0.27,0.5,0.0661815561435126
65,0.49895816855722236,7.4699046345888105,0.2859223143029056,0.25989210712809635,0.9276305067745478,0.09378386914430323,0.034438432450538944,0.19205881439782585,0.0012126800244087255,0.0019335783796681617,0.1559997084368463,0.027444394977462382,3.3368855539396534,10.854784140010524,0.07633319620245062,0.856632452310114,0.127,1,1,0.5,0.6666666666666666,0.483,0.65,0.27,0.5,0.051744758204506684
66,0.5915732459273249,3.732132972775216,0.5183231853817489,0.2588031650015683,1.0532344254479893,0.1386495636224549,0.021381755407528857,0.17916157309442887,0.0008492777565810062,0.0015954912311962105,0.12353624648063943,0.03217280806714362,2.9545706652810604,9.049381103372486,0.10840510263709591,0.8016119301503575,0.127,1,1,0.5,0.6666666666666666,0.483,0.65,0.27,0.5,0.08048382967422237
67,0.7756178465235459,3.771620274627884,0.39871340015704004,0.1408076063911655,1.0107436377999566,0.12416637505418131,0.022374360228695125,0.17904973362664367,0.0014886769021086367,0.001700864699307422,0.1466125549436907,0.026788120108390396,3.1822914171651933,5.7644340460434895,0.10302842884673324,0.7524238944135142,0.127,1,1,0.5,0.6666666666666666,0.483,0.65,0.27,0.5,0.07088468147238726
68,0.6897762513860657,6.021145536300392,0.2793305961806614,0.22173554620130104,1.0262653160958262,0.1261680834366006,0.024472518396989624,0.24148039415528616,0.0009937267176899664,0.001217481916548385,0.16819245695332358,0.028698020263651244,3.658616993735052,3.143578171004144,0.06898237268479357,0.835602342910385,0.127,1,1,0.5,0.6666666666666666,0.483,0.65,0.27,0.5,0.07219242113105323
69,0.5488585671689195,6.493725983460028,0.6968077295954119,0.17939269201382096,1.2196528164072127,0.09187802250943178,0.02650753869213651,0.20511896389022205,0.000709597598721865,0.0015073660786740634,0.12750158754382823,0.02698419374695231,3.1229122832480445,12.336927747565177,0.14925962267375,0.7464318338851424,0.127,1,1,0.5,0.6666666666666666,0.483,0.65,0.27,0.5,0.050586829075164645
70,0.01260984800195921,6.3121890270618035,0.5199559797211322,0.15623608959904323,1.1249415602330326,0.09309129130139589,0.02431226419975455,0.23437563461890673,0.0012214197524474362,0.0015940967939633386,0.13477941975500313,0.032381290829021754,2.555294112348554,4.263101196689986,0.08976973639461636,0.6891793863345499,0.127,1,1,0.5,0.6666666666666666,0.483,0.65,0.27,0.5,0.051323407972881874
71,0.8262647139405561,6.942071219327703,0.4763927447026795,0.22983581414617385,1.000260669637114,0.13018790256531365,0.022498104022542556,0.16101597629906905,0.0005650192365622609,0.0013230626681720742,0.16022309064701376,0.03790743721707688,3.478758567062247,8.86234761223469,0.08251086288152563,0.8260962633752648,0.127,1,1,0.5,0.6666666666666666,0.483,0.65,0.27,0.5,0.07483679690663844
72,0.3157774811692789,3.636297093825631,0.7084881077915595,0.2467160202862571,0.9192747113185094,0.12543163614172753,0.027254673823014153,0.21480112616056354,0.0009514238124053252,0.0018497846235616066,0.16816671634718305,0.02516904077291108,2.9529279032731903,14.021157839999516,0.14453559296010415,0.8655832737616035,0.127,1,1,0.5,0.6666666666666666,0.483,0.65,0.27,0.5,0.07171059537779843
73,0.5367540991290444,8.091174602936555,0.46125630320949196,0.23309292287185243,1.231213533513493,0.09730342771966874,0.03897434595612997,0.170525859898554,0.0007255681656622537,0.0012530521390918465,0.15584446872316546,0.03443638161309416,3.368891807518471,11.0750549287361,0.031307028778590276,0.7704492892940404,0.127,1,1,0.5,0.6666666666666666,0.483,0.65,0.27,0.5,0.0538959771797224
74,0.4330051230608615,4.850922671173544,0.7877438704518278,0.19127746642177978,1.0866894388317416,0.13455769612951632,0.02055651214018582,0.18843256093779043,0.0013537795857699953,0.0015288069762653738,0.1203896060741477,0.03539959858534959,3.161928344557633,8.160557361189454,0.05191841386103507,0.6719082934721381,0.127,1,1,0.5,0.6666666666666666,0.483,0.65,0.27,0.5,0.07773926437830644
75,0.23611816121405838,8.623654020256522,0.48667454926872267,0.2561595715840093,1.1688081788342897,0.09800720394545713,0.03636140492723422,0.16049981761854343,0.0006022494040850349,0.0011034261359066323,0.11872534175731714,0.031253697820732514,2.653286193139083,6.192317505259066,0.08145319644779576,0.8615143435251796,0.127,1,1,0.5,0.6666666666666666,0.483,0.65,0.27,0.5,0.05432815227247708
76,0.5246868620777765,9.597562742375926,0.3324266111304532,0.2594818092924533,0.9940016937070872,0.09313197168060021,0.030883388948636004,0.15997785964186406,0.0014423814526943472,0.0019186746787526574,0.13772274582055832,0.024471673006311444,3.1053468858394746,13.530142134153085,0.013372299762194007,0.7537543711782665,0.127,1,1,0.5,0.6666666666666666,0.483,0.65,0.27,0.5,0.05134813929497084
77,0.5560798329111787,6.766586665040698,0.2722681342391652,0.20273752341336598,1.1027774877099203,0.1349501003011726,0.038928747177002426,0.2331609671330832,0.00076060069915394,0.0018402921557278819,0.13363976679517173,0.03962520497411928,3.079437887004893,4.8847657390738615,0.07305770808344658,0.7311516459307437,0.127,1,1,0.5,0.6666666666666666,0.483,0.65,0.27,0.5,0.07800133862113408
78,0.4874851463926783,6.98518416917473,0.7160342899050802,0.2653476152404915,1.1755615418106846,0.09284644289713999,0.02313398625116226,0.18745263438085874,0.0010313556059011234,0.0017080821926381453,0.1500002611488759,0.039985036049076814,3.7874037932790956,10.3659453744386,0.09231708274383532,0.7780276463181578,0.127,1,1,0.5,0.6666666666666666,0.483,0.65,0.27,0.5,0.051174601130187895
79,0.3458789514679822,7.459264800937803,0.2768312604927564,0.29686448623867534,1.2258772577258223,0.09160443402199057,0.02964691481039561,0.16359488099409622,0.0007974317175518424,0.0011027255254391684,0.1154016689151013,0.03372680984444077,2.5582620979965403,10.34972888356823,0.12317234685371496,0.6842161779652874,0.127,1,1,0.5,0.6666666666666666,0.483,0.65,0.27,0.5,0.050421004600218484
80,0.7208805443829704,6.4176263654707055,0.31494522532125313,0.22352779082520238,1.2442014886870385,0.12489810694760053,0.027976649206108116,0.21590358946289775,0.001481236835407161,0.001797295528293197,0.13572888254492138,0.03720922043434219,3.781666275313633,13.413748415151444,0.06037099353581331,0.8588013749929645,0.127,1,1,0.5,0.6666666666666666,0.483,0.65,0.27,0.5,0.0713620367749118
81,0.5729420579465359,7.277693208380029,0.21977120565593336,0.2843121581654584,1.0162571645466816,0.12991898374335237,0.02391058652594873,0.2319622131705194,0.0007475293492665597,0.0017537899620492718,0.10546501699809929,0.03966515468813036,3.7650134221254565,6.879178114468922,0.10922242797887904,0.6698329470008019,0.127,1,1,0.5,0.6666666666666666,0.483,0.65,0.27,0.5,0.07465913019359004
82,0.42614647700143266,5.951631331689956,0.7017348714246779,0.14634988276772004,1.09382458681337,0.11234979391140318,0.029393896835892296,0.1953900294410331,0.0011902032087590508,0.0017721559980098615,0.1144362905164018,0.024430734224582702,2.920984430209811,14.216401414154863,0.11258033839175749,0.6559137716579226,0.127,1,1,0.5,0.6666666666666666,0.483,0.65,0.27,0.5,0.06328494779856418
83,0.4468171976334867,6.612899350956212,0.695835450374409,0.14636194709174855,0.9498652304981241,0.10867573391901872,0.026842939874763053,0.17302308269307184,0.0013299471727932605,0.001844442641739756,0.15301475144073512,0.031697136400689614,3.5518765252818154,13.40807698888106,0.019955411674013386,0.5641306173883514,0.127,1,1,0.5,0.6666666666666666,0.483,0.65,0.27,0.5,0.060963073740183005
84,0.5670681933465243,10.333671466269921,0.27555377632055544,0.23232556403918395,1.1172993594513936,0.09331282732829992,0.03431816109612594,0.20895908388687476,0.0011493464271304875,0.0011288750493780263,0.12836761214072553,0.03325606323183888,3.0161520555240724,10.807380375554546,0.039168209753044296,0.7181423977205246,0.127,1,1,0.5,0.6666666666666666,0.483,0.65,0.27,0.5,0.05145811595268223
85,0.6233978553227623,5.1154118907978825,0.44670687361221995,0.2212176927075186,0.9286306072332373,0.12315636062811505,0.026989862014958503,0.22275537932097153,0.0008770897502866101,0.0012930543344764544,0.11567881669367444,0.03519585265141364,3.7753646741497406,9.21202988242898,0.08774139610802277,0.6050290780257346,0.127,1,1,0.5,0.6666666666666666,0.483,0.65,0.27,0.5,0.07022709357641942
86,0.9764714824750036,7.716775537902671,0.23826916790220268,0.23765289712174792,1.2501920362683896,0.13199699735870976,0.032591346234749345,0.2276268923538471,0.00123284835814627,0.0017073892004390218,0.1728216918843174,0.033888468314429585,2.426693666218583,14.85871770594278,0.007388178614528763,0.8356577859026005,0.127,1,1,0.5,0.6666666666666666,0.483,0.65,0.27,0.5,0.07603487370265392
87,0.2913663427655728,7.510263407843031,0.345563710878623,0.2517539816230586,0.9251626769642035,0.10506990069876893,0.02658412888815396,0.15653829973850136,0.0005627145718614018,0.001239179734486839,0.15095175692710855,0.02737234341125307,3.5527561405504513,8.829935485915684,0.05998571831018577,0.6689834314442503,0.127,1,1,0.5,0.6666666666666666,0.483,0.65,0.27,0.5,0.05870285331826943
88,0.801534605652533,9.19188414534489,0.41651026042973366,0.17248175299806345,0.9971966121193759,0.09619717284967937,0.020940127434118657,0.22409553908008747,0.0014210608372954292,0.0018989707991331122,0.13381499019958928,0.03264674070254866,3.403594092055681,13.968557018853515,0.010406399094725793,0.6599676536882981,0.127,1,1,0.5,0.6666666666666666,0.483,0.65,0.27,0.5,0.05321800837522708
89,0.8086291694326464,5.965246655373647,0.4587700137591737,0.20263812958323799,1.0848051724585834,0.13018334286400673,0.030972398432246653,0.202529249891808,0.0008143716800942202,0.0018984347024911666,0.15926357014417505,0.026461210492364627,3.7930964056970367,12.790161148110759,0.06556192249306193,0.6872101844673557,0.127,1,1,0.5,0.6666666666666666,0.483,0.65,0.27,0.5,0.07483378353126488
90,0.44349346495125486,9.190240073681785,0.28955360215549614,0.2369231055598186,1.0946592554528372,0.09770567332696069,0.03663616455062751,0.20330461337438901,0.0007784543682457591,0.001852704377998256,0.17190499817202748,0.031011251228521147,2.7957024393573997,11.373028819074662,0.1091733389210741,0.7010878771013489,0.127,1,1,0.5,0.6666666666666666,0.483,0.65,0.27,0.5,0.05414290572302683
91,0.5373999897712793,4.887286534453841,0.61823776339822,0.1817465380676031,0.9276629930225269,0.11698642828586248,0.027889225461683372,0.21217196986470627,0.0008572802414403755,0.0015763343811086032,0.14922393582142962,0.025362583672158278,3.784915576351268,14.196032356589962,0.1419843042169066,0.8201602610244583,0.127,1,1,0.5,0.6666666666666666,0.483,0.65,0.27,0.5,0.06624271247539505
92,0.3000087510261198,4.682027055740473,0.2987743606707122,0.24596015296909304,0.9985401738433201,0.1271411905812046,0.027828454769535868,0.20205593685065812,0.0014904340345820615,0.0012931934030686256,0.10580355539244761,0.0313388892565756,2.996475373538755,13.551094525362398,0.035763019398052695,0.6087729052550074,0.127,1,1,0.5,0.6666666666666666,0.483,0.65,0.27,0.5,0.07283033018012572
93,0.8243760515037761,6.162882917231729,0.409827409842963,0.20247240808644668,1.0799629698674948,0.11298489395573984,0.026417039776346237,0.17960248052390104,0.001429572195081945,0.001568559155533545,0.16097536497468126,0.027292528081652563,2.5209220367408287,2.5042685683468195,0.05265811565923645,0.7752735295799894,0.127,1,1,0.5,0.6666666666666666,0.483,0.65,0.27,0.5,0.0636882580611328
94,0.7627206786941313,8.267344837098948,0.3630093665217251,0.22629962072808799,1.100613880072815,0.09331914906138605,0.03311993089810941,0.22208063596766925,0.0009792315389853309,0.0018585559557157188,0.11660183952113762,0.036458020896726145,2.611922093408278,10.304448267765762,0.007450931909249919,0.7344742828488953,0.127,1,1,0.5,0.6666666666666666,0.483,0.65,0.27,0.5,0.05146196093409287
95,0.26517350907397047,8.679530888105326,0.5236954120949843,0.2480159333309796,1.0596244776425425,0.09082343702039174,0.024858781698711477,0.23406320554732366,0.0005333713934537307,0.0016282427613801428,0.118810433558453,0.03484196075715379,3.6006992023611795,1.0202577883917225,0.042733004648997,0.7384833756489053,0.127,1,1,0.5,0.6666666666666666,0.483,0.65,0.27,0.5,0.049948184279376764
96,0.6423800765874678,5.803979654163028,0.7950045821759929,0.2103532287938821,1.0651501638969705,0.10648876917788587,0.030703808080419094,0.19310428796175344,0.0009712456155485011,0.0013253940362161656,0.13209690152259387,0.034584798339126976,2.716863913645874,4.084718860674388,0.07452336216752328,0.5433901971468978,0.127,1,1,0.5,0.6666666666666666,0.483,0.65,0.27,0.5,0.059590056344286914
97,0.6312903164943878,7.120204676166419,0.7910935050595415,0.20025799719703063,1.1566785327272802,0.1137944784672668,0.03075673604781618,0.24556988320382303,0.000893165040365811,0.0015772977376008002,0.13195738103456858,0.03194188754345221,2.5926657977221783,3.3371701884411342,0.043932512936275564,0.665969060799969,0.127,1,1,0.5,0.6666666666666666,0.483,0.65,0.27,0.5,0.06420321003555361
98,0.08707751767684185,8.340438679837456,0.41612678711293455,0.15071682912947537,1.0732814191418243,0.11105764932315784,0.024718009408237,0.22702943682650273,0.0007906571602490748,0.0015877225627244423,0.17297448193279832,0.03323207798851637,2.607958556331031,10.163578586550837,0.04894572279427743,0.662781277043575,0.127,1,1,0.5,0.6666666666666666,0.483,0.65,0.27,0.5,0.06246617074695472
99,0.5359457772148715,4.932764971346886,0.21926350527289354,0.23377536097762988,1.0296709666753996,0.12255504809992189,0.02060169030013269,0.20286944910872584,0.0005543784959479693,0.0012722486772675384,0.1519739862163249,0.030093005687392455,3.062736320518656,4.970820339769618,0.06995424968870528,0.8135417117121152,0.127,1,1,0.5,0.6666666666666666,0.483,0.65,0.27,0.5,0.06983631727240153
100,0.5168960834014339,9.02705634571567,0.3522178724705569,0.27579033919388396,1.0746591487116985,0.09071536058676058,0.03760121511679608,0.23222647971929647,0.0005968049868086074,0.0016072002967516543,0.1626474833035931,0.025802021958035708,3.829790779664419,10.359589077722985,0.10037159839157596,0.630141997810172,0.127,1,1,0.5,0.6666666666666666,0.483,0.65,0.27,0.5,0.049882818126840416
101,0.8134534909735447,7.396757008984851,0.5774014042332221,0.21428010200493022,1.0291277063183266,0.12164510311501571,0.03651694248756219,0.21691209250426258,0.0006322604752800119,0.0017207263989647262,0.129420092740125,0.035558215902759004,3.7216053280361905,8.994826798095703,0.0533777329664568,0.7129125340492808,0.127,1,1,0.5,0.6666666666666666,0.483,0.65,0.27,0.5,0.06924598675684532
102,0.06931105797976744,3.954889167742945,0.22760278765259256,0.214872134011101,0.9209717187946768,0.11014305412940822,0.026906830579455733,0.18406748119778207,0.0014269510302083134,0.0015759829235715884,0.17140902872708863,0.029489359302801,3.5133088108241117,12.236097483312275,0.13163997139519593,0.8327540475154722,0.127,1,1,0.5,0.6666666666666666,0.483,0.65,0.27,0.5,0.061888067874578276
103,0.17852435347294923,5.237831491252886,0.47680928260836,0.21572354119817766,0.945071866900552,0.10730948072823392,0.0255474937178952,0.22904231228503205,0.0012240362536567514,0.0013920390087551271,0.10648975221055532,0.03767299945868963,3.790829049416755,11.440457259358471,0.08765934534785481,0.8779599546470811,0.127,1,1,0.5,0.6666666666666666,0.483,0.65,0.27,0.5,0.06010452581919108
104,0.3902605342084979,5.302130094248626,0.27879461682480755,0.26962477912763516,1.074320223964257,0.1058134837229069,0.026410164614418644,0.19578898177202558,0.0007430557483663915,0.0019442556099168895,0.11135292901515179,0.0314983459365389,3.0304227570594895,14.59318127674863,0.029069148509245767,0.6637329953311601,0.127,1,1,0.5,0.6666666666666666,0.483,0.65,0.27,0.5,0.05916745656345656
105,0.9417349072515113,6.791995164037097,0.6205524354775656,0.23328475816046607,1.110464780578452,0.09353099332522263,0.03124705068136268,0.1818205712045441,0.001263807655099346,0.0015239554066038116,0.15335298768888742,0.026239015919111226,3.448329472737498,3.196435089952006,0.12400791690093768,0.8071475737881529,0.127,1,1,0.5,0.6666666666666666,0.483,0.65,0.27,0.5,0.05159083908909621
106,0.4046747544217557,9.786117432283884,0.26633031842614174,0.17599599655433365,1.0101109972579214,0.09950451030371114,0.027469467779330316,0.189143495710853,0.0009501865075623619,0.0014026584327029483,0.11553202436976535,0.024075395242711628,2.8592677971295744,8.43330989299125,0.027977189898743024,0.8195405560701405,0.127,1,1,0.5,0.6666666666666666,0.483,0.65,0.27,0.5,0.055249866013915926
107,0.673087007477144,5.061382614860625,0.36505402339170123,0.17772764390730852,1.159409122067596,0.13351475811497393,0.02435366544072176,0.19234746378162734,0.0009294855139502715,0.0014415174250910399,0.12674960496490792,0.03259204421731033,2.674981948786044,6.986756777523583,0.042515970500512805,0.5474778257968799,0.127,1,1,0.5,0.6666666666666666,0.483,0.65,0.27,0.5,0.07704387314463343
108,0.5102851820333627,6.5329113868362265,0.528852463519792,0.23984482857604628,1.0736826558368997,0.11134175830338665,0.03218663173097287,0.19537427576916827,0.0007121923162481761,0.0015475840465962892,0.12610810666712477,0.027635500091861796,3.5290066104762077,9.954914746238375,0.11165618648465041,0.694338276601457,0.127,1,1,0.5,0.6666666666666666,0.483,0.65,0.27,0.5,0.06264599430868642
109,0.9353937810145638,8.29445502217645,0.36464887604369023,0.1925679367052284,1.135403097232101,0.10004056552113358,0.03422047351211795,0.24834951282531026,0.0012047035848743509,0.0012444403982352636,0.13675822530779622,0.028426209365703236,2.891117691767917,14.084639962336743,0.09553307002209359,0.6841334824665731,0.127,1,1,0.5,0.6666666666666666,0.483,0.65,0.27,0.5,0.05558059712939362
110,0.5743933879357468,5.608164183760966,0.508817767350816,0.1552935568844641,1.158105202499286,0.13294832857757613,0.027043333241382406,0.19391969540566223,0.0013750958179350261,0.0016512452340866506,0.17281895478157822,0.026209249304808863,3.256946923387583,8.340017676986411,0.013181046285649409,0.7503938778695598,0.127,1,1,0.5,0.6666666666666666,0.483,0.65,0.27,0.5,0.07666690057783435
111,0.7214059337877395,5.831954730876545,0.20427956611840992,0.23519022375167428,1.0347976023438707,0.1176664648079169,0.024339628947297694,0.15651957130873062,0.0014617404063929952,0.001976819135433237,0.1375245998117821,0.03578678175818074,3.064058928806551,13.087488434756313,0.045327334314679106,0.7292556074287184,0.127,1,1,0.5,0.6666666666666666,0.483,0.65,0.27,0.5,0.06667912989519378
112,0.7760317070253953,5.712769210370735,0.6718449793599083,0.2514674489216228,1.2374391355516587,0.10659275208645008,0.023926057998000273,0.22348773690414303,0.0009003674876279466,0.0015475593353350995,0.1517299395607017,0.03309290313430208,3.3690970716564994,1.7805127002229337,0.10138066150908953,0.7927450167981818,0.127,1,1,0.5,0.6666666666666666,0.483,0.65,0.27,0.5,0.0596551865542759
113,0.7987100357820011,5.81202015086073,0.5288207296365027,0.16186224182328368,1.2050950482561293,0.12315530150365994,0.027249072995820262,0.17460341464414433,0.001093297386207087,0.0015774159525788769,0.1522659700596766,0.03319541960247637,3.68529778116802,3.1045391965446143,0.08504188503671567,0.8943537654349153,0.127,1,1,0.5,0.6666666666666666,0.483,0.65,0.27,0.5,0.07022640480968477
114,0.23946100935302156,6.783108595488748,0.5053136344030749,0.14161566721250793,1.1453722472675827,0.11884985967700734,0.02366857083198126,0.18133808544615443,0.0014104184274096863,0.001141867162914581,0.14563474523062495,0.027472582607523367,3.676080653887848,13.955090280850769,0.0836951397240682,0.7883411590694249,0.127,1,1,0.5,0.6666666666666666,0.483,0.65,0.27,0.5,0.0674401865460987
115,0.2067697625116881,3.3956790959555194,0.4552382345292135,0.2518369507878078,1.2032100901297218,0.13341315353040406,0.021254990717487716,0.19584804656646487,0.0012936123759010496,0.0015662149959833505,0.13890312430797794,0.029536490021541333,2.8028239218105746,12.237422344510946,0.13456848757427317,0.8163218100642565,0.127,1,1,0.5,0.6666666666666666,0.483,0.65,0.27,0.5,0.07697621656382067
116,0.9580801461215938,5.768106271795843,0.33320595980859147,0.27048929842974423,1.1497818560627957,0.0953589248537379,0.03862551790487261,0.21379605064952714,0.0013122454182910059,0.001611056978283528,0.17125156002305492,0.024537648029092824,3.457436752984208,1.199624768071237,0.11466449294055893,0.6704239204553069,0.127,1,1,0.5,0.6666666666666666,0.483,0.65,0.27,0.5,0.05270539193586821
117,0.36305790134219895,8.702908964910835,0.5208637708818626,0.25641176251535003,1.0660805813004888,0.09299645475931782,0.03405023730088038,0.2349642960590064,0.0011493365353625916,0.00118769384783897,0.1330594605753602,0.026116254723893735,3.3579614903551063,10.693586256871049,0.08161166855681361,0.8548601290525377,0.127,1,1,0.5,0.6666666666666666,0.483,0.65,0.27,0.5,0.05126576144453786
118,0.710358719401843,6.370443231529,0.5020539693589084,0.2798396350144817,1.1621005072517971,0.13534620711752407,0.034392673131918,0.19905327419147215,0.0010207652993661632,0.001940704469565742,0.1340436631112836,0.029854121466712878,3.033380613648383,10.454877122964676,0.03931577331278076,0.7797241773542352,0.127,1,1,0.5,0.6666666666666666,0.483,0.65,0.27,0.5,0.0782661269930498
119,0.5043579745743575,5.341475987178184,0.4957212428315487,0.1468437218429907,0.9610322753246502,0.12529313726909505,0.03760378772950874,0.19257233702683835,0.0012523168981564048,0.0016601995526189617,0.1335496085142632,0.03937711942345377,3.4378418078313,7.654886454172063,0.0280526807066968,0.7640107094318509,0.127,1,1,0.5,0.6666666666666666,0.483,0.65,0.27,0.5,0.0716200721679031
120,0.9867042022385988,5.1054049768833565,0.3733483744659981,0.22452138392339863,1.027469847204381,0.0982418165311695,0.020307204493077054,0.2217153591889975,0.0013719230760734493,0.0013986518650228935,0.10975392139544116,0.03490839133000523,3.295002582546975,2.62337892481385,0.11873803111039344,0.8226439830493447,0.127,1,1,0.5,0.6666666666666666,0.483,0.65,0.27,0.5,0.054472373155106085
121,0.5036644782875712,4.000893377974807,0.7561385174636847,0.17973720707840565,1.0748917459218308,0.13221578242631726,0.028729267802524452,0.22484644742030696,0.0012324619190059113,0.001702123272834786,0.15736253239350173,0.027906688405617767,3.6534822866545373,14.405326517446065,0.1311359181657502,0.6303064029104186,0.127,1,1,0.5,0.6666666666666666,0.483,0.65,0.27,0.5,0.07618010315743669
122,0.1315836196043747,4.9773730569035095,0.5098433191356999,0.19999587352367432,1.070562714403778,0.11956308767866712,0.024437590847192957,0.23948170544504102,0.0011071734456838994,0.001783737022878699,0.11324524690485774,0.03960839577003968,3.2947005051019467,11.132606883041941,0.14951682258836513,0.5351313279629185,0.127,1,1,0.5,0.6666666666666666,0.483,0.65,0.27,0.5,0.06789986085625985
123,0.990150120522503,6.906433632892586,0.28053074097100894,0.22608688724821618,1.2216666073641618,0.13094043198970318,0.03268352402768071,0.2338654740669995,0.0005867143150789995,0.0015018321938769922,0.12962719283960636,0.03032015411790411,3.157413372087519,2.241028394090452,0.10059290715367039,0.8116142433654111,0.127,1,1,0.5,0.6666666666666666,0.483,0.65,0.27,0.5,0.07533455519596315
124,0.3798215501988124,4.051552064893247,0.5931999146977838,0.17659884853629676,1.2011760705178096,0.1263921247351624,0.021585710273751887,0.20128586129609416,0.0014359907038473407,0.001896399919994522,0.14683002464610134,0.03113029776115856,3.158090640519703,4.0716495623409585,0.14895031881014076,0.707356150025961,0.127,1,1,0.5,0.6666666666666666,0.483,0.65,0.27,0.5,0.0723391628634564
125,0.21112583353976783,6.460442993758694,0.5815993563203314,0.1746900101523782,1.0133561320415185,0.1310179878966819,0.02884593293172533,0.17906856945559366,0.0014060842321859878,0.0019018425347328458,0.1340528176929031,0.03141716502590132,2.6856165612299376,11.900921677299015,0.010921998942397586,0.6968784528741263,0.127,1,1,0.5,0.6666666666666666,0.483,0.65,0.27,0.5,0.07538590331666407
126,0.1657694658741598,4.370879636151637,0.7630094478153684,0.1934225388638728,1.2439698522141245,0.11743568867836249,0.02843327221046911,0.16277879604642492,0.0009023504671738878,0.001623238566999467,0.15968579043292805,0.03799270817365589,3.4055958532715462,8.728555247431455,0.13099197646043514,0.8077988046000275,0.127,1,1,0.5,0.6666666666666666,0.483,0.65,0.27,0.5,0.0665309525730215
127,0.9692742802594095,5.829551206690317,0.46462853582421504,0.22554587459284886,0.9906124710856613,0.11033790559029218,0.026862724370890472,0.17003014302637925,0.0010082998597304809,0.001787367966874726,0.1654042988936917,0.02456509752024248,3.38546928875969,5.319516684108265,0.0511757939068223,0.521984043263201,0.127,1,1,0.5,0.6666666666666666,0.483,0.65,0.27,0.5,0.06201113112698229
128,0.9512004501404687,5.0795049049903795,0.31368037691813977,0.24149658907655827,1.1409789812400122,0.12906300792525463,0.024294995712506158,0.21815310749759353,0.0009683902047472426,0.001686805168232657,0.14691174329037446,0.03825885260129274,3.233904628792025,2.838696232959489,0.07877134636152079,0.8854041087051507,0.127,1,1,0.5,0.6666666666666666,0.483,0.65,0.27,0.5,0.0740943427019909
129,0.1594791229751673,6.382081499201355,0.36066441481375167,0.18206379626726638,1.2017411508516886,0.13460450003768268,0.034870977154527326,0.2018600589257597,0.0009769138227732612,0.0017125072199713632,0.1706872314430226,0.03736896782366004,2.5226044341310807,13.703175873297242,0.06647328489075342,0.7782678733189222,0.127,1,1,0.5,0.6666666666666666,0.483,0.65,0.27,0.5,0.0777705107338459
130,0.08628408346343835,4.873502086527966,0.4804778674562311,0.18980239281834307,0.9654611216663839,0.10299816323755591,0.02426268654119082,0.2386437117489601,0.0012524418243047741,0.0016959899741239908,0.1562216354152636,0.02937876120961933,2.4530136435624317,9.194317869560008,0.007296749975235823,0.5942930859927432,0.127,1,1,0.5,0.6666666666666666,0.483,0.65,0.27,0.5,0.05741245949356581
131,0.5811478062839025,5.566293445518687,0.6729783730330245,0.28169751624010453,1.1539705491996564,0.12811891178463514,0.026170437134246008,0.16224251720843716,0.0006166820855293386,0.0015169933930727917,0.12411435862700221,0.03456728562292035,2.683865197543791,4.440954632311967,0.058122434322738864,0.720342478679681,0.127,1,1,0.5,0.6666666666666666,0.483,0.65,0.27,0.5,0.0734726980068343
132,0.5158370090658501,7.448687308882863,0.2847382352647049,0.29237905523505464,1.1212475313755141,0.13209565799854459,0.03319449413008938,0.1684080869330701,0.00144705744904097,0.0014762899011186367,0.11523070457973533,0.027570007318297056,2.7500832849657293,13.341426909388144,0.011000162558845599,0.7336139018850703,0.127,1,1,0.5,0.6666666666666666,0.483,0.65,0.27,0.5,0.0761003555379857
133,0.24965119543275363,5.040029349556524,0.453462794958463,0.2917110629480079,1.1189459780440982,0.11652472758207387,0.03791853385743207,0.16257220767353253,0.0014617783777670574,0.0017578302785838176,0.14633049926817748,0.03445849811104312,3.464052995700686,7.933482035406076,0.10544908241889527,0.7701996757874179,0.127,1,1,0.5,0.6666666666666666,0.483,0.65,0.27,0.5,0.06594679626016295
134,0.7112124421207203,5.346829244506599,0.2644240383987981,0.24591499078307005,1.0315280821302004,0.12444042191869589,0.03525882571503443,0.15185642308974062,0.0010102343839009592,0.0018507702294035604,0.1611282241530791,0.02836377271311597,2.84163719887612,4.549541249268712,0.02131450069364358,0.6992001006154693,0.127,1,1,0.5,0.6666666666666666,0.483,0.65,0.27,0.5,0.07106336623682072
135,0.4683494907591188,4.430416204949762,0.5939740508331142,0.25336154155098783,1.1069012628078942,0.13938015424405018,0.023720160389035114,0.1587325031653566,0.0010896200702276637,0.0014220927115422767,0.15572194521103377,0.030421373071695547,2.5327262075768866,7.448844370325478,0.02806603701053026,0.5198305661426972,0.127,1,1,0.5,0.6666666666666666,0.483,0.65,0.27,0.5,0.08097660943527375
136,0.19151920179089896,3.883143128727948,0.629428149101366,0.14703855994957035,1.1624361458590096,0.09376674825215128,0.027557767934933863,0.19027178405312606,0.0009670806364013012,0.0014122162345714352,0.14256532645833495,0.02942679094904967,2.361228171405471,6.387146316748913,0.1497814985668273,0.8737685030965624,0.127,1,1,0.5,0.6666666666666666,0.483,0.65,0.27,0.5,0.05173433443945237
137,0.9669057266873758,5.691680511124658,0.43422892337379265,0.15142178315997865,0.9368265126107737,0.10738200579493067,0.03982906363691633,0.21339793655213157,0.0014829109154860958,0.001533870875714806,0.16115206067606277,0.03447897408877458,3.669998156060003,11.98883253981856,0.07906132428607972,0.6859724237094951,0.127,1,1,0.5,0.6666666666666666,0.483,0.65,0.27,0.5,0.06015003422071996
138,0.6173803733302474,4.24863613967007,0.2997499908970268,0.24233813846249289,1.1730563313694313,0.11487641491776598,0.023653486837509174,0.19261410377221494,0.0007411557764280088,0.0014825573044027589,0.16929030722740493,0.026401715499969818,2.567631181844396,5.566325573793689,0.103254617605608,0.6701821211303426,0.127,1,1,0.5,0.6666666666666666,0.483,0.65,0.27,0.5,0.06489286742206354
139,0.2627407309726494,7.291336586127155,0.6085298959346084,0.186656768742325,1.003754461810175,0.13413813870228533,0.02437921434422721,0.2174033921187835,0.0006880514346929367,0.0012942912809990191,0.16600491947253956,0.03147492336971366,3.8258893646869963,14.146356041984223,0.012550943483774755,0.6864260296821354,0.127,1,1,0.5,0.6666666666666666,0.483,0.65,0.27,0.5,0.07745931810718926
140,0.3026715817160365,10.04710424895157,0.20460873220485648,0.1794061495234269,1.1781940475803014,0.0920543817606824,0.0288192827397159,0.21105237871409427,0.0013889912516908067,0.0015210393066738383,0.13139047772475249,0.025066047344109818,3.0361397123513307,4.687168173770827,0.13490596444213837,0.8729287226637891,0.127,1,1,0.5,0.6666666666666666,0.483,0.65,0.27,0.5,0.050693774996785415
141,0.84239149689414,8.05938400308253,0.2279222219872317,0.21402009350334733,1.1406016492771474,0.12263161414289839,0.030649781154392257,0.22024319651557256,0.0009198760480880715,0.001376789632362142,0.16103607212481577,0.031004206995179313,2.6488899578556406,9.469514560049742,0.10312652540018474,0.7377564244732628,0.127,1,1,0.5,0.6666666666666666,0.483,0.65,0.27,0.5,0.06988604565635193
142,0.6617370331353316,6.344556660938439,0.5426889286476221,0.1502069426410488,1.1454776127874529,0.12336090184948374,0.03564478808067153,0.2292865903079837,0.001175033049054414,0.0015687854696842002,0.13988562764075235,0.032554113581545946,2.8046145739178048,8.166686708530534,0.07961084700273012,0.6000075087313272,0.127,1,1,0.5,0.6666666666666666,0.483,0.65,0.27,0.5,0.07036014142521342
143,0.2145607817886268,5.28415497838871,0.6419988291611597,0.23405531542689145,0.9641723568380868,0.10233290241579822,0.03296995435477084,0.15408607597571644,0.0014207173971648914,0.0015999349513077259,0.1366074953698258,0.03177055330687767,2.614526751983097,2.96791066409024,0.03720326967343286,0.5936410962341889,0.127,1,1,0.5,0.6666666666666666,0.483,0.65,0.27,0.5,0.056999361283930385
144,0.7809499199726201,8.681416478299756,0.4274964502788307,0.27677882943909027,1.1956319040770234,0.1041399099010065,0.03974982750005637,0.2347820577993116,0.0009589224882167125,0.0014461987017512226,0.1433623456350232,0.029288418212223458,3.7492525994657377,5.209257039168859,0.05310753304622683,0.8691744691929434,0.127,1,1,0.5,0.6666666666666666,0.483,0.65,0.27,0.5,0.05812286486023667
145,0.12983827492266822,4.5994159505768275,0.7229688313940765,0.2768390621137023,1.1866054765989213,0.11610174733886669,0.029322633645323923,0.20227384237358081,0.0009395644039002882,0.001953860089708946,0.12380392687227966,0.03894396233000216,3.148003712920371,12.387128317109,0.13391530309477753,0.6413785098238223,0.127,1,1,0.5,0.6666666666666666,0.483,0.65,0.27,0.5,0.06567596835343982
146,0.8766652345885336,6.592923094485258,0.6337421823864904,0.275337175960072,0.9869728973933731,0.12409828309672334,0.030733483802382323,0.2089539670115764,0.0008624966262674842,0.001721076566964623,0.14359365897423532,0.02956120842853709,3.2556573243463784,7.683816631431341,0.08575263438524082,0.7862424583811425,0.127,1,1,0.5,0.6666666666666666,0.483,0.65,0.27,0.5,0.07084030131569383
147,0.5783873712334207,7.342003150853255,0.4777979442342397,0.1652918528418449,1.0376765459557693,0.11485643465958836,0.02540135768591227,0.1932484932482638,0.0010699891861929273,0.0013708861298387359,0.15508447343186973,0.024973546229531157,3.429305558328867,9.12861022268786,0.016303135617653605,0.7173603266423425,0.127,1,1,0.5,0.6666666666666666,0.483,0.65,0.27,0.5,0.06488011615122372
148,0.7662606990577151,4.532531204961101,0.32847687354875704,0.26977820857225654,1.0376212347142038,0.13523878157899466,0.026816658242302716,0.2459120793381553,0.0007661584740290875,0.0016531456727295456,0.13569276077745088,0.03220799033150059,3.1110786367120897,12.822893995462564,0.07895447630344225,0.643771457038894,0.127,1,1,0.5,0.6666666666666666,0.483,0.65,0.27,0.5,0.0781942914981383
149,0.5016734114072854,5.09465424695943,0.7174881820474406,0.1809623844675494,1.140927425864463,0.11462443839753425,0.025716422960474154,0.24759288341700927,0.0013704608322286903,0.0017040737903638399,0.13693282549551844,0.031158508416845483,3.1581632200349596,11.534506473163706,0.09723893338568487,0.6405197667700333,0.127,1,1,0.5,0.6666666666666666,0.483,0.65,0.27,0.5,0.06473209978264607
150,0.4758751134054172,8.239402510603519,0.37850386616575027,0.16269859408406,0.9221599208716508,0.10889432917039651,0.03972002477819987,0.21753715721914826,0.0014206477122058435,0.001505194781492642,0.1449986572926528,0.03426577273571694,3.4461035304765026,11.813105421438902,0.04231890806055817,0.6432178617234733,0.127,1,1,0.5,0.6666666666666666,0.483,0.65,0.27,0.5,0.061100682407855086
151,0.4552353424160095,9.968592698625715,0.3364559250662443,0.24098036106373694,1.1021443106710211,0.1198232997573182,0.020347013415966612,0.24512356128855806,0.0005692939409462583,0.0011740423913256335,0.13887134623429115,0.025641072907409905,3.063549023481622,13.422743010923565,0.04464764430687323,0.7714418518288308,0.127,1,1,0.5,0.6666666666666666,0.483,0.65,0.27,0.5,0.06806775260256298
152,0.30387784879670077,5.330947364670405,0.30903175165830216,0.20600609329772426,0.9834408659400401,0.11100104520010823,0.029557681012669316,0.22314418832002872,0.0011874810813226546,0.0018981037634847218,0.14203503173900622,0.028279419054305525,2.3925271822802197,13.743139414070992,0.05022783376207221,0.7033360788873879,0.127,1,1,0.5,0.6666666666666666,0.483,0.65,0.27,0.5,0.062430357539112004
153,0.6089340704413755,8.68070311250702,0.35785006610439973,0.17321625130085805,1.2097487324583933,0.09387234513332754,0.037464130956597994,0.23409961379838448,0.0008044944746005896,0.0019303923617895373,0.14248863197084127,0.025041344419603213,2.3899969137783263,13.351188911549585,0.01025415086555795,0.7891940838331528,0.127,1,1,0.5,0.6666666666666666,0.483,0.65,0.27,0.5,0.05179863158858114
154,0.23557231000571832,5.654267813121639,0.6482438976218394,0.22661717928475114,1.0979267399504489,0.10866325548288777,0.03303050805610848,0.164748006244683,0.000863139474779572,0.0014961903527406478,0.1320774447402107,0.034057235876025216,3.6964241586109554,10.703862132713645,0.14813302184866967,0.7073884503206767,0.127,1,1,0.5,0.6666666666666666,0.483,0.65,0.27,0.5,0.06095522043229399
155,0.9981487908975415,6.514458102241757,0.5970776040363998,0.15797370928611265,1.2305002688842104,0.11377033328420295,0.03405353706099035,0.23510907205628645,0.0008402991240943551,0.001831006137135624,0.16668930572444182,0.025130702899628616,3.609160216847754,5.283534619384431,0.09372392691880158,0.7596883280017545,0.127,1,1,0.5,0.6666666666666666,0.483,0.65,0.27,0.5,0.0641878384109024
156,0.3908795953372273,4.5814984986379494,0.4514647584554593,0.23191289856282313,1.0218270080621197,0.11993417357881797,0.025217215361265085,0.2197506159182438,0.0006549130674346204,0.0017741157022517703,0.12139952780665941,0.03362178226360685,3.3497457860410975,1.6100766438813086,0.07569498587282096,0.6172351802931348,0.127,1,1,0.5,0.6666666666666666,0.483,0.65,0.27,0.5,0.06813931979755106
157,0.3867270107023824,7.055553327430554,0.37314440500380663,0.26983172795375676,1.1222808281599197,0.11614790568524248,0.0257084209846926,0.20736114015145585,0.0009435708924205644,0.0011883540147888329,0.12911453330136893,0.02992924544609753,3.082619253562071,12.539969831626497,0.09579659960757929,0.5742579567810808,0.127,1,1,0.5,0.6666666666666666,0.483,0.65,0.27,0.5,0.06570551025015724
158,0.388853484366413,4.179366157936519,0.7420305769432464,0.21558148480374284,0.9632631546949157,0.12442448186472581,0.03238769139877905,0.20360810277268607,0.0005787691445469823,0.0017828104040702249,0.14265829446593137,0.029386169871315808,2.844089172012295,1.2577253943338746,0.1344309274993688,0.6275962291583522,0.127,1,1,0.5,0.6666666666666666,0.483,0.65,0.27,0.5,0.07105296989671114
159,0.38883188763553284,5.601142609669049,0.3559833932966575,0.18239785265321626,1.1354839116401587,0.10558368407429354,0.021058888609874604,0.19431237769666243,0.0011314528722807542,0.0016382408063040118,0.13985563009511087,0.03077374934634874,2.640278742330218,6.490004079947089,0.11662277010225809,0.5865192656980676,0.127,1,1,0.5,0.6666666666666666,0.483,0.65,0.27,0.5,0.05902379137897106
160,0.6168705325209871,3.8780939752992674,0.35814972654061006,0.23150685505818153,1.0238079988009487,0.1374997902136926,0.037335927130049844,0.2133908414063591,0.0010655598690197997,0.001392397673441409,0.14705099272144748,0.02827059586974412,2.5439850229181404,6.628157775534043,0.11242945901724918,0.8779917100170774,0.127,1,1,0.5,0.6666666666666666,0.483,0.65,0.27,0.5,0.07971000392438135
161,0.6958237236931848,7.588468695208912,0.6803729575850953,0.19989658433945628,1.0558985147364257,0.11568906139848428,0.022485101513634424,0.23187075772443652,0.0013420142025198185,0.0011399510409146592,0.12412241753959075,0.027818627858131335,2.753924170975558,10.334198454217056,0.007900763444077436,0.6593759534943742,0.127,1,1,0.5,0.6666666666666666,0.483,0.65,0.27,0.5,0.06541198143576032
162,0.5495623042975291,6.416778176568737,0.24719906278544174,0.1542510038265409,1.1281261792836577,0.10572317239661731,0.02309637891079034,0.16784480343062594,0.0014983093447764216,0.001997703003210025,0.15891486901696722,0.03221700000649311,3.4095820155572936,7.4456273157837805,0.11596246154594372,0.70965618404066,0.127,1,1,0.5,0.6666666666666666,0.483,0.65,0.27,0.5,0.059110987299061606
163,0.9435403042989525,8.414835909788929,0.29174133007446845,0.22259772639442957,0.9316081812086731,0.1093407503854719,0.03791988583556435,0.2106881377198245,0.0007443082539922132,0.0014853525587969181,0.12393700287113969,0.03499770628857148,3.1751121350256946,6.962180375665765,0.09460060084085214,0.6665871182462139,0.127,1,1,0.5,0.6666666666666666,0.483,0.65,0.27,0.5,0.06138192043297923
164,0.2933024131268404,4.378948067402213,0.6613076620709758,0.23663619113032758,0.9525052182441245,0.11266855718092945,0.021674158767939815,0.18667252153574682,0.000815710766213811,0.0018316986901065,0.1404410117382707,0.0318261946891479,3.4278500764509197,8.094880569883381,0.12118658101338452,0.7018071940017631,0.127,1,1,0.5,0.6666666666666666,0.483,0.65,0.27,0.5,0.06348730121800886
165,0.4051295822796789,5.3483887237855985,0.7542335219535313,0.28564746455220696,1.0284053461288207,0.11543348812957142,0.02341470701353736,0.2489284336594863,0.001005709558055947,0.001392275616043163,0.15535921730463387,0.03485480512880465,2.84064260601937,9.629831355029957,0.10346318091728089,0.6752239616079795,0.127,1,1,0.5,0.6666666666666666,0.483,0.65,0.27,0.5,0.06524861984967398
166,0.023314648130616934,5.225321615384386,0.41973226421941784,0.1483726465519278,0.9331153492706394,0.10038300349351265,0.033162229724277605,0.17121285691159832,0.0007739504163955893,0.001471424765572603,0.12405514474042624,0.02565772113765689,3.0063620310300605,7.719228428157193,0.08953210070650196,0.7414147444012864,0.127,1,1,0.5,0.6666666666666666,0.483,0.65,0.27,0.5,0.05579207811954049
167,0.5133258780311889,5.667214341675477,0.5152210043725092,0.1836244504426598,1.0542455075963122,0.12271952054758076,0.02328197327009875,0.17133695160911003,0.0009155360801974871,0.0013339412007630565,0.1729207299596046,0.035241025440126805,3.7313777479147596,5.770948908237491,0.09561108590858201,0.5815821442284419,0.127,1,1,0.5,0.6666666666666666,0.483,0.65,0.27,0.5,0.0699431501223986
168,0.6456795857689537,4.911879715530469,0.6079859090707712,0.24948686090035826,1.0851256832870686,0.1268153312487119,0.02812335846235652,0.22657564581032746,0.0011657837595520806,0.0015864667794700156,0.13235221392514168,0.0250741809343406,3.411991149072136,11.276621573093497,0.09326041300640572,0.7480087430702648,0.127,1,1,0.5,0.6666666666666666,0.483,0.65,0.27,0.5,0.07261655855116318
169,0.5301254444003838,6.81050923508014,0.22127583616132837,0.23620992297454912,1.099678709324574,0.11086219416083651,0.0317187484779197,0.19776456162163147,0.0006927606391767594,0.0012736476619247164,0.15093018431322974,0.030353527033169604,3.6633093692620147,6.863069488997527,0.055202691761539274,0.7069165557618522,0.127,1,1,0.5,0.6666666666666666,0.483,0.65,0.27,0.5,0.06234252634000045
170,0.814763698033805,6.154986671078355,0.6930903305082485,0.2893263607103298,0.9839798955754843,0.11563110745657601,0.03551832599140804,0.1515239429338993,0.001353133339091029,0.001133386973146162,0.10729524464270974,0.030905001258951244,3.0460565300846927,11.819654320246064,0.004686383737718666,0.6059346216855745,0.127,1,1,0.5,0.6666666666666666,0.483,0.65,0.27,0.5,0.06537492919047824
171,0.29676084322164614,5.755836593298576,0.7067717397553364,0.2992624468849322,0.9732711857445638,0.13151418240236293,0.03187895457521827,0.17491831547748157,0.001046024195167636,0.0015549820310805074,0.16980358137581608,0.039463484505766144,3.1222389483768045,10.258817635382648,0.06477267219503859,0.8474826181794253,0.127,1,1,0.5,0.6666666666666666,0.483,0.65,0.27,0.5,0.07571464020342382
172,0.4196124843625151,5.036763890471784,0.6472251116422789,0.2958167578557023,1.0628942726720176,0.10722506929114672,0.026500253163282916,0.16361246804122598,0.000684228443710324,0.0015889011909830536,0.16667555228862413,0.03814564247145561,3.097032151454887,10.317370118708228,0.14657841683636372,0.8628510829981639,0.127,1,1,0.5,0.6666666666666666,0.483,0.65,0.27,0.5,0.06005156820768434
173,0.6898320066571536,6.900599544100289,0.36517647265948006,0.18090784393116272,1.1618909777408408,0.10380971266063066,0.02254736885274627,0.2149251984595019,0.0011200385756765959,0.0011171721339820059,0.1447284416467702,0.039227894367419955,2.5766342649071814,14.50525583902364,0.003014001517509926,0.7311337149401714,0.127,1,1,0.5,0.6666666666666666,0.483,0.65,0.27,0.5,0.057917227025983155
174,0.5724537652176791,7.655564056986013,0.31148002443135026,0.21999538989144685,1.1963365820735783,0.0950708329514075,0.03311663774399057,0.16284028056085695,0.0009826754466744536,0.0016840956169950916,0.1353945933388762,0.02461338668344841,3.0474374798125137,14.36617389832456,0.06580697886816282,0.6048841149569291,0.127,1,1,0.5,0.6666666666666666,0.483,0.65,0.27,0.5,0.052529433470179236
175,0.730447781203338,5.073089020447381,0.5120474965817428,0.15194933900182034,0.9568341870024579,0.11893492171504894,0.039614014248777966,0.21231163603992156,0.0012328123877816974,0.0015222035025359959,0.17139570602726462,0.03566243377939311,3.6226550750398627,9.000442733488526,0.10479864208511316,0.6222821466692525,0.127,1,1,0.5,0.6666666666666666,0.483,0.65,0.27,0.5,0.06749496980777134
176,0.6011993203945738,4.5261991721389485,0.6323690857158393,0.1536136671984244,1.2272567129851,0.122225476308011,0.02831680649756691,0.23840089607595738,0.000822040884695877,0.0014773141348981946,0.14556143642988306,0.03206807814660635,3.0359853980437532,11.217877324378525,0.10079462326145497,0.8901118265136843,0.127,1,1,0.5,0.6666666666666666,0.483,0.65,0.27,0.5,0.06962236486080788
177,0.578647279456622,7.949795101025141,0.24300940683507785,0.15814883857715584,1.21483741228331,0.09547433821694981,0.023228395519625866,0.19849861976792474,0.000527750588447143,0.0014209371263605786,0.10632696996571839,0.02868557683860836,3.683975983632041,12.317492496311928,0.04047227433461875,0.8122459949150211,0.127,1,1,0.5,0.6666666666666666,0.483,0.65,0.27,0.5,0.05277591463173394
178,0.2412306854930275,3.612381501344373,0.4180565581611582,0.17407417158259372,1.0033568021470218,0.13163684534704098,0.025457474732796637,0.20334748520799256,0.0009841627747309968,0.0016823833815742552,0.12479993689193976,0.030694050116937478,3.57760331733502,10.326406252183858,0.07116834216982074,0.7354155196810811,0.127,1,1,0.5,0.6666666666666666,0.483,0.65,0.27,0.5,0.07579596430461723
179,0.6584784296732354,3.8743070111917555,0.39011343168867507,0.19822700169275476,1.1128400727048067,0.13884561890446967,0.03141775272732777,0.20260390204430032,0.0011396589391427102,0.0018333985695348689,0.16491079393752528,0.03152151660373875,3.414853099942694,9.066345071209827,0.1472395664835075,0.6252105864740715,0.127,1,1,0.5,0.6666666666666666,0.483,0.65,0.27,0.5,0.08061598590942262
180,0.5653656302826237,4.903595458541286,0.5598109888783906,0.148452327025089,0.959404408003488,0.10182398747670603,0.038798792172003035,0.21434630203708,0.0009636052557832984,0.001393107146697746,0.14616887067326426,0.03272271769050072,3.3779137960189267,4.36345523377919,0.1399789682209631,0.7616554203379906,0.127,1,1,0.5,0.6666666666666666,0.483,0.65,0.27,0.5,0.0566837602301616
181,0.5441932007629356,6.443349189471476,0.5371667614252585,0.293580130600703,1.1134140801058052,0.11355312217632942,0.03610389939235085,0.1953750472042123,0.000550125801998734,0.0013992909337795056,0.16593025601851474,0.03063290189072984,3.297474202802457,2.798174149462499,0.02331807884672701,0.812381257767772,0.127,1,1,0.5,0.6666666666666666,0.483,0.65,0.27,0.5,0.0640495922638452
182,0.9217377950176285,3.7038033139699786,0.6640551995361664,0.2256778408137875,1.1454139734343582,0.1070218741589239,0.02043037000623489,0.19933674478540714,0.0013167754510256273,0.0017283607365577948,0.16972747755234924,0.033230804495955495,2.8970733475660326,2.8375695409566064,0.037612990103753095,0.7971490973675006,0.127,1,1,0.5,0.6666666666666666,0.483,0.65,0.27,0.5,0.05992412975296702
183,0.3609938608756275,4.588547261677826,0.5365347467672988,0.2980473622810794,1.2099669075917678,0.12563467505108958,0.02686239758673653,0.21034469335376188,0.0009474986421682272,0.0012653851523432892,0.12040093195269694,0.038572739736580944,3.1974193126130714,13.539920043547736,0.12191011146311088,0.8876018366039531,0.127,1,1,0.5,0.6666666666666666,0.483,0.65,0.27,0.5,0.07184335395415553
184,0.7769141890536464,7.3795323890120095,0.5390497819910947,0.2539628373662365,0.9240326588197492,0.11617398882845026,0.031167740218075796,0.22767971603467307,0.0014094268262092992,0.0018532388662910978,0.1640218204371554,0.035637218601011,2.80771293723309,9.343821282805408,0.044889343312466676,0.7405197690246377,0.127,1,1,0.5,0.6666666666666666,0.483,0.65,0.27,0.5,0.06572220513993281
185,0.23593845465704694,6.315056790703184,0.5919346644309754,0.23213503770629756,1.1156535928843376,0.12480899211650401,0.027475785735538764,0.193515850881403,0.0007816798318656063,0.0016558230557903921,0.14152233520799798,0.033353197484508025,2.661331733575566,12.585615581292233,0.03773702311878913,0.5818853243326505,0.127,1,1,0.5,0.6666666666666666,0.483,0.65,0.27,0.5,0.07130385881039489
186,0.6172385900690146,2.9855562493309318,0.4375500279237384,0.2624905731149282,1.0309816958920923,0.1391078062870606,0.0242436464717823,0.1933828973473199,0.0012609740132950818,0.0015283630916808368,0.1520626850809867,0.03985761938365785,3.675353204748249,6.2534266985262645,0.07564648826617597,0.7447074960062292,0.127,1,1,0.5,0.6666666666666666,0.483,0.65,0.27,0.5,0.08079281430529817
187,0.906797597970842,4.895550755888027,0.6819116417959556,0.1562768778067213,0.9158642637505178,0.11201404659310507,0.029326821976334367,0.186243872514584,0.0011911707594462807,0.0016204931294564156,0.1660777847066381,0.03134876547313093,3.0830431003519294,13.860993691857143,0.1396532626176189,0.6867230206806076,0.127,1,1,0.5,0.6666666666666666,0.483,0.65,0.27,0.5,0.06307196986807388
188,0.7017866050510411,2.69019582913401,0.38250409698992305,0.24242520143402402,1.1786125287228608,0.10524587296904442,0.020107616764848187,0.1760760544916027,0.0014786535517533055,0.0014538346497608658,0.1505935676290181,0.03105107949616201,2.940328525578964,2.9278407894463525,0.145307625233783,0.7994205516890629,0.127,1,1,0.5,0.6666666666666666,0.483,0.65,0.27,0.5,0.05881273401793611
189,0.8988348041097612,8.595812810776154,0.2428530907277074,0.2631130242171789,1.0660533371071326,0.10990758442428575,0.03234910801566015,0.2378785822425077,0.0010793978382231488,0.001334201731675548,0.13309380241436108,0.031339427050224015,2.6855133590983127,11.559792015588283,0.06555224819558825,0.8545346753273093,0.127,1,1,0.5,0.6666666666666666,0.483,0.65,0.27,0.5,0.061739423064961864
190,0.039634633899370386,8.00332454521899,0.46423938774590456,0.23142386337531418,0.9886859768665377,0.1111054013692605,0.03740614641689034,0.21592863698815012,0.0011529205893204947,0.001469758671246411,0.14117320424333615,0.025004852508018892,2.8336041377142998,7.500674965606629,0.015988215617080713,0.8266968359576756,0.127,1,1,0.5,0.6666666666666666,0.483,0.65,0.27,0.5,0.06249638682719423
191,0.19119931971555387,4.278758849258993,0.371452402100454,0.26896363334920337,1.0457862478549163,0.12566479138670897,0.030915304178192462,0.2227940807475741,0.0009297318730810641,0.0012755661952908366,0.16261437565200818,0.03447255511559285,2.5987859211289335,3.10611084403509,0.06493449047399955,0.8425599384483904,0.127,1,1,0.5,0.6666666666666666,0.483,0.65,0.27,0.5,0.07186305100649855
192,0.7737700208253528,10.403858491415004,0.22953835388347743,0.18387523975361367,1.04888662464858,0.10681842850758455,0.026910831339237693,0.21705549447148123,0.0012434383570257927,0.0013733910501330766,0.12896668573301795,0.024965171854544933,3.347415807591583,6.7212397403527735,0.09654473130011432,0.8805724287986275,0.127,1,1,0.5,0.6666666666666666,0.483,0.65,0.27,0.5,0.05979659227020428
193,0.4297797110899356,6.630315279149777,0.5181793791605425,0.26273252822309273,1.2026216849052018,0.10804343730008814,0.03010338883668593,0.22432274123154342,0.0006622058445281201,0.0015345917171771563,0.14995201929717017,0.027512361324357443,3.405915793046845,3.4440651057928453,0.09850673498647704,0.5682626485992625,0.127,1,1,0.5,0.6666666666666666,0.483,0.65,0.27,0.5,0.060565414179500836
194,0.2783498747760791,5.391187016883726,0.3544765410431252,0.22042914068849234,1.1965296028814771,0.11480462437607218,0.032965462567453765,0.1620783465534349,0.0007917740965640856,0.001975960244285379,0.14780785673050986,0.02644721173055282,3.2349518565268505,7.139769706635271,0.07963045934961226,0.7679436150137764,0.127,1,1,0.5,0.6666666666666666,0.483,0.65,0.27,0.5,0.06484705384681456
195,0.75083452527542,6.051857015098703,0.4042414707943166,0.17593890494554798,0.9955137584904733,0.1008554970166174,0.02424986968915304,0.15540093654445608,0.001168309521193258,0.0012653437343801896,0.13143107816939092,0.024298396538160065,3.37830505495315,6.335013280067818,0.07995308756029165,0.5754168026668518,0.127,1,1,0.5,0.6666666666666666,0.483,0.65,0.27,0.5,0.056084142583298066
196,0.9396472303232205,3.124988044172982,0.4483366022104112,0.24481281476791772,0.9105018580629656,0.12151646150885452,0.027563356023574466,0.2033685854688772,0.0011689539180791224,0.0015888439676418416,0.15461745942870547,0.02816401523358983,2.8848796464543076,1.479079496420288,0.08662552051680808,0.7518077995547743,0.127,1,1,0.5,0.6666666666666666,0.483,0.65,0.27,0.5,0.06916262865754276
197,0.42621735566418745,7.153800541458429,0.740987113296127,0.20659360817056244,1.065776646936616,0.11641563883882594,0.029992341611691946,0.22759733252585668,0.0009003152527442428,0.0013047123724967752,0.11101386144392131,0.03282463345719185,3.474904757324231,8.378416628677122,0.06051720804766791,0.8183754837712837,0.127,1,1,0.5,0.6666666666666666,0.483,0.65,0.27,0.5,0.06587692356043785
198,0.7209127403706411,5.923247685445062,0.5820426522942532,0.17503146245861823,1.0527987847553568,0.10724539332574744,0.03692959966376969,0.19104726574626194,0.0009858954594465568,0.0014261374128356223,0.1261907288699847,0.031545370346190864,2.541164863757191,3.929743648007876,0.12254913590524881,0.7849678374565844,0.127,1,1,0.5,0.6666666666666666,0.483,0.65,0.27,0.5,0.06006431808023088
199,0.421570572003826,6.267091627876442,0.7015951335780094,0.1705352432715393,1.2099718078572677,0.10343339320019607,0.0329330555987703,0.1546090976811784,0.0008686017310240621,0.001256495175654457,0.12220983588642156,0.032703771501439,3.1723398340467037,4.717650810991473,0.05303944899246983,0.5158846699384603,0.127,1,1,0.5,0.6666666666666666,0.483,0.65,0.27,0.5,0.057683050213854274
