Time,N,N_NonHIV,N_HIV,N_ART,PrHIV,PrART,IncR_apx,MorR_apx,CNR_apx,CumInc,CumMor,CumACF,IncR,IncR_NonHIV,IncR_PLHIV,MorR,DetR,CNR,PrLat,PrRecent,Prev,PrevA,PrevS,PrevC,Key
2020.125,,,,,,,0.006287694032894261,0.0009854751675026504,0.004210178404776707,210860157.1702335,29998505.46432998,0.0,0.0015720652653330894,0.0012366148326600306,0.003963063993557896,0.0002469045652113658,0.001284737122477497,0.0009786850764517882,0.6253885344429757,0.7834813767452417,0.008682096691546935,0.004379608160441433,0.0014422416407117486,0.0009406077313392177,0
2020.375,58645885.69906235,51430351.29101688,1796039.4766310547,5419494.931414409,0.12303564558768064,0.7510871163432559,0.006136547507528494,0.0009404096917498728,0.004938767208826526,210951409.51881695,30012686.232028276,0.0,0.0015351678674798387,0.001214014395768457,0.00381525968016337,0.00023597268441338112,0.001682016347153306,0.001281323835441468,0.6231341750104717,0.7818082079855874,0.008419248489980836,0.0042850865708352545,0.0011670526351508098,0.0008542790912279302,0
2020.625,58827141.45978896,51564258.24611984,1760703.5514083002,5502179.662260821,0.12346143350571663,0.7575751255239014,0.005948047890226158,0.0008620854632416157,0.005457044981980056,211040469.08795017,30026024.351327322,0.0,0.0014881147085845918,0.0011834179496263391,0.0036430596826080683,0.00021683155295534117,0.0018623076642902408,0.001418665878735141,0.6206702580882844,0.7772300833992221,0.008013531706719893,0.004185406910707283,0.0007479050756388887,0.0006447625670889642,0
2020.875,59007279.78506064,51697545.743562624,1726884.532177088,5582849.509320922,0.1238785124161693,0.7637554906411901,0.0057156160138571825,0.0007623884573291683,0.005070135915332851,211126669.9013173,30038054.367968548,0.0,0.0014292511820380382,0.0011426968698536048,0.003448258607799615,0.0001903379941397244,0.0016789762798428162,0.0012790079776240336,0.617872841061065,0.769311763291871,0.007465946425378079,0.0040729846934992485,0.0004210452234519945,0.0003800081268245617,0
2021.125,59186255.597045094,51830097.449446395,1694586.4359643839,5661571.711634306,0.12428828405164308,0.7696370303678752,0.005464652677371515,0.0006726041326613817,0.0039543769606993195,211209499.32556036,30048656.709765617,0.0,0.0013655877951592702,0.0010960535176355532,0.0032576702085542132,0.00016742945190220676,0.001258840582716408,0.0009589576500756892,0.6147247456352101,0.7600288986416502,0.00689922478586351,0.003945094186341548,0.0002997460855056892,0.00022542898951043153,0
2021.375,59364050.41187278,51961884.01212108,1663744.2323416017,5738422.167410092,0.12469106047169692,0.7752354996508304,0.005230162864199552,0.0006119229098887763,0.0035583956555373273,211288945.16439402,30058169.500043876,0.0,0.0013070875385135612,0.0010512348019551423,0.0030966540018753357,0.00015260647272273634,0.0011662922422533684,0.0008884563170973573,0.6113310075400831,0.7522550331129849,0.006446605651231678,0.003807030262444335,0.00028314163960608087,0.00019655203037990216,0
2021.625,59540660.178085856,52092973.73627117,1634208.422181028,5813478.01963365,0.12508572158149875,0.7805750235394118,0.005017748234080408,0.0005724427226583975,0.0034727590711688713,211365299.6873635,30066969.88036862,0.0,0.0012540026006999747,0.0010096616297183454,0.0029570510310184257,0.00014258240665107594,0.001041918146294557,0.0007937108088669866,0.6077878393127707,0.7458313296166907,0.006101724977584953,0.0036664542781721906,0.0003083106462207612,0.00019251960736265858,0
2021.875,59716136.90715012,52223491.18083611,1605834.9398255826,5886810.786488437,0.12547103872382084,0.7856785175113882,0.004845451517079232,0.0005710006623682285,0.002504030106619652,211438968.014028,30075482.922270954,0.0,0.001209748157935573,0.0009744038282519665,0.0028445055975854384,0.00014211951069408792,0.00037848373541991164,0.00028832075998571374,0.6042195213228845,0.7419360603779674,0.0059135305900853445,0.0035302166635941073,0.0005957959647673427,0.0002543414010556713,0
2020.125,,,,,,,0.0051027431634845365,0.0007573163461516004,0.0032664724419618025,164623015.53298658,22363116.733860403,0.0,0.0012760758520955887,0.0010597386794708678,0.0028020294850139467,0.00018999651066969002,0.0011078889937361693,0.0008342702420636938,0.5359812623577094,0.8224208921601859,0.006739828014666363,0.0031840717231789942,0.0012460817540257633,0.0007474561421844316,1
2020.375,58610411.79396844,51332860.46124163,1820495.9285125865,5457055.404214231,0.12416823410675551,0.7498477378887183,0.004977426812032392,0.0007204037679863306,0.003877656635481088,164697007.87953103,22373994.818575338,0.0,0.0012449638059221398,0.0010392184206567258,0.002690430123243499,0.00018064490965913403,0.001275785988576645,0.0009607011997857014,0.5336015131462084,0.8205321969010024,0.006526389909829926,0.0031156243989032967,0.0010184905582323383,0.0006810661698141321,1
2020.625,58791558.09117927,51465973.03695878,1784576.237240198,5541008.816980298,0.12460266902366009,0.756391301987266,0.004822003864918029,0.0006606704906557943,0.004524835610878302,164769175.81747,22384206.16410781,0.0,0.0012063862755015676,0.0010125244967670798,0.002563081971495043,0.00016622064554960703,0.0014895257926223113,0.0011216530271509382,0.5309746503035497,0.816782064053974,0.006211637816067236,0.003042166279011244,0.0006979382553009071,0.0005341732699071283,1
2020.875,58971587.62938634,51598538.22041789,1750146.1059410516,5622903.30302741,0.12502714790901054,0.7626292719790808,0.004626754855709715,0.0005814385597388912,0.004317972664961077,164838970.0838566,22393402.119509477,0.0,0.0011571511766198467,0.0009768356467515374,0.0024142712132345806,0.0001452163878015462,0.001406167453774129,0.0010588819535847641,0.5279737695233397,0.8103144717145044,0.005781639082991093,0.0029579360023086892,0.00040031933989181267,0.00032952264169363926,1
2021.125,59150455.18299036,51730473.43424447,1717180.7143656437,5702801.034380246,0.1254425130929444,0.7685734584649244,0.004407669773755144,0.0005066765783907046,0.0032810448293074932,164905868.21707875,22401435.860568482,0.0,0.0011015050350267309,0.0009347967462218822,0.002259464364374218,0.0001260424879363635,0.0010457405361900647,0.0007874707801917813,0.5245850714175272,0.8020605447035337,0.005316699032980245,0.0028597807402296824,0.0002739554241029852,0.00019201958725427795,1
2021.375,59328142.45379582,51861746.37760648,1685622.5006546997,5780773.575534646,0.12584914624630467,0.7742388049797918,0.004198014325946346,0.00045523793538547274,0.0028520366404481876,164969756.08048427,22408551.16466532,0.0,0.001049085820221671,0.0008937569447107795,0.0021241191873569722,0.00011348259497949445,0.0009444705660787649,0.0007112117660159362,0.5209456462683086,0.7944212184016161,0.0049349423312808945,0.0027514438572319435,0.0002528762188890838,0.00016059173036284656,1
2021.625,59504644.878606096,51992394.21263985,1655352.559744818,5856898.106221441,0.12624645826038974,0.7796462560488988,0.004007716240885433,0.0004213452637179046,0.0026700221742218854,165030854.7293594,22415063.1269466,0.0,0.0010015382632267685,0.0008555795924890729,0.0020081850970755325,0.00010508011850495976,0.0008817242441458819,0.0006639620961633432,0.5171631534853868,0.7877081467448923,0.004642807169568044,0.0026398062815150645,0.00025035258643085593,0.00015634031489082602,1
2021.875,59680014.99831797,52122515.381928794,1626250.3883664762,5931249.228022703,0.12663367488433408,0.7848163452314582,0.003850182032478669,0.00041682919276418094,0.0018382808229418027,165089500.99022985,22421295.157308474,0.0,0.0009610119481635052,0.0008223670575157893,0.001913972507068796,0.00010346586727082139,0.00030324022611388253,0.00022834805497121583,0.513364792034505,0.782639297966111,0.004468491480054344,0.0025309562098775485,0.00047197405112281535,0.0001941514237235428,1
2020.125,,,,,,,0.004965538114982305,0.0008332738068642747,0.0033341832193782154,166894209.70447025,25403976.417197246,0.0,0.001241782842312386,0.0009932838311194055,0.0030023126220822035,0.00020901851418046345,0.0011512716408588193,0.0008529341804847157,0.49567325135520135,0.7893364122383074,0.007094004758861643,0.00334580711629203,0.001179953329187649,0.0009413991413332821,2
2020.375,58653425.75494004,51398518.125546046,1808603.8613175983,5446303.7680763975,0.12369111498628801,0.7507061490362943,0.004837978441454002,0.0007926576686541171,0.0039461862540496,166966223.98639548,25415952.77379048,0.0,0.0012100637900340873,0.0009732053376491576,0.0028814903508892426,0.00019874428342361497,0.0013203206335609791,0.0009781762683938875,0.49332760291149125,0.7872902034728394,0.006860462057226598,0.0032703831828915344,0.0009530502253731086,0.0008592528495330412,2
2020.625,58834704.98947759,51532076.1507038,1773045.7201326983,5529583.118641089,0.12412110913243876,0.7572044589314747,0.004682234044007562,0.0007280892941465918,0.004629390090954302,167036384.27256322,25427201.952074833,0.0,0.0011713459702578706,0.0009473994103237099,0.0027455641742178,0.00018309446245236266,0.0015264530181472913,0.001130892056987015,0.4907775444607794,0.7828881483987548,0.006520072124554337,0.0031902561592322713,0.0006462623144079251,0.0006807934981081367,2
2020.875,59014866.64541012,51665052.74870864,1738981.9984837137,5610831.898217771,0.12454173523533864,0.7633978189210818,0.0044896225740027,0.0006420003181767584,0.00444314894682191,167104179.00926733,25437351.26162941,0.0,0.001122796199420678,0.0009132768599497076,0.002590047940359602,0.0001603768185901873,0.0014624632634325679,0.001083484436525974,0.48791216930081177,0.7751414460218413,0.00605644737660016,0.0030999133035603523,0.00036872574466444434,0.000425230019350441,2
2021.125,59193865.46920763,51797352.1712565,1706397.4554223313,5690115.842528801,0.12495405122341206,0.7692970475838918,0.004275805142158645,0.0005590249512560142,0.00333878168901232,167169129.62650827,25446226.26089418,0.0,0.0010684990545093767,0.0008729512358570367,0.00243285925884537,0.00013906755322245476,0.00107814731674309,0.0007987590985580955,0.48469973313390313,0.7653317583902249,0.005551924683004435,0.0029963286190631214,0.0002530683005789538,0.00024395911165828068,2
2021.375,59371683.14400168,51928934.62459148,1675240.2340896144,5767508.285320593,0.12535855689585834,0.7749164532805728,0.004073057284504702,0.0005009760166144971,0.0028492215937364227,167231154.42200842,25454072.454415947,0.0,0.0010178458173544984,0.0008334196123543121,0.0022999770604596615,0.0001248685591844818,0.0009582788256372232,0.000709953008319447,0.4812391595148959,0.7567079680623905,0.005136853894056773,0.0028831677721619844,0.0002343033486855471,0.00019780475285399816,2
2021.625,59548315.33704938,52059846.456427395,1645384.0678409757,5843084.812781014,0.12575450435896485,0.7802776383168584,0.003889925319681107,0.00046295564232666297,0.0026797202741315916,167290488.9450532,25461236.808807597,0.0,0.0009721087474178865,0.0007967331059532959,0.002187049173322065,0.00011541453800679815,0.0008837290668206431,0.0006547218750360644,0.47763039993722345,0.7495593558411384,0.004823276412394742,0.0027671439049840167,0.00023675406483856148,0.00019148234619161572,2
2021.875,59723814.38539795,52190202.06200801,1616694.9530177813,5916917.370372163,0.12614084349628982,0.78540242268661,0.003738987887218567,0.00045685740465144036,0.0018665024231222587,167347469.7686342,25468081.45616176,0.0,0.0009333097445663775,0.0007649747332545735,0.0020955120638959913,0.0001134640855827762,0.00030775373924210017,0.0002280032566215684,0.4739868828945455,0.7447308005281303,0.004641095637829523,0.0026541797969774792,0.0004604693153882287,0.0002363797360495972,2
2020.125,,,,,,,0.004312592337467661,0.00070603081082709,0.002799591094751081,146546434.14272642,22137218.58587849,0.0,0.0010782566409092622,0.0008613412834803828,0.0026125152685772374,0.00017689571588913532,0.0008819574233768656,0.0006584560231984093,0.5582133003734093,0.7816633628220014,0.005196429414741468,0.0023027960558906855,0.0008884041656427883,0.0006926601008852055,3
2020.375,58566706.886518896,51312134.659074485,1817160.4143310466,5437411.813113353,0.12386853577922928,0.7495151530152749,0.004205139178496882,0.0006756586599205537,0.0033183059234959326,146608905.38633272,22147374.339995794,0.0,0.0010518288809156383,0.0008447089176940725,0.0025109661389053958,0.0001693905570463214,0.0010892695575665942,0.0008132321153552125,0.555922418662004,0.7794178192076353,0.005033512138741383,0.002250570398301401,0.00072286133197612,0.0006352274331010669,3
2020.625,58747718.09101823,51445228.98220474,1781230.4923985843,5521258.616414901,0.12430251499300263,0.7560789936339939,0.004069099271250515,0.0006208604728789797,0.0035301194400800895,146669809.00436252,22156950.950810753,0.0,0.0010184476522632703,0.000822454211672096,0.002393839574677569,0.0001561562128863783,0.0013366979473038298,0.0009979583948950428,0.5533751387760322,0.7746621595782285,0.004770159582517695,0.0021947880727853017,0.00045453150293729954,0.0004691833180665356,3
2020.875,58927613.363518536,51577776.741095364,1746792.287549488,5603044.334873687,0.12472652807237873,0.7623359025124036,0.003897758162904468,0.0005510067283012877,0.0032443039916556496,146728620.31636038,22165617.97367742,0.0,0.0009746488645837056,0.0007916091281230304,0.0022542710830883816,0.0001375847626449066,0.0010905263031567886,0.0008141703825338438,0.5504443446309382,0.7661349628161861,0.004408775245032769,0.0021298977256658594,0.00024507904882672884,0.0002692452245248417,3
2021.125,59106347.53245582,51709689.51535098,1713825.7846803223,5682832.2324245125,0.12514151738175439,0.7682972795663818,0.003711150684551739,0.0004900976382572798,0.0026399261491733936,146784915.537412,22173302.371500194,0.0,0.0009274441366684391,0.0007570617768846642,0.002114174152551885,0.00012206792346982461,0.0008574928469838336,0.0006401911418629133,0.5471667288277738,0.7561439536843175,0.0040419361878678665,0.0020541229338090937,0.00018346339137354956,0.0001676631157012195,3
2021.375,59283902.30439849,51840943.74551137,1682262.3232894863,5760696.235597639,0.12554771648921811,0.7739793510900564,0.003534263231703181,0.00044714602756269815,0.0023578931324132815,146838665.30800834,22180237.017999932,0.0,0.0008832289311716267,0.0007237636657901542,0.0019899189570595785,0.00011154725308119506,0.0007883048729949471,0.000588536450832884,0.5436886581819871,0.746844910915743,0.0037485047993517455,0.001971725338938837,0.00017261139647923012,0.00014478145653420608,3
2021.625,59460273.26344079,51971580.272154436,1651980.074402913,5836712.916883433,0.12594447654331212,0.7794034184169233,0.0033731936747803375,0.0004175599615074664,0.0022690400437157896,146890058.849405,22186657.124593746,0.0,0.0008429549250149119,0.0006927926236028292,0.0018814331855242766,0.00010409205437727484,0.0007124048703505791,0.0005318706611053295,0.5400980241327333,0.7384535121900955,0.0035235428899674914,0.001888059675877235,0.00018240121653484643,0.00014136895299565906,3
2021.875,59635512.76575583,52101691.24755475,1622866.46409444,5910955.054106649,0.12633112668609756,0.7845892074594907,0.003240930790572134,0.0004124374747374182,0.001629264991752919,146939387.24202517,22192830.54003317,0.0,0.0008090118706159258,0.0006662789916026135,0.001792759111008425,0.00010264640241914323,0.0002594235906224873,0.00019368171442032817,0.536525560782853,0.732134711704536,0.003397775826880796,0.001807785339577673,0.00036257329094141347,0.00018374595506242598,3
2020.125,,,,,,,0.0052315287667875545,0.000939058928380992,0.0036509215866917166,168411356.59555003,27525183.129084103,0.0,0.0013081821532737814,0.0010668074707940207,0.0030231568424772684,0.00023544969497089956,0.001149140658509356,0.0009118753629784101,0.5741864644100099,0.7980353824283895,0.007592576678837015,0.0033451983397080193,0.001451717494937889,0.0011578569024567854,4
2020.375,58587516.99834012,51358980.25667188,1807551.941464596,5420984.800203647,0.12338015181413199,0.7499422073840856,0.005107448153743855,0.0008961631552992827,0.004391430886045046,168487218.98268574,27538684.941192403,0.0,0.0012775808823981068,0.0010472854934653819,0.002907354451551267,0.00022476650659595417,0.001400213428159861,0.0011111086520138147,0.5720417211198041,0.7961492937234107,0.007356992814720053,0.0032752259953030063,0.0011899287986675993,0.0010780912978807353,4
2020.625,58768592.39524011,51492445.033145554,1771851.5986741195,5504295.763420444,0.12381013506602016,0.7564849211404562,0.0049497575790599345,0.000821825470171391,0.005184724436149893,168561267.03988057,27551385.967126552,0.0,0.001238613713833422,0.0010209609339057583,0.002772962557180575,0.00020683868143014204,0.0016993780391982545,0.0013485041668804681,0.5696734157361928,0.7918479144618179,0.006986937921249072,0.003200190155294215,0.0008022915698579036,0.0008687706729615778,4
2020.875,58948551.468946494,51625318.47106375,1737662.9276456442,5585570.0702371,0.12423092366808283,0.7627191531188441,0.004745776124736605,0.0007192436952942065,0.005012321494268141,168632869.33248448,27562797.246781737,0.0,0.0011871004189312059,0.0009841496265316557,0.002612395578562894,0.0001797766821090004,0.0016136980215607974,0.0012805146682888684,0.5669375392263389,0.7838916877956128,0.006457721778249177,0.0031131096607184394,0.00045469944427780154,0.0005491352696432728,4
2021.125,59127349.15124759,51757490.5941108,1704984.7536638002,5664873.80347299,0.12464381818107072,0.7686543452027671,0.004513456327168107,0.0006202853653631654,0.0037997299414475414,168701410.38854474,27572686.579751506,0.0,0.0011279326931045801,0.0009397056370629977,0.002444927031556346,0.00015426949454549227,0.001151617299618839,0.0009138406472056058,0.5637900022147824,0.7735670652935324,0.005876063927372286,0.0030098783406888215,0.00031285684176354084,0.0003198900329193792,4
2021.375,59304967.026582435,51888915.54543544,1673769.8476260765,5742281.633520914,0.12504941580732815,0.7743044459870435,0.004290363321260933,0.0005510824631608585,0.003218595620342585,168766741.86355495,27581344.759344164,0.0,0.0010721156306585792,0.0008959561709429931,0.002300211766848459,0.00013731035039155377,0.0010094053854194656,0.0008009915021328935,0.5603449343116582,0.7640833930304638,0.005399169274407349,0.0028944617270709252,0.00029043943722498216,0.00025600904369682065,4
2021.625,59481400.162487894,52019645.09006871,1643883.9338898184,5817871.138529364,0.12544686325533,0.7796920539557655,0.004089051411388389,0.000506742914740105,0.0030658340432619903,168829106.10114744,27589191.604152344,0.0,0.0010218053451794727,0.0008553977847959634,0.0021778248745938375,0.0001261598034290597,0.0008888607571736004,0.0007053359565544517,0.5567223561916592,0.755927553696371,0.005044101421485136,0.002774697257941065,0.0003091462295456944,0.0002443744034103384,4
2021.875,59656701.37163874,52149802.72114354,1615182.906830233,5891715.743664961,0.125834960329604,0.784840187402332,0.003925150951696974,0.0004999740261268989,0.0021185817217531377,168888896.98712635,27596673.96122655,0.0,0.0009798316909096897,0.0008207930956991379,0.0020808786189096097,0.0001243242776289187,0.00029482044553695347,0.00023394829762297834,0.5530604312029068,0.7501854227923804,0.004847853852795398,0.002657842832558583,0.000568817039219629,0.0002898733625983335,4
2020.125,,,,,,,0.005166574316973626,0.0007609070134492156,0.0034974114387340744,175014790.12952068,23444716.26730534,0.0,0.0012918098049706733,0.0010175333495933828,0.0032348197198114556,0.00019072062685505906,0.001117078318864244,0.0008202165090162993,0.5493471522069001,0.7643145766352129,0.006739531057942323,0.0030100426280418556,0.001226041773356968,0.000840233269901305,5
2020.375,58579118.879428044,51332931.24159755,1814044.4906053096,5432143.147225184,0.1236991572499604,0.7496553248035357,0.005036560705726955,0.0007257344023527167,0.004189426491450323,175089639.28793278,23455648.739570506,0.0,0.001259785977465444,0.0009975805045123872,0.003109916563330605,0.00018197187780735852,0.0013650159811675062,0.001002265126731114,0.5472532854214078,0.7623546309027336,0.006529669233201455,0.0029418838901718435,0.0010160170716308676,0.0007731953578944385,5
2020.625,58760168.80116485,51466235.72315082,1778181.929759367,5515751.148254657,0.12413056713120657,0.7562108247031619,0.004872811782817031,0.0006617139836821906,0.004675795786989555,175162588.51206002,23465906.781539164,0.0,0.001219428003988314,0.0009710576593025224,0.0029651601853291775,0.00016666726491912283,0.0016570131453299956,0.001216664502842153,0.5449691809943927,0.7574434396914445,0.00620062652769552,0.002869185464575953,0.000663979956557288,0.0005925057534336458,5
2020.875,58940102.51542894,51598968.65370025,1743826.9053234411,5597306.956405244,0.12455244474349146,0.762458097322747,0.004665005399265476,0.0005752151165630229,0.004266511617847217,175233008.5158943,23475062.309903655,0.0,0.0011665782993504129,0.0009341484900469753,0.002794091644979374,0.0001435695641506499,0.0014606935060760549,0.0010725164995724114,0.5423705063680873,0.7480782529119973,0.005734666786104943,0.0027851156488251675,0.0003589752650696121,0.000346140076911544,5
2021.125,59118874.52532909,51731020.388119906,1710978.784232567,5676875.352976607,0.12496608226267733,0.7684065288166472,0.004437940789649078,0.0004968277402159642,0.0032711989122699413,175300369.3596841,23482969.5036429,0.0,0.0011089175271769768,0.0008911657676463087,0.002628012104581234,0.0001235607584964766,0.0010788134598570555,0.0007921204762291079,0.5394373543146638,0.7368103753562756,0.005241513341073678,0.002687017881894918,0.00025269689448485154,0.00020089463382929224,5
2021.375,59296466.92821083,51862355.03644952,1679579.8922602786,5754531.999501023,0.12537191972603778,0.7740712116370433,0.00422713709797686,0.00044444132780389314,0.0029161352314435217,175364659.10880825,23489926.911178425,0.0,0.0010563573083928967,0.0008498564941608737,0.0024917617379727587,0.00011077484612595976,0.0009914405931792313,0.0007279668117284684,0.536276903145971,0.7272097421213966,0.004848690980078689,0.0025803856100296858,0.00023752393367905024,0.00017305632061884673,5
2021.625,59472875.58177167,51993030.27483828,1649489.3387198644,5830355.968213524,0.12576902047806726,0.7794754742867633,0.004037267837153533,0.00041057550081259684,0.0027880100599920583,175426161.32753855,23496270.803709038,0.0,0.001008913573657453,0.0008116595316401424,0.0023752278467380717,0.00010226111229873249,0.0009009017992927255,0.0006614885602058844,0.5329798261367946,0.7191198030532503,0.004552194162509565,0.0024724633449584,0.00024768643812861705,0.00016862671958335173,5
2021.875,59648152.48795282,52123160.414701596,1620571.0470105917,5904421.026240634,0.12615633107447968,0.7846414944713141,0.0038837868463960697,0.00040893378708834426,0.001982839579768434,175485248.0959661,23502361.483648613,0.0,0.0009694320907508727,0.0007792190738833977,0.0022824894900895175,0.00010166222865421365,0.0003140543007867524,0.00023059486329901703,0.5296584139399115,0.7138386217406859,0.004388926860930889,0.0023691074595659665,0.0004833348664549263,0.00021861913768474043,5
2020.125,,,,,,,0.0031278160498350725,0.0005386912842301494,0.0020113921912616427,115531950.58853263,18200362.60873707,0.0,0.0007820370151221738,0.000589126851473203,0.002143121265684179,0.0001349550474749301,0.0006372294294302931,0.00047433813655263545,0.3729791385792013,0.7363467940141998,0.0038619469755402877,0.0018850476446993004,0.0006313289963516855,0.0003939956556073767,6
2020.375,58583626.50090773,51311157.00418591,1822091.8164997038,5450377.680222105,0.1241382606556309,0.7494534948106633,0.0030401536683817274,0.0005144557188298464,0.002346375529731742,115577200.81705067,18208104.761838697,0.0,0.0007604208027229837,0.0005761616059315559,0.0020552916132533113,0.00012895754450686187,0.0007839390313200921,0.0005835452069746784,0.37079759582091165,0.733937533621728,0.003730253401592364,0.0018367439803278745,0.0005095665484386359,0.0003542259444996871,6
2020.625,58764689.85625541,51444214.64513825,1786109.4496748815,5534365.761442273,0.12457268521324291,0.7560118164238263,0.002932229874746126,0.00047280789621604387,0.0023584214088646933,115621172.11306806,18215392.47176884,0.0,0.0007338530124474346,0.0005594288513547892,0.0019548567188654785,0.00011870918396135024,0.0009402981917637802,0.000699935174814045,0.36842864509111184,0.7281947060827567,0.003525518266304724,0.001786054745560932,0.00031551847980640087,0.0002456706184109804,6
2020.875,58944636.96248623,51576739.92354739,1751605.58499273,5616291.453946111,0.12499690249391045,0.7622651923967433,0.002804909841954583,0.0004235915462144327,0.0021576545678692206,115663527.74169481,18222018.016460232,0.0,0.0007011528749116972,0.0005375663498767408,0.0018419629846291108,0.00010577566955523619,0.000717064881712604,0.0005337657114847711,0.36580582510283666,0.7183385846916656,0.0032641883736137522,0.001729349140585491,0.000170314735644005,0.00013567946811569778,6
2021.125,59123422.77164261,51708657.184464306,1718544.6387810367,5696220.948397273,0.12541164295945764,0.7682267067548619,0.0026745066246059565,0.00038282249111774814,0.0018423415555304996,115704072.04640378,18227973.997191586,0.0,0.0006683535234381968,0.0005143565474843095,0.001738332600383498,9.541388983581204e-05,0.0005985621892289612,0.0004455551805000184,0.3629721890039417,0.7082003340387915,0.0030136317234065535,0.0016663667833753625,0.00012987283778237706,9.097805237219786e-05,6
2021.375,59301028.83740273,51839952.21724282,1686848.882240627,5774227.737919278,0.12581698440034494,0.7739134754784928,0.002553304903193618,0.00035319184445847676,0.0016502214350113372,115742865.48398769,18233424.443790004,0.0,0.000638104408796585,0.000492091091407384,0.0016489767121613376,8.814687399561646e-05,0.000553771630016689,0.0004122141742458575,0.36001616720258844,0.6994366992046095,0.002812712386866518,0.001600421300797278,0.0001213949349412331,7.925487681112543e-05,6
2021.625,59477450.833461255,51970658.675063126,1656407.996651788,5850384.161746336,0.12621240576394877,0.7793454298852934,0.0024429366933422887,0.000332447918439201,0.0016370826236625704,115780050.79875877,18238516.591743853,0.0,0.0006104967736869467,0.00047135279202470035,0.001570458838738029,8.283851601856468e-05,0.0004852635096585513,0.0003612183905474893,0.35699052669197373,0.69195173257814,0.0026563270489547187,0.001534677070933235,0.0001364960113590737,7.808896911117084e-05,6
2021.875,59652741.031597316,52100858.363845274,1627122.9871104527,5924759.680641594,0.1265974125774356,0.7845407484866559,0.002352621952385255,0.00032882445609212546,0.0012120242083251249,115815830.33320981,18243438.46700515,0.0,0.0005873818002687934,0.0004536960999958231,0.0015065764047728612,8.193975772896661e-05,0.00019029566258071292,0.00014165147718195797,0.35398592948767293,0.6873116778423817,0.0025700735981859157,0.0014720171483080559,0.0002670429564134851,0.00010916151544181508,6
2020.125,,,,,,,0.0049715818052161135,0.0008176323336610441,0.003350072389929822,169727084.41907072,25520173.99634558,0.0,0.0012430410578494592,0.0009840520064911176,0.0030770186283550806,0.00020487851694536995,0.0010501462862644905,0.0007916140318879645,0.5431439593839062,0.7803588019430417,0.00653703706788647,0.003187728327119594,0.0009587618099843344,0.00083049913615598,7
2020.375,58697534.61369117,51434151.31467573,1805183.5792631675,5458199.719752278,0.12374256170754512,0.7514679447650986,0.004848648157748445,0.0007819733190086184,0.003929615688630822,169799270.62214366,25531959.41422724,0.0,0.0012128096817104225,0.0009653120412747118,0.002958498729269483,0.0001960797860775164,0.0012942135128428604,0.0009755951055824617,0.5407526103622362,0.7785455655085177,0.006335694754379037,0.003116536442649121,0.0007690869274410426,0.000755935194696455,7
2020.625,58878950.014510676,51567842.987896025,1769781.776376556,5541325.250238093,0.1241718309313062,0.7579324485424693,0.004691464540941191,0.0007166708426022143,0.004048474467963161,169869650.19765455,25543051.21905812,0.0,0.0011742477922251466,0.0009400931154827524,0.0028194696532539178,0.00018013500475571042,0.0015740961567236836,0.0011865743101708139,0.5381226023312904,0.7739119518929142,0.006009612705253599,0.003041027860278092,0.00047396376280494154,0.0005416358060839299,7
2020.875,59059246.99574741,51700956.30146278,1735866.5778304539,5622424.116454182,0.12459167816370015,0.764093775314049,0.004497155776896543,0.000635518996028716,0.003682180087476136,169937628.46004006,25553070.075706907,0.0,0.0011243780449790492,0.0009054892521180828,0.0026565544417207383,0.00015866530264452606,0.00124317686067986,0.000937123008388316,0.5351375768456724,0.7654851418922058,0.0055737783447359635,0.0029545761239501284,0.00025471870775948125,0.00030190766798274287,7
2021.125,59238380.430169106,51833391.93494311,1703427.5084133395,5701560.986812661,0.12500322327270727,0.7699621667864116,0.004292316098569738,0.000567371599289946,0.003079702569385884,170002797.5883258,25561968.264213648,0.0,0.0010726330662889003,0.0008675863743777955,0.002502641375173329,0.00014132985319177771,0.0009952378022371126,0.0007502232970974891,0.5318288165818217,0.7563539325127773,0.005145054089904719,0.002855656782501539,0.00019574840297618582,0.00019396348091055152,7
2021.375,59416331.82738168,51965131.543128595,1672389.7568304199,5778810.527422661,0.12540660210900528,0.7755543143344639,0.004101626617999357,0.000519946755265879,0.002791578694679066,170065206.2148692,25570032.0723197,0.0,0.0010250403925072809,0.0008312805223386821,0.002371490487127683,0.00012971829337558554,0.0009252628401417558,0.0006974752537055542,0.5283202891609248,0.7484733603477322,0.004804365857925781,0.002749590462439927,0.00018614896630265125,0.00017040535977291458,7
2021.625,59593096.36739829,52096228.486372784,1642620.0439899056,5854247.8370356,0.12580094571368558,0.7808924913633118,0.003928484630274641,0.00048707579532356927,0.0026399607422850206,170125088.89487037,25577528.95501885,0.0,0.0009817848260050008,0.0007975229944154561,0.0022577694888950756,0.00012152593874505196,0.0008630018388595637,0.0006505420950599811,0.5246927823846605,0.7417344274764421,0.0045410209437897866,0.0026422938387926707,0.0001875619040057313,0.0001668141496910469,7
2021.875,59768726.87061435,52226784.3790048,1613999.1325504654,5927943.35905909,0.12618542984755454,0.7859968921340826,0.003785915899187428,0.00048189053195969007,0.0018912893841352514,170182754.32318008,25584752.90850459,0.0,0.0009450739178993406,0.0007683528056178668,0.0021647039575762505,0.00011985424734835902,0.0003149837515238956,0.0002374388795014098,0.5210589750166594,0.7370850039816557,0.004388286707116475,0.0025387380586993262,0.00038881651633452526,0.00021775367313449058,7
2020.125,,,,,,,0.0016779545853148922,0.0002506489428839105,0.0011357918410846149,69562980.52214587,9387409.465618152,0.0,0.0004195730759252984,0.00029743346958270665,0.0012737738187418631,6.287389702768693e-05,0.0003823737220078093,0.0002789413221512715,0.19743527947652495,0.6862599348134379,0.0021062062241945837,0.0009100041701409973,0.0004459432260694127,0.00019144692642051903,8
2020.375,58535811.821271315,51213016.01654748,1845945.5444491548,5476850.260274688,0.12509941481776482,0.7479179272951516,0.0016243943393203467,0.00023618333001362987,0.0013104635836020482,69587190.11396128,9390989.781896241,0.0,0.0004063430329480452,0.0002897797242496216,0.0012182780554546825,5.927200165186848e-05,0.0004658301321282108,0.0003398227060989345,0.19611330958733206,0.6826312662966273,0.0020223226971768597,0.0008838113195574757,0.0003594784122615336,0.00016902003445759534,8
2020.625,58716727.195011005,51345452.77505281,1809319.7836275557,5561954.6363306455,0.12553959956719996,0.7545445087855221,0.0015608643682188258,0.00021286520556166964,0.001399035708984074,69610619.91970682,9394306.816290893,0.0,0.00039052350893340674,0.00028008270339105695,0.0011568145181810165,5.354833275126892e-05,0.0005188776831774659,0.0003785208518525113,0.19469155848373398,0.6746867941153759,0.001899236892644901,0.0008562195445965095,0.00023467697117735068,0.00012093573396142353,8
2020.875,58896527.230073795,51477405.66837834,1774163.448903109,5644958.112792339,0.12596874400952948,0.7608661033318249,0.0014875623293187858,0.00018480041755697548,0.001278677508167837,69633105.34981376,9397245.784986421,0.0,0.00037190553676295663,0.00026787740841654795,0.0010909671513143705,4.6112887800345394e-05,0.00044448000673371333,0.0003242478068239508,0.19313354529353663,0.6619356437575167,0.0017426046635356095,0.0008256372104804574,0.00013132671483382538,6.870347241626629e-05,8
2021.125,59075167.11692272,51608813.51459876,1740425.949601303,5725927.652722652,0.12638734626931147,0.7668974653089584,0.001412220933534185,0.0001606399290738044,0.0010153711299496183,69654544.96036103,9399792.052599365,0.0,0.00035287615056953494,0.00025453211617078243,0.0010301430697239487,3.99713690996372e-05,0.0003387533607600359,0.0002471203037629915,0.19145246893575302,0.6480825067689499,0.001587435923124908,0.0007920107614034673,9.184125341739791e-05,4.2349717515935715e-05,8
2021.375,59252628.22326431,51739657.3433512,1708034.931381165,5804935.948531939,0.12679557186230084,0.7726551907784154,0.001342801858357696,0.00014432419946523573,0.000917258960984386,69674970.86944288,9402045.47914619,0.0,0.0003355770780499045,0.00024184306954292634,0.000978785495342947,3.5983236873526305e-05,0.00031405247995510154,0.00022910103111587453,0.18969916026303046,0.6367527997231499,0.001465221686977721,0.0007571036625536119,8.536613033382123e-05,3.754697427183222e-05,8
2021.625,59428906.530302085,51869958.320435956,1676893.6335407454,5882054.576325385,0.12719312286205223,0.7781578088665799,0.0012795694111211403,0.00013330507459130501,0.0008597983382257566,69694472.34818341,9404105.539420154,0.0,0.0003197765490801768,0.00023010499000523943,0.0009329721834732534,3.3247338000629366e-05,0.000292039056620786,0.00021304225652824893,0.1879063240822563,0.6273108279448799,0.0013721152626529763,0.0007226870064595415,8.412055941584308e-05,3.675214587646979e-05,8
2021.875,59604053.9268964,51999788.86444257,1646912.2902301296,5957352.7722237,0.1275796621447991,0.7834225560650452,0.0012262211369043607,0.0001317890341619625,0.0005994192395379931,69713151.43738285,9406074.107493589,0.0,0.0003061019450946323,0.00021988729799669822,0.0008936768074972113,3.2711967552244026e-05,0.00010185416491073907,7.430253124510035e-05,0.18611522745882936,0.6210053079031375,0.001317467089132702,0.0006900334194338393,0.00015722252735270035,4.853122449161176e-05,8
2020.125,,,,,,,0.003356245675940536,0.0005012553623933757,0.0023306230995733053,118563707.22703794,15901833.463508666,0.0,0.0008391488947668378,0.0006478576492788351,0.0021837209439415015,0.00012562938776748898,0.000737340644208532,0.000542544858201412,0.3621608695342991,0.7508543103146872,0.004675022724391223,0.002234317951145961,0.0008710055119503077,0.0004647220641472024,9
2020.375,58599186.23279847,51300677.7275151,1830187.9244501009,5468320.580833263,0.12454965630902097,0.7492380911627035,0.003264016162631559,0.0004750890969760508,0.0027208114794744294,118612293.60151324,15909019.8063499,0.0,0.000816588355222392,0.0006339629654738146,0.002095140923479914,0.0001192730569759909,0.0009606579962912401,0.0007068646770955877,0.36019865255470707,0.7487056297592359,0.004516360626485569,0.0021793447176015595,0.0007069456382179136,0.00041775708112638116,9
2020.625,58780297.664206244,51433639.63966859,1794034.9936192674,5552623.030918387,0.12498504288812642,0.7558025720501437,0.0031506799734125368,0.000429693629499962,0.0029566795163748034,118659532.33978167,15915713.93747342,0.0,0.0007882961216374456,0.0006156073545587862,0.0019925987660742296,0.00010816358228321695,0.0010576314437655565,0.0007782190039221258,0.3580760116442725,0.7431004029138968,0.004274669309974846,0.0021214545422095195,0.000454413436749575,0.00030811540194077144,9
2020.875,58960292.54997988,51566070.52224391,1759366.0811821115,5634855.94655386,0.1254101991008268,0.7620620432301504,0.003014003054330542,0.00037280031801568557,0.0027024550207373414,118705055.80077678,15921653.006473351,0.0,0.0007536254790071157,0.0005916884921215474,0.001878680062436574,9.301425184516483e-05,0.0009307424369873356,0.000684852418571757,0.3557148978473178,0.7335952254766088,0.003953786522114764,0.0020565886880269876,0.00025375491283728457,0.00017713883389152633,9
2021.125,59139125.84431934,51697886.859423414,1726152.7161091832,5715086.268786751,0.12582598877914777,0.7680288565368092,0.002869572327514002,0.0003227741362179279,0.002104131995010793,118748606.50605345,15926784.536675097,0.0,0.0007170426170995474,0.0005648003011567839,0.0017708459812006791,8.028552682758398e-05,0.0006951834005168143,0.0005115250087186732,0.35312146358236,0.7227648031352609,0.0036275712441155277,0.0019837284116403413,0.00017799961873990184,0.00010538284044667192,9
2021.375,59316779.08192484,51829066.16099401,1694324.9337135884,5793387.987217253,0.12623262821788173,0.7737192983217421,0.00273603762724939,0.00028969826688322463,0.001902820201655507,118790212.39020139,15931313.810309691,0.0,0.0006837601072694195,0.0005391247145525854,0.001681318303509118,7.22143863275752e-05,0.000645815031481478,0.00047519911920170633,0.3503788740024256,0.7138243932107688,0.0033697120843121523,0.0019062134675119557,0.00016706565682497282,9.301242543932527e-05,9
2021.625,59493248.22053608,51959648.484388635,1663764.935048717,5869834.801098725,0.12662949093351014,0.7791540573803383,0.0026148730061125794,0.00026826337374874845,0.001819777810206247,118830048.09105685,15935455.550905386,0.0,0.0006534810868950634,0.0005153194483932596,0.001603070174878184,6.682264654883748e-05,0.0005883275198421573,0.000432899058713067,0.34754850854403646,0.7063790083989153,0.0031731236110391506,0.0018281817511176454,0.0001733169832636379,9.10122858906522e-05,9
2021.875,59668585.2242485,52089726.115324244,1634362.4688690696,5944496.640055183,0.12701590092074627,0.7843524407328569,0.0025151272127961546,0.00026778302030424684,0.0012936090824076628,118868331.5825131,15939440.92465302,0.0,0.0006278894728120433,0.0004948900321480313,0.0015389139569288613,6.656660231399044e-05,0.00020345935907012516,0.00014970804876093246,0.3447096146605635,0.7016893404425802,0.0030624996609988587,0.0017530370414178592,0.00033140269206057373,0.0001209739678298352,9
2020.125,,,,,,,0.004383139136290396,0.0006065074067692546,0.002822738816034619,160261371.78578675,20041256.889897622,0.0,0.001095910969198879,0.0008074823834321301,0.0031389691821483343,0.00015207830537999754,0.0009421642212135874,0.0006774430359315608,0.5210126558267543,0.7401233417573724,0.005562448542315327,0.002572332377099014,0.0008091980657883884,0.0007872210995964464,10
2020.375,58556454.45893581,51312426.589519635,1817309.2034085416,5426718.666007636,0.12371015179029042,0.749130009413533,0.004264663735633789,0.0005755205299623047,0.0032802807803568026,160324786.3477071,20049950.513936225,0.0,0.0010667211551970085,0.0007907112233252248,0.00301404558671553,0.00014440674687718475,0.001151679564183365,0.0008280905629968323,0.518246858484566,0.7377372850845818,0.005374115447056391,0.0025087577375407875,0.0006389617415211558,0.0007129791731792712,10
2020.625,58737433.65500736,51445631.15854409,1781378.6197655553,5510423.876697713,0.1241423406288307,0.7557011972513552,0.004121983580378111,0.0005231388556642838,0.0035808023005057844,160386494.2607159,20058069.572226606,0.0,0.0010312652804314014,0.0007690573105976251,0.0028740463873528055,0.00013164274747781278,0.0013054466185904324,0.0009386534752985818,0.5152298611131206,0.7322458009793883,0.005093586354002676,0.0024421081895166885,0.0004032571817125921,0.000535095522371763,10
2020.875,58917297.11915064,51578263.84990455,1746956.8647541641,5592076.4044919275,0.12456500260702884,0.7619636264527219,0.003950378657857842,0.00045697432892913774,0.0033446541533509525,160446061.82836664,20065318.541695613,0.0,0.000987812582276783,0.0007408467948807515,0.0027169014215254464,0.00011408393243004761,0.001162668214624086,0.0008359917171137189,0.5118470817342354,0.7228432741339166,0.004722752802143336,0.002367704111131438,0.00022469081259723445,0.00031625259509613534,10
2021.125,59096000.00344287,51710227.37549296,1714027.3115186277,5671745.316431275,0.12497923087044158,0.7679285028309357,0.003766016504489717,0.00039787736155509986,0.002652474432337431,160503141.91305387,20071623.147586703,0.0,0.0009411351567215376,0.0007089649291953694,0.0025606190706494894,9.898699023596307e-05,0.000894228459199389,0.0006429758513178985,0.5081198473861435,0.7117842243319749,0.004340766424896394,0.0022839530334304884,0.0001654261606216137,0.00019021260803782464,10
2021.375,59273523.69153023,51841494.581097536,1682522.3847096565,5749506.725723043,0.12538530945300766,0.7736119759881164,0.003592184908583238,0.00035774241958756194,0.002365043616103522,160557718.54754907,20077207.760237426,0.0,0.0008977122737568417,0.0006781824364939398,0.002423496878569383,8.918300722427436e-05,0.0008210261257555149,0.000590341278821028,0.5041891501698545,0.7021632333318052,0.004032669214234256,0.0021944397468931457,0.00015677812500988953,0.00016305236546751282,10
2021.625,59449863.32661806,51972116.90640299,1652310.6242881021,5825435.795926973,0.12578239884475886,0.7790362856085485,0.003434103331046029,0.00033112553316612874,0.00220810318974429,160609988.56404826,20082321.327852905,0.0,0.0008582155056739109,0.0006495540079265477,0.0023033720320719017,8.260313160427404e-05,0.0007716947430332037,0.0005548706029816431,0.5001481961239211,0.6940435686281571,0.0037963821791647144,0.002104182691320217,0.00015333612745550742,0.00015929006586009627,10
2021.875,59625071.64999202,52102202.40311065,1623266.3365899522,5899602.910291412,0.12616956321732775,0.7842224444798261,0.0033008130213400167,0.0003275740516612614,0.001558108702726397,160660211.39150572,20087211.83796989,0.0,0.0008239991867527116,0.0006244226539178683,0.0022015300645258384,8.12017957283525e-05,0.0003006326641519183,0.0002161634884001974,0.4961108079336237,0.6882265910998088,0.00365252015455336,0.002017227271971806,0.00031926758647734046,0.0002004248978839359,10
2020.125,,,,,,,0.0059815447111079625,0.0008685433512364065,0.003937899071455938,202314790.6741018,26693460.67601846,0.0,0.0014956083994112446,0.001189370840943136,0.003662445362649206,0.00021778833038483685,0.001303362396868088,0.000948438249153656,0.6157934751212047,0.7923888578008844,0.0080895970744206,0.004148813537489792,0.001265323327711219,0.0007627987847599147,11
2020.375,58771439.51167222,51493849.61872199,1801755.5972529785,5475834.295697251,0.12382868198259588,0.7524241371448629,0.005834911872180822,0.0008271416470130755,0.004573430062101135,202401761.2471488,26705977.029277008,0.0,0.0014595010632604982,0.0011667361556857402,0.0035228753749790937,0.00020750352961126342,0.00158278125619885,0.0011517673726275748,0.613588297670717,0.7904628976979032,0.007839978113075885,0.004057767521039857,0.0010176092909288663,0.0006819580315743927,11
2020.625,58953083.13284877,51627797.00658503,1766574.9896130627,5558711.13665068,0.124256200642746,0.758838773098669,0.005648421944457965,0.0007515791489409267,0.004609113839113823,202486578.3589701,26717679.099396314,0.0,0.0014136147019195413,0.0011363698920762884,0.003360115964436296,0.00018891402009546884,0.001874176076066343,0.0013638112319802223,0.6111685656072783,0.7858231268008615,0.007441506255476274,0.003961392937745342,0.0006356995791407859,0.00047086894764681133,11
2020.875,59133606.925706804,51761143.94027291,1732888.492965804,5639574.492468085,0.12467467094805107,0.7649512115029196,0.005422283849981505,0.0006608791596501463,0.004166046224072361,202568576.85655528,26728156.08639689,0.0,0.001355603413510919,0.0010957233881683497,0.0031733463475641568,0.0001649353804054298,0.0014627296468083689,0.0010644075266695366,0.6084283421409098,0.777863480593585,0.006926514547479706,0.0038522587495088017,0.0003443671541126972,0.000256546357577818,11
2021.125,59312965.90232204,51893787.64761787,1700689.2728813104,5718488.9818228595,0.12508526831927852,0.7707712074712615,0.005187373295494307,0.0005878168081126019,0.003562139365144548,202647339.59296888,26737401.725571692,0.0,0.00129633777450002,0.0010520737312389322,0.0029985872816966725,0.00014638266399692872,0.0011962091182077957,0.0008704643347245391,0.6053844841284077,0.7695467099418917,0.006432854269937778,0.0037290596473136366,0.0002626120387693861,0.00017139248371128427,11
2021.375,59491141.353414625,52025718.509692445,1669892.8680865024,5795529.97563567,0.1254879747452295,0.7763163717523718,0.004969107719601932,0.000538468096897999,0.0032819449516194353,202722950.14893162,26745763.467238255,0.0,0.001241877363345874,0.0010104892404303864,0.002848628093737149,0.00013432651189781408,0.0011271902183377085,0.0008202402644980254,0.6021391547558719,0.7624491814958142,0.006042366780091181,0.00359791493057737,0.00024926843805848616,0.0001548405087160345,11
2021.625,59668128.53510663,52157000.507547215,1640354.7299675308,5870773.297591891,0.12588174310076003,0.7816100692267752,0.004770132133955904,0.0005048414461795569,0.003089684205200901,202795672.26672873,26753540.813115373,0.0,0.0011921623052619798,0.0009717633595735661,0.0027172809138166602,0.00012598894901217768,0.0010666790955902213,0.0007762071824847403,0.5987670328054375,0.7563595174309696,0.00573723994761925,0.003465338057993354,0.00024539368749923566,0.00015275568348539518,11
2021.875,59843980.25195433,52287739.914398044,1611951.1670539598,5944289.170502337,0.1262656712628925,0.7866728564677617,0.004604006513495638,0.0005022663232801875,0.0021907738306811302,202865834.27690482,26761050.428860337,0.0,0.0011493122214519154,0.0009378901220287949,0.002607378207503838,0.00012462024471417192,0.00040693809761421974,0.0002961230565978146,0.5953619631648303,0.7519988554039052,0.0055533425296745206,0.0033367053232047487,0.0004912941499666062,0.0002031274420967246,11
2020.125,,,,,,,0.004520377559418469,0.0007634062983922332,0.002948931734296006,148987314.48008138,23018570.783956554,0.0,0.0011304209269822948,0.0009210470049960632,0.002611655028337317,0.00019143678386907573,0.0009751543079945284,0.0007556970582875958,0.5133836065643302,0.797802024841204,0.0061077794534190495,0.0029873110649447174,0.0009934250557011202,0.0007508004356610711,12
2020.375,58562674.953308426,51309960.68263101,1817967.2059357464,5434747.064741668,0.1238453379470789,0.7493397453577134,0.004406744310272532,0.0007281354542446684,0.003480387004994529,149052788.10262856,23029537.282904223,0.0,0.0011021913981398314,0.0009028147855930063,0.002507078838639132,0.0001825208925856332,0.0011203045478593078,0.0008681814193533317,0.5112009479981292,0.7956387089195557,0.005910880211913579,0.0029209235864749586,0.0008007557605396884,0.0006836910741671047,12
2020.625,58743673.64535826,51443058.36465415,1782012.2727719448,5518603.007932154,0.12427917472064623,0.7559093029484932,0.004268225991579564,0.0006723616890519366,0.004002795678170355,149116621.8634566,23039878.891391173,0.0,0.001067836933469365,0.0008795330548433415,0.002389550465987364,0.0001690541070522985,0.0013134995168918877,0.0010178981037560588,0.5088136962160519,0.791465721775505,0.0056240910802013875,0.0028505515051685513,0.0005360901430076294,0.0005332303683620039,12
2020.875,58923556.48777896,51575605.30044003,1747549.7137434664,5600401.473595461,0.12470311748515943,0.7621718395796332,0.004097235717000087,0.0005993963105228079,0.003795776237716899,149178362.3571527,23049284.272067167,0.0,0.0010246684088379774,0.0008488276135391755,0.0022542273941874484,0.00014973182712318806,0.0012205091543322658,0.0009458351052550512,0.5061185101359111,0.784354353514287,0.005236736183504252,0.002771280649345335,0.000302736527820612,0.00032625925329155263,12
2021.125,59102278.357450396,51707520.10185543,1714551.3337739143,5680206.921821044,0.12511798971389027,0.768139636954776,0.00390813247513772,0.000530857650987499,0.002918530284023004,149237590.62088138,23057626.673504747,0.0,0.0009766610129647215,0.0008131226969597894,0.0021159660727205778,0.00013217500710775677,0.0009077858275286804,0.000703489769561922,0.5031033708345283,0.7754741329008893,0.004823015409776045,0.002680508705892713,0.0002134149090770002,0.00019089569335023154,12
2021.375,59279820.90563927,51838771.37936681,1682957.715869029,5758091.810403426,0.1255241566622984,0.7738279109785612,0.00372834149704286,0.0004828420140716288,0.002560436566173104,149294237.2924443,23065124.301765934,0.0,0.0009317291170309027,0.0007784081992836956,0.0019960038863358356,0.00012042391370186995,0.000824137071438013,0.0006386660607508558,0.49987659453753824,0.7673874398444929,0.004485605197166315,0.0025814999362733467,0.00020004775712071797,0.00016051691505923512,12
2021.625,59456179.03228378,51969395.01037089,1652652.5782052474,5834131.443707641,0.12592104208122223,0.7792573455614402,0.003565294040472249,0.00045063802792749523,0.002454021145099956,149348500.75207102,23072053.492916353,0.0,0.0008909712157574298,0.0007461136118228341,0.00189297466133619,0.00011233068289897287,0.0007471749592272377,0.0005790241750306854,0.4965262526880032,0.7603315300250683,0.004228111843029042,0.0024800091154137402,0.0002097536980940359,0.00015648897682931962,12
2021.875,59631405.73120655,52099488.45389605,1623519.000486698,5908398.276823802,0.12630789405269488,0.7844481105259264,0.0034315599213804284,0.0004455948080518284,0.0017391208727591907,149400682.9210047,23078719.3075148,0.0,0.000856684167167272,0.00071838192977495,0.0018100926965999022,0.000110912651910384,0.0002591391660832606,0.00020082022290276685,0.4931642122415527,0.7552911790285339,0.004081566145982005,0.0023813323999190826,0.0004080460569506646,0.00019849625041796717,12
2020.125,,,,,,,0.0028994579876972498,0.00043672560910764985,0.00199054262647467,107043158.09415677,14588536.337987285,0.0,0.0007249666462515711,0.0005268397991393204,0.002114293313597304,0.00010951608166595383,0.0006540283243840144,0.0004810652850523542,0.3797667907069919,0.6888456994240626,0.0038096148280131743,0.0016484436426232269,0.0006363977393557005,0.0005629420957571322,13
2020.375,58714898.979788825,51386811.75869511,1826200.7084390572,5501886.51265466,0.12480796779734278,0.7507943541962241,0.002819628707624239,0.00041408556484779795,0.0023355117062711828,107085210.34370127,14594811.438589908,0.0,0.000705275337362817,0.0005155549742740788,0.0020303961946136775,0.0001039109160559399,0.0007991232471015918,0.0005877886909883591,0.377856638710902,0.6860079979027466,0.003676789632044203,0.0016071740139767727,0.0005087068703395162,0.0005128611126917712,13
2020.625,58896367.82986856,51520122.62391853,1790367.6517745887,5585877.554175435,0.1252410883343005,0.7572792658342764,0.002720546199937007,0.00037251749821039443,0.0024463375425005543,107126092.4833027,14600640.554144036,0.0,0.0006809133093785591,0.0005006197523853364,0.001935346257244789,9.374683917528764e-05,0.0009829970637048767,0.0007230356010990733,0.375776932000307,0.6790594911728878,0.003463953804873626,0.001563515406179555,0.00031624054301772233,0.00037308978595291436,13
2020.875,59076717.92888194,51652897.72705234,1756003.208362224,5667816.993467372,0.12566405958378696,0.7634636668693219,0.002601561497895345,0.00032098746296411226,0.0022702928193497935,107165475.28558676,14605783.310845373,0.0,0.0006503905640400866,0.0004804314358261523,0.001828480828127465,8.011451145152624e-05,0.0007717755706145603,0.0005676733270285347,0.37345207686160964,0.6667269869736812,0.003182216835514482,0.0015140132642151556,0.00017139898640680917,0.00021434920150706615,13
2021.125,59255904.35467909,51785049.129952,1723082.4687112002,5747772.756015886,0.12607781968881818,0.7693594084104146,0.0024776360476668506,0.00027779069494900913,0.0018752653202884022,107203144.14288053,14610210.183202662,0.0,0.0006191454428356234,0.00045836341507338066,0.001729543166763274,6.909333405125295e-05,0.0006166492591128714,0.0004535714135804416,0.37090499372715147,0.6535865730831267,0.002904917734557447,0.0014581985047630733,0.0001305579285356096,0.00013625636064363515,13
2021.375,59433908.393231794,51916557.44693111,1691531.8237555888,5825819.122545095,0.12648252739099256,0.774982991237359,0.0023622456666482694,0.0002482219719914395,0.0016521104084784083,107239138.56221,14614107.34124913,0.0,0.0005903401556804035,0.0004371409396916653,0.0016445985703738386,6.186519555207072e-05,0.0005601984197295558,0.0004120494517221557,0.3682213213965544,0.6423287087275416,0.002685041139356699,0.0013992047411195258,0.00012233071460033954,0.0001153977730086761,13
2021.625,59610725.76336104,52047465.38931827,1661232.5613420017,5902027.8127007615,0.1268775086561926,0.7803549687323499,0.002257464858827874,0.00022918698922393395,0.0015940749124662272,107273598.35084955,14617656.829727575,0.0,0.0005641578554357532,0.0004175109691366185,0.0015698328576069075,5.705557201267151e-05,0.0005015449029326781,0.000368907328169952,0.3654600874687248,0.6328814985677819,0.002518985137478255,0.0013402519968500719,0.00013168769700544966,0.0001117196089454741,13
2021.875,59786408.76267542,52177865.719470255,1632076.2328127874,5976466.810392374,0.12726208515730694,0.7854942498787176,0.002171180899802956,0.00022851798302774137,0.0011456885945695307,107306714.23451072,14621065.954765186,0.0,0.0005420655016032897,0.00040079707422188666,0.0015076082230125417,5.682196318651548e-05,0.0001814820189047093,0.00013348764250896905,0.36270342497194885,0.6268540015812873,0.002429471262445626,0.0012840706874036026,0.0002618015092506692,0.00014337903611144734,13
2020.125,,,,,,,0.0037528495785699827,0.0006018124176769285,0.00256130816582593,135101375.78113806,19421910.27444482,0.0,0.0009382960641072929,0.0007029966040003683,0.002603207261095382,0.00015082101291071106,0.000790124904576247,0.000603279336405259,0.434551761270073,0.7386956026459035,0.00532270282267866,0.0026254394416860777,0.0010838317614675602,0.00043898297560898843,14
2020.375,58552112.20636311,51301715.86802261,1820355.221439938,5430041.116900571,0.12382809202146215,0.7489302465006229,0.0036521123799966053,0.0005735509781747143,0.0030744097485177384,135155668.85850322,19430548.709410515,0.0,0.0009134024592134368,0.0006883244089658943,0.00249966068963359,0.00014380279872823346,0.0009725929206839944,0.0007425980479595923,0.43228653882736273,0.7364402456825587,0.0051485721855084364,0.002560522284556069,0.0009125672201731733,0.00040090066981309674,14
2020.625,58733078.459289856,51434860.604457155,1784339.9231331223,5513877.931699586,0.12426077512506659,0.7555101863735714,0.0035315986063049138,0.0005237928962092994,0.003418121081482572,135208521.65069896,19438655.968952022,0.0,0.0008836540117722929,0.0006698075825575208,0.0023849192816914194,0.00013186473919238768,0.0011908145279420864,0.0009092154848395668,0.42984898950323436,0.7312139001138516,0.004886930406885276,0.002493450574211577,0.0006135899614342498,0.00030119397254967036,14
2020.875,58912929.037918895,51567448.55656642,1749820.9702272099,5595659.511125259,0.12468367472655453,0.7617826397239261,0.003385262194055642,0.000457957867470603,0.0031019208195181237,135259561.34305793,19445917.063207045,0.0,0.0008464946429596496,0.000645178347191054,0.0022544480327751945,0.00011429117431649061,0.001030504207479612,0.0007868147059408747,0.4271387646799137,0.7215571832730835,0.004528060465517276,0.0024197532073216713,0.00033691092858764807,0.00017293745083488626,14
2021.125,59091618.64676137,51699379.86694911,1716783.411459784,5675455.368352482,0.12509792334513098,0.7677586638369677,0.0032284908053669655,0.00039921447817233534,0.002381963696429802,135308479.99685103,19452237.466510944,0.0,0.0008067702297106112,0.0006172331197267494,0.00212744229735089,9.932921577408223e-05,0.0007563817589064396,0.0005775156344764125,0.4241543764289136,0.7103347239205774,0.004156812390002053,0.002337480307686742,0.00022915161811855604,0.0001022558657203352,14
2021.375,59269129.173304856,51830623.5535412,1685164.1240565483,5753341.495707121,0.12550387906009614,0.7734539422032342,0.003082336637541698,0.00035996093693967546,0.002134792960621402,135355283.8960421,19457848.44866182,0.0,0.0007703066322754849,0.0005904404005492097,0.002019075969154437,8.974290875508939e-05,0.0006980973650346662,0.0005330141002832272,0.42099600072379256,0.7010036870145789,0.003863431377668496,0.0022497885237989864,0.00021256838654352137,8.960112478928635e-05,14
2021.625,59445456.53081082,51961231.37612779,1654833.661800135,5829391.492882897,0.12590070951518267,0.7788904492317856,0.0029496654444123487,0.00033447655060875195,0.0020486584710274983,135400154.3425653,19462999.732939623,0.0,0.0007371550236226036,0.0005655747153752167,0.001924222980260164,8.332281101239388e-05,0.000628867184374483,0.000480155195057057,0.41773747178943077,0.6932986906104495,0.0036414690489234578,0.00216114688534577,0.00022220055934450516,8.774183043719777e-05,14
2021.875,59620652.6628137,52091308.80966991,1625669.630067824,5903674.223075971,0.12628751140525438,0.7840888048446555,0.0028394782438476143,0.00033258672991485333,0.0014409311549715364,135443325.4170497,19467956.92716956,0.0,0.0007089664397138836,0.0005441705131327282,0.001845224626842868,8.272676805244796e-05,0.00021256213118344504,0.00016229629100733965,0.4144717722175373,0.6884052924503326,0.0035167555510277676,0.0020753568244275445,0.00040385148390000404,0.0001159688405905712,14
2020.125,,,,,,,0.0037505584666124264,0.0005833559365629531,0.00248327482374636,129339923.93104908,18474574.410042807,0.0,0.0009378839690193238,0.0007166965563690812,0.0025001311588610463,0.00014634890605502176,0.0008478914020191118,0.0006317513845883131,0.5487619020875834,0.7261224953655906,0.00476210762633689,0.0019867409917299923,0.0009327959658777192,0.0006408774211799787,15
2020.375,58544704.42674645,51283798.039473325,1823352.4924758351,5437553.894797282,0.12402328200936198,0.7488808703453609,0.0036539027719788312,0.0005528715317320977,0.0029157285632731844,129394215.44219643,18482930.882137544,0.0,0.0009139938815412971,0.0007024418897837605,0.0024022366341613873,0.0001386956309956728,0.001009116798645254,0.000751878050936033,0.5466359081801329,0.7231130845902148,0.004596082943345811,0.001941139820100279,0.000749744398217488,0.0005811163427036279,15
2020.625,58725647.54085798,51416807.60850428,1787230.6084419824,5521609.323911712,0.12445737490197306,0.7554700027660294,0.0035364668667499806,0.0005052669126259052,0.003445141818582004,129447107.0578536,18490744.40242482,0.0,0.0008846095993935134,0.0006836941286414307,0.0022925420535669125,0.00012701790138334703,0.0011029238394398414,0.0008217722941904598,0.5442858007863424,0.7171971837678489,0.004351717134070329,0.0018922005153701378,0.0005129147003213713,0.00045936903076287754,15
2020.875,58905475.14763774,51549266.34393063,1752610.8592189415,5603597.944488166,0.1248815799426093,0.7617508004482245,0.003392042695992106,0.0004427247764654536,0.003290415151889362,129498225.78857014,18497752.2842333,0.0,0.0008484359900249412,0.0006592046188794442,0.002169470016182726,0.00011058320461706682,0.0011093349777998383,0.0008265491388741993,0.5416069054942005,0.7075992042807404,0.004021044990990724,0.0018363161303101322,0.00029846447814653346,0.00028557544755130417,15
2021.125,59084142.17454155,51681090.19664721,1719465.4645630168,5683586.513331319,0.12529676670306636,0.7677355947658647,0.003230936230484705,0.0003827473776157426,0.002449759920778478,129547215.14624037,18503839.72340867,0.0,0.000807429739690496,0.0006301017096329776,0.0020407883375079708,9.519084345133501e-05,0.0007913812464406764,0.0005896465007025696,0.5385918729230412,0.6951275684531852,0.0036636080906511633,0.0017716888868149565,0.00019974436784885036,0.00016252429105235685,15
2021.375,59261630.24189619,51812244.9984792,1687736.3903597277,5761648.853057245,0.12570334655003265,0.7734395073940925,0.003076723583002856,0.00034183083785925604,0.0021345180072948958,129593989.90379924,18509192.209781185,0.0,0.0007688677766764092,0.0006018128186692646,0.0019265869387203717,8.519488829735622e-05,0.0007146066977607765,0.0005324429162406029,0.535368198012537,0.6836043142480889,0.0033740987011239634,0.0017009855166798434,0.00018603123287492369,0.00013570629964484104,15
2021.625,59437934.35513512,51942768.59257257,1657305.0974609132,5837860.665101625,0.12610071066366046,0.7788834630264009,0.002937102969902219,0.0003155549549157526,0.002053227491896332,129638716.80966629,18514065.905984174,0.0,0.0007339644118027891,0.0005756338957869073,0.0018273772665373656,7.856634947507273e-05,0.000636438395447497,0.0004742008664927573,0.5320344790452785,0.6734832462696466,0.0031583333082385355,0.0016290440224865145,0.0001980349134069602,0.0001317300475307559,15
2021.875,59613107.38320958,52072764.630970776,1628048.382549936,5912294.369688869,0.12648800042862038,0.7840882787368583,0.0028230382688452776,0.0003135152068223318,0.001450078253151545,129681661.1088153,18518738.30063737,0.0,0.0007047444430254044,0.0005534120481652822,0.0017462797637766772,7.796325723570223e-05,0.00022052503642735143,0.00016430995380747236,0.5287153363158636,0.66619047575467,0.0030434513009088534,0.0015601225409429945,0.0003746374712691284,0.00016653963704437938,15
2020.125,,,,,,,0.002883773015959736,0.0004783418474426886,0.001927874531811221,117537641.75752698,17294751.659120902,0.0,0.0007209670080744922,0.0004908208176838991,0.002348074011426631,0.00011983679012242079,0.0006025651805703654,0.00044709359492923665,0.3528862117009245,0.6828571031034021,0.003952899845560865,0.0016541410650869675,0.0008015320144646601,0.0005879101235636786,16
2020.375,58590366.46145721,51329994.16535712,1819907.7912799825,5440464.50482011,0.12391750955980485,0.7493368498117451,0.0027964248880831735,0.0004535136497799505,0.0023044807884971892,117579316.66911104,17301606.843989156,0.0,0.0006994569906355127,0.0004791032799152567,0.002251149840196544,0.00011381526611290009,0.0007910779985791863,0.0005869670496386348,0.3506196886861707,0.6796751552278975,0.0038060549886499415,0.0016073210612543441,0.0006572480096080017,0.0005443963452930944,16
2020.625,58771450.580648065,51463229.955893636,1784025.6474838578,5524194.977270573,0.1243498425264467,0.7558878228934415,0.0026945800587420137,0.00041016826055842497,0.0026100496685252618,117619742.9808118,17307995.65312119,0.0,0.0006741910979301724,0.00046439527828485435,0.002145822431475185,0.00010328046635134494,0.0009481217838782153,0.000703490992266625,0.3481940293259077,0.6721516505051227,0.003584228733131611,0.001559110717111133,0.0004252101625438941,0.0004259375537905604,16
2020.875,58951418.322094366,51595904.22641751,1749634.972417254,5605879.12325959,0.1247724703668423,0.7621328775040224,0.0025740686433228122,0.0003537649292228066,0.0024963126291022274,117658644.669995,17313651.902937215,0.0,0.0006436447200466047,0.00044526791409628917,0.002029916763646399,8.834685953235616e-05,0.0008322451632365619,0.000617512418394103,0.34552068265166025,0.6588158554579885,0.003283055745103198,0.0015063687706839493,0.00023753364734598693,0.0002623232981918423,16
2021.125,59130224.69988816,51727912.75273116,1716722.2784182457,5685589.668738751,0.12518660270152832,0.7680829596653804,0.002444980151650426,0.0003020282520125408,0.001920988949573945,117695793.15988335,17318490.316818498,0.0,0.0006110172957056555,0.0004236024937335466,0.001915845899093004,7.508041544085863e-05,0.0006207016916183574,0.0004605505920896881,0.3425980247727286,0.6432280834443485,0.0029682896855372253,0.0014479027656625768,0.00016632633462603425,0.0001554157027504396,16
2021.375,59307851.19856061,51859221.07035972,1685226.3306784593,5763403.7975224275,0.12559264882592244,0.773753522235168,0.0023223784099435842,0.0002660053369536985,0.001616521514234723,117731173.45396683,17322687.483030237,0.0,0.0005803627109811057,0.0004024738730325789,0.0018144041763588246,6.626075799800081e-05,0.0005423756974567993,0.0004024339742777086,0.3395132935123689,0.6297923443750539,0.0027140435144710554,0.0013859128795584337,0.00015227657663605283,0.0001240569645208274,16
2021.625,59484292.59890565,51989877.56888692,1655021.5434265982,5839393.486592137,0.12598981516940175,0.7791660140521386,0.002210474809594613,0.00024249430847315398,0.0014844310631198588,117764912.96468379,17326462.089101307,0.0,0.0005524099221697808,0.0003828776764732702,0.0017243567682312091,6.0472039740713277e-05,0.000505461220640248,0.0003750440309537816,0.33633967799577535,0.6188417459936757,0.0025246957668644005,0.0013236082500245666,0.00014729663848795345,0.000118685336740975,16
2021.875,59659602.041500635,52119994.17612456,1625982.126309983,5913625.739066105,0.1263771062390151,0.7843412873265025,0.0021130375146446462,0.00023590103856521,0.000983216886382374,117797175.22305161,17330011.83000748,0.0,0.0005275938185963679,0.0003654166417546519,0.0016448838463102029,5.83573505426616e-05,0.00019502588104789464,0.0001447060418911985,0.33314575655670253,0.6107692122580065,0.0024056392574149732,0.0012634684542231697,0.0002637003563101492,0.00013469827454399628,16
2020.125,,,,,,,0.004572973530562531,0.0007826565981162855,0.0031309451242881705,159770788.17143166,24761746.316388883,0.0,0.001143569197964274,0.0008938073924168939,0.0029183876010037465,0.00019628167150593124,0.0010202725840342953,0.0007878120772499294,0.4644620392000328,0.7758232780719567,0.0062206548800563645,0.0025178676399128363,0.0013619947687429125,0.0008878888646182198,17
2020.375,58546021.86960452,51323507.262509555,1810779.4716759901,5411735.135418976,0.12336473728618436,0.7492868384236718,0.00444698721372553,0.0007426235512180796,0.0037439513504930492,159836929.53898567,24772962.490302294,0.0,0.0011124583632252923,0.0008744449441337458,0.0027970687097489543,0.00018630004198378353,0.0012431091249209103,0.0009598771909368396,0.46200630079550314,0.773459166343812,0.006000737485764161,0.002456847172922257,0.001116014941466988,0.0008189572100974739,17
2020.625,58726969.02122629,51456796.38548035,1774979.2314301198,5495193.404315815,0.12379614948488492,0.7558545965328369,0.00428780091348312,0.0006739640362894492,0.0043043785906965205,159901203.91703466,24783430.953745767,0.0,0.0010731774188430005,0.0008486906856138443,0.0026558845559985405,0.0001696933118765782,0.0015196722759224005,0.0011734277595697453,0.45931381505607305,0.767854547725865,0.0056579018226463156,0.00239082766890522,0.0007475443502413946,0.0006411955214683522,17
2020.875,58906800.64030932,51589492.04522259,1740701.1858904609,5576607.409196274,0.12421840119559262,0.7621118252332192,0.004087761898187492,0.000583443233485248,0.004130386120682811,159963014.18731475,24792734.82659674,0.0,0.0010223002469389238,0.0008133712280342308,0.0024897280836462185,0.0001457491217938824,0.0013512025802043508,0.0010433424637241492,0.45625298592631347,0.7575663331606451,0.005183717743076515,0.002313773687652744,0.00042321729272623825,0.0003962414692694409,17
2021.125,59085471.68758364,51721484.962512985,1707941.4815537385,5656045.243516918,0.12463278221773327,0.7680683649606456,0.0038681103067263307,0.0004996592005431834,0.003179584828345714,160021855.98054415,24800722.00778368,0.0,0.0009665479169240192,0.0007722441253035587,0.002326180335595323,0.00012423791013657184,0.0009898468337078544,0.0007643185776287733,0.45280890927298506,0.7450851156492376,0.004680225511582982,0.002223485812709974,0.00029350851486473765,0.0002356176316761108,17
2021.375,59262963.74873416,51852737.71577633,1676642.8815467819,5733583.151411042,0.12503974766392112,0.7737393064543885,0.003661307261033509,0.00044115703864668667,0.002694424653768602,160077686.28548324,24807669.823943984,0.0,0.0009148852863444213,0.0007320907692461026,0.0021893363576848124,0.00010990924512065983,0.0008687779908527663,0.0006708342499380804,0.44910566816682396,0.7340741930781063,0.004271272913308309,0.0021249450792417066,0.00026828709315952635,0.00019037605590479611,17
2021.625,59439272.363188475,51983306.68759813,1646667.371862365,5809298.3037279835,0.1254383739765954,0.7791476726813144,0.0034753783303225743,0.0004034394023929279,0.0025607970047711887,160130761.4070743,24813928.622558847,0.0,0.0008684157537151192,0.0006949236428362148,0.002073732759434517,0.00010038961495159216,0.000758968466662212,0.0005860439000764521,0.44525281220483603,0.7248435700015767,0.003965844962587053,0.002025039086626001,0.00028363304655758714,0.00018188366358974455,17
2021.875,59614449.92740883,52113312.436896294,1617874.3100074618,5883263.180505079,0.12582750490269567,0.7843161371120376,0.003323832261345706,0.0003973607259810313,0.001758803953177999,160181447.86139166,24819873.432609312,0.0,0.0008296368059416776,0.0006631760028483603,0.001982137144872755,9.876386841515554e-05,0.00025108050356699283,0.00019387392758322502,0.4413805143384285,0.7187525435515375,0.00379535501129547,0.001929519622433201,0.0005075566417035788,0.00021739732987295093,17
2020.125,,,,,,,0.004019136537337164,0.0006792334193007601,0.0027506848621446436,136705376.29291588,21077230.02944189,0.0,0.0010049196201376723,0.0008052527189698329,0.002413096659567309,0.00017021921136867703,0.0008666963628816341,0.0006508057814715601,0.44801909686268376,0.777163131958523,0.005347496145449511,0.002341728228223992,0.0010530036054089448,0.0006700225223170711,18
2020.375,58635341.98016317,51353828.68369697,1818887.7178953122,5462625.578570894,0.12418301063085133,0.7502047110484523,0.0039157024834387865,0.0006486134118400878,0.0033010007002291153,136763642.6793732,21087003.76506398,0.0,0.0009794684038263236,0.0007890373307565883,0.002317176456899675,0.00016265161908810138,0.0010721710736278493,0.0008050975674152309,0.4459252362160306,0.7751694450056066,0.005176654518361283,0.0022876673676776055,0.0008730902354370594,0.0006179996085367518,18
2020.625,58816565.29223257,51487061.4196922,1783057.5040270672,5546446.368513297,0.12461631916320541,0.756728758858126,0.0037840697855833173,0.0005931771115815446,0.0036713064981406425,136820385.55503866,21096192.72973443,0.0,0.0009471175698202066,0.0007674211748320025,0.002204536716552989,0.00014935282896232557,0.0013240249077797828,0.0009942156234860275,0.4436353276602327,0.7703368638340605,0.004903479102793763,0.002229856497463297,0.0005709724127475997,0.0004719857886101361,18
2020.875,58996671.35959641,51619749.42683714,1748708.0661923715,5628213.866566895,0.12503962957156456,0.7629488176597411,0.003615859441986138,0.0005189330980547662,0.0033631662368934934,136875078.6586675,21104431.67450602,0.0,0.0009042478606456839,0.0007371678209389552,0.0020689711597381465,0.00012955623322684904,0.001138775401619263,0.000855111024935002,0.4410302314028324,0.7611236852482095,0.004516119822225534,0.0021625718760110184,0.00031008932729046507,0.0002754766960675624,18
2021.125,59175614.984443724,51751798.10906474,1715825.1168089898,5707991.758569984,0.1254539877165716,0.7688756140389845,0.003431610950315576,0.0004518364295882155,0.002595110469505019,136927280.16543102,21111601.491497286,0.0,0.000857467462365909,0.0007021959561696563,0.0019358825987307758,0.00011242939238969955,0.0008365346991278596,0.0006281572669626303,0.43810777455716565,0.7500480993614361,0.0041096704561377085,0.002083599929606656,0.00021841571557920983,0.00016181900486760274,18
2021.375,59353377.83499646,51883175.87584592,1684348.432840446,5785853.526310096,0.12585976117345582,0.7745243780488127,0.0032597721010988183,0.0004059419253692427,0.0022939844629773286,136976973.08806074,21117950.40452223,0.0,0.0008145857848402705,0.0006685340819193358,0.0018253219662527542,0.00010120555038008213,0.0007627750119198328,0.0005727708214545821,0.4349832301689024,0.740337415286616,0.0037863475702740014,0.0019974075597545453,0.00020402928368960918,0.00013803936959095995,18
2021.625,59529954.83938834,52013925.844920546,1654153.6508385423,5861875.343629239,0.12625625224722592,0.7799165420920952,0.0031051076361844504,0.000375096359977071,0.002145894515283611,137024383.62896234,21123755.698635418,0.0,0.000775957075262495,0.0006373792714216576,0.0017316219490039102,9.355647013962708e-05,0.0007077370848649657,0.0005314426208740608,0.43174138921541527,0.7320038636277988,0.0035426822995603697,0.0019099329538857892,0.00020186902271415128,0.00013427479443773368,18
2021.875,59705399.043163374,52144148.46650571,1625121.0946792257,5936129.481978433,0.12664266042659447,0.7850724455956879,0.0029770683040620176,0.0003685236368674875,0.001472053986067053,137069794.00702876,21129286.86948465,0.0,0.0007430211185581557,0.0006102689802313408,0.0016554110783618863,9.145853188282521e-05,0.0002487540368503105,0.00018679040582157387,0.42847686409161445,0.7258596703604532,0.0033981615994074788,0.0018257166363650449,0.0003782272589297274,0.00016467123270475108,18
2020.125,,,,,,,0.00457681868211428,0.0007624364113701248,0.0031025736186036583,159219650.92686605,24034240.42624773,0.0,0.0011445362945268977,0.0008664039484144431,0.0031195419736632325,0.0001912429049687219,0.0010476836225529265,0.000796874724126309,0.5273566246150942,0.7272321949462498,0.006443995088337602,0.0031106997427132856,0.0010477520450875417,0.0008055936858077596,19
2020.375,58605763.59550452,51371338.38858462,1807711.7298566916,5426713.477063207,0.12344221392373139,0.750123654865134,0.004457315705869795,0.0007251052351693636,0.00366355366965817,159285955.22659808,24045187.161361158,0.0,0.0011147412245728274,0.0008484451745496293,0.002998236344597541,0.00018176727389123936,0.0011856874137485065,0.0009018412719184092,0.525413412974914,0.7244938601651779,0.006227357490103074,0.0030379436433664577,0.0008455578852591147,0.0007324911216135333,19
2020.625,58786895.57356518,51504924.04885297,1772051.245910225,5509920.278801982,0.12387065950097058,0.7566522692520061,0.004314121599163357,0.0006644532115152142,0.004120038178609522,159350545.6813275,24055458.43340671,0.0,0.0010793974543863278,0.0008257753851771338,0.002866343628795996,0.0001671617216307986,0.0014340124000301294,0.0010907188115463506,0.5233147288332853,0.7189157945584796,0.0059097756305234225,0.0029616955262790528,0.0005615700009857989,0.0005600970363158247,19
2020.875,58966910.8813317,51637918.08761603,1737898.2561884215,5591094.537527246,0.1242899226731572,0.7628735209456607,0.004142373243212165,0.0005862702800453477,0.003902195410256725,159412999.61194915,24064716.69308728,0.0,0.0010357314428510998,0.000795866433284021,0.0027193851958439976,0.00014640962254514994,0.0012563098921959085,0.0009555571712780729,0.5209756745023606,0.7091199724193984,0.00548693601874317,0.0028772899550156355,0.00031376217144956807,0.0003385099456736828,19
2021.125,59145764.24982526,51770219.18951844,1705239.4714738857,5670305.588832933,0.1247011540700247,0.7687981759272244,0.003958159964121187,0.0005149391770241788,0.003052115001291339,159472969.13217217,24072847.56611684,0.0,0.000989152268378229,0.0007618858282080414,0.0025784952155341735,0.0001281489638770285,0.0009634579955687054,0.0007328121848038477,0.5183736982165156,0.6977752766478815,0.005046011467952433,0.0027828128761520415,0.00022418907951850259,0.00020306323999997656,19
2021.375,59323437.429122746,51901794.374046534,1674013.8257134287,5747629.229362769,0.1251047372961703,0.7744416144389416,0.003785002145652949,0.00046526947801485863,0.0026487636940210548,159530450.24883777,24080099.753828436,0.0,0.0009459225293695268,0.0007289157309258934,0.0024580568347170074,0.00011600246976719456,0.0008684179876396263,0.0006605241596124678,0.5155775778188075,0.6880627712566545,0.004689902185237221,0.002681869984481962,0.00020868879663627854,0.00016854274286497818,19
2021.625,59499926.13842918,52032699.51903462,1644087.014218437,5823139.605176117,0.1254997628404063,0.7798262865160318,0.0036277264947961506,0.00043359716141015036,0.0026219685846112385,159585641.82221273,24086769.901233964,0.0,0.0009065868438185486,0.0006983821247081592,0.002352308083652133,0.00010788648408399468,0.000752191656156163,0.0005721216840528243,0.5126605160043699,0.680035121821555,0.004422013313780596,0.0025795841569910584,0.00023683859242560614,0.0001642715824385411,19
2021.875,59675282.614854164,52163050.6509898,1615325.8570749485,5896906.106789406,0.12588515101551334,0.7849739112363603,0.0034990391024370135,0.0004318149864441655,0.0019022182664386255,159638837.33308065,24093205.097552396,0.0,0.0008736939060406692,0.0006725905019136861,0.002265366031576979,0.00010747340895665376,0.00028519762677837193,0.00021692310089423404,0.5097144901195909,0.6752250608357849,0.0042801018043397785,0.0024807596651335827,0.0004535397511504092,0.00021358024208072265,19
