Time,N,N_NonHIV,N_HIV,N_ART,PrHIV,PrART,IncR_apx,MorR_apx,CNR_apx,CumInc,CumMor,CumACF,IncR,IncR_NonHIV,IncR_PLHIV,MorR,DetR,CNR,PrLat,PrRecent,Prev,PrevA,PrevS,PrevC,Key,Scenario
2015.0,,,,,,,0.009597952801612217,0.001242706501741324,0.004704130071068475,191004221.99104834,22615477.563120827,0.0,0.009599430200541395,0.009050822584810866,0.013790411642320751,0.001243167406936285,0.006457233860048304,0.004705928253460845,0.6692152180560258,0.9048336917731363,0.010427854785571624,0.004672700819085052,0.0021454600820187803,0.0010584377987479438,0,Baseline
2016.0,54998211.53547032,48632166.43456261,2880907.03641836,3485138.064489355,0.11575003846810589,0.5474573317101413,0.008854711019124462,0.0011616067574722684,0.004394388727282235,191515222.94129115,22682079.90776314,0.0,0.008854183553203051,0.008374381599812844,0.012425144277477807,0.0011619070923032724,0.006030823986636518,0.0043951675911804745,0.6605239281319315,0.8992523279989014,0.009722197990565498,0.0043416229433684925,0.0019990198033759264,0.0009887454345604303,0,Baseline
2017.0,55798527.862859964,49189342.18715726,2632540.337535903,3976645.338166806,0.11844731265933355,0.6016846149119569,0.008108816110361908,0.001076440272749056,0.004069638869212496,191991592.00532502,22744951.053571112,0.0,0.008106903506422505,0.007688017778756751,0.011151641290559762,0.0010765235632903807,0.00558427638089527,0.004069730873242743,0.6506073581364878,0.8926451377320848,0.008987705103590014,0.0040008045415354946,0.0018471902531011462,0.0009156761274353897,0,Baseline
2018.0,56579891.447830915,49737199.417467825,2391634.571039639,4451057.459323449,0.120938585339499,0.6504833827933165,0.007377482996713867,0.0009895341164958384,0.003739541422579791,192432377.61965662,22803774.433701944,0.0,0.00737457502934297,0.007008614509904028,0.009978644904712005,0.0009894274374515762,0.0051305419833239324,0.0037390565369283266,0.6395177586854881,0.8848619647938142,0.008245407526390663,0.0036594896992945647,0.0016941039933502954,0.0008414036031837637,0,Baseline
2019.0,57343441.02666037,50277710.1502282,2176627.507153921,4889103.369278242,0.1232177691106317,0.6919458800201278,0.006673050098190655,0.0009031304669489913,0.0034120769184599014,192837535.66987288,22858365.547031984,0.0,0.00666943254224922,0.0063492956975095575,0.008904553168192917,0.0009028118660873335,0.0046804821044425324,0.0034110601307771036,0.6273264588188927,0.8758235263551237,0.007512415130020194,0.0033251555607713653,0.001543088251884525,0.0007677234957733795,0,Baseline
2020.0,58090788.03727512,50812851.54592306,1991704.755039642,5286231.736312412,0.1252855527916409,0.7263366123892029,0.0060339599172701715,0.0008300990659651638,0.0032760869248123423,193208450.87366822,22909056.38852655,0.0,0.006024928211534766,0.005737313264399766,0.007999372072652208,0.0008319455460760846,0.004125593663927218,0.0030066663537605775,0.6142639361743151,0.8660848635505395,0.006864595376709357,0.003009741203448024,0.0014054130444739164,0.0007175554249076393,0,Baseline
2021.0,58821915.051445104,51342860.16294697,1834032.737622595,5645022.150875535,0.1271474225542813,0.7547774732281866,0.005404383634001895,0.0007443123389963087,0.002892954741329319,193546133.9258419,22955443.856809855,0.0,0.005391220481671872,0.00514733328783876,0.0070407177844926195,0.00073634057672377,0.004062474536393487,0.0029606661480949805,0.6002516102396348,0.8541762848513421,0.0061690788309735605,0.0027084109918556042,0.00122914951204917,0.000631349988665704,0,Baseline
2015.0,,,,,,,0.009321684017969616,0.0011824418040700976,0.004325842552337474,156808101.5767134,19008483.54954414,0.0,0.00932304530848263,0.008201840621792638,0.017891485921686278,0.0011826094362578378,0.005853670052513706,0.004326667048814206,0.6831048350009405,0.8855696493229899,0.009665844552294144,0.004187473678971739,0.0020644552096143196,0.0011403108787939949,1,Baseline
2016.0,54992996.18114291,48629666.75627253,2882077.6428777985,3481251.7819925793,0.11571163360348717,0.5470802389055149,0.009090636219261948,0.0011613039403416637,0.004250373072174811,157318072.60152474,19073403.787808567,0.0,0.00909142196907673,0.008014067875758627,0.017113349807430674,0.0011615250264994407,0.005751469691727731,0.004251126929636004,0.680456526141269,0.8842644464293039,0.009474652396236061,0.004092053991533106,0.0020254704171362046,0.0011204167961487747,1,Baseline
2017.0,55793236.338820994,49187322.59744347,2633558.986888978,3972354.7544885436,0.11839990247672941,0.6013331251370828,0.008849296417342448,0.0011377689446232231,0.004166039255544722,157822027.86018193,19137996.425428428,0.0,0.008849754539905443,0.007814849045460525,0.016376182166839427,0.0011379686263656478,0.0056372661472479015,0.004166714807270694,0.6775088541786466,0.8826444052910148,0.00926618827695408,0.003990435478016448,0.0019826571398953254,0.0010981860359234527,1,Baseline
2018.0,56574525.37017786,49735720.44095435,2392532.6386293503,4446272.290594158,0.12088134870731851,0.6501534020358433,0.008601673716597414,0.0011119267064139042,0.0040738604981448625,158318971.45557737,19202069.103856377,0.0,0.008601913306898629,0.007607460719278974,0.015682575845757156,0.0011120952767339134,0.005512355749976228,0.004074388848499531,0.6741996108301163,0.8806802590010607,0.009043435056285246,0.0038843394462222567,0.0019364743598775736,0.0010738873152499565,1,Baseline
2019.0,57338002.657805316,50276812.294706084,2177440.141217049,4883750.221882185,0.12315026746293554,0.6916327093239069,0.008350214646598814,0.0010843287614639018,0.0039751547172035325,158808094.24701166,19265444.76446008,0.0,0.00835029219875512,0.007394599538570848,0.015027456429443451,0.0010843711178729189,0.00537863274658009,0.0039755491620690345,0.670485537295501,0.8784365489181595,0.008809481732269687,0.003775093255944292,0.0018876929361611606,0.0010478680428318153,1,Baseline
2020.0,58085279.32564093,50812553.54158269,1992463.2664756565,5280262.517582584,0.12520772678539566,0.7260362447814104,0.008144345078523189,0.0010696710564956841,0.004102027811274925,159290028.10538495,19328458.528926305,0.0,0.00814125270972776,0.00720257025540938,0.014590304644823353,0.0010718370611196646,0.005088382411876635,0.0037610142552837542,0.6666645620075461,0.8766725831965787,0.008647027191693392,0.003672565182786033,0.001848960131271806,0.001051598933173986,1,Baseline
2021.0,58816336.87147872,51343157.60726238,1834764.866914011,5638414.39730233,0.12705958347161608,0.7544867047818088,0.007879008767710784,0.0010333033883208919,0.003912093528154541,159763293.10427243,19390434.23127444,0.0,0.007856434241103109,0.0069860346423296325,0.013748375660619535,0.001023184290997118,0.005403981882099779,0.003994285658725174,0.6622176487227392,0.8734515985971615,0.008375880413395622,0.0035648652697705865,0.0017491714226559663,0.001001531431484383,1,Baseline
2015.0,,,,,,,0.011198954572842505,0.0019201982987229367,0.006328293662889449,237293582.2514963,36604789.860631585,0.0,0.011199077558201572,0.010755330723968117,0.014592706854214394,0.0019208045852533988,0.008157394888986721,0.006330679761561016,0.7222650058494138,0.9252338237245389,0.013738411232644788,0.005616298080429254,0.003197448683400792,0.0016800335314671741,2,Baseline
2016.0,54974265.7742142,48617146.853985265,2882525.4201017087,3474593.500127229,0.11563808685209868,0.5465673277041826,0.01011909070658995,0.0017619244540002252,0.00580394295990439,237883530.1766134,36706727.83902617,0.0,0.010116405934032237,0.009755247695580605,0.0128071230686575,0.001762124359374859,0.007479388879858517,0.0058045021057507905,0.7093958865572978,0.9189525097696821,0.012577692219268723,0.0051235657164809875,0.0029227762058032644,0.0015408290617964257,2,Baseline
2017.0,55774233.24082692,49173923.14758607,2633645.884636402,3966664.2086044485,0.11833977286144746,0.6009814921675531,0.009057500781581088,0.0015994506865440925,0.00526636955401426,238421643.89306358,36801091.770660676,0.0,0.00905296298968882,0.008760586738823024,0.011180177639852684,0.0015992629686011838,0.006784814025438159,0.005265465926479227,0.6948083508905915,0.9114705438834821,0.011393605813193323,0.004625964595966633,0.002643969165684811,0.0013981142328660524,2,Baseline
2018.0,56555257.031307995,49721286.04451282,2392360.2484035036,4441610.738391671,0.12083705999270782,0.6499311669560639,0.008037716130966505,0.0014375313941515312,0.004731769788571539,238907828.64265943,36887498.99200692,0.0,0.008031910266971712,0.007795619525524639,0.009714760615620351,0.0014370185874945105,0.006094750253386176,0.004729930646483044,0.6786103525779477,0.9025776586155478,0.010221160258561426,0.004136729532133612,0.0023692785284910927,0.0012561888451228785,2,Baseline
2019.0,57318475.32063359,50261242.73779723,2177074.9313772833,4880157.6514590755,0.12312317352056093,0.6915115229910278,0.007075924421360438,0.0012801777648122938,0.004212873998452821,239343257.13889807,36965825.50999138,0.0,0.007069260693687057,0.006878522351211734,0.00840201276806092,0.0012793366834885401,0.0054252149688799045,0.004210326835099321,0.660932703870972,0.8920878135946322,0.009087131197767469,0.003666516461122661,0.0021044638037441806,0.0011184325441078336,2,Baseline
2020.0,58065497.91392483,50795798.869811706,1991947.4021215653,5277751.641991554,0.12519825550948654,0.7259931408392193,0.0062066782905028876,0.001143370838280399,0.003924355646944307,239730568.0512607,37036575.5902251,0.0,0.006193274769338128,0.00603552009467652,0.007277025435068,0.0011431813108980435,0.004653090038115906,0.0036111066503343183,0.6420456664234937,0.8802130396616534,0.008080000949431215,0.0032282716431712762,0.0018707180417116905,0.001014637128552513,2,Baseline
2021.0,58796306.67539546,51325221.42984275,1834118.511141988,5636966.734410729,0.1270672541865482,0.7545044058714527,0.0053844802708138025,0.0009952929855157472,0.003385176134328766,240072434.6200688,37099462.920132294,0.0,0.005370432226431322,0.005247537826814333,0.006202154626112745,0.0009840424214026097,0.004492998684978614,0.003486865136579892,0.6219637420712625,0.8657736756902144,0.007044517757157797,0.0028191093829342036,0.0015861843600804163,0.0008714959108833194,2,Baseline
2015.0,,,,,,,0.006977342217087654,0.0011809357307597992,0.004049071927934024,156149357.93618155,23557822.812498428,0.0,0.006976018574975625,0.006730807720713325,0.008852316241162436,0.0011812069940005838,0.005361682757271668,0.004049731658163188,0.7249553743959556,0.8834259329095329,0.009004743795621115,0.003995151615771661,0.001702699114559591,0.0011647532155194668,3,Baseline
2016.0,54983168.3609613,48628034.94816628,2878517.6581147565,3476615.7546802643,0.11558325215225757,0.5470562974619334,0.006223968820926665,0.0010701297719583167,0.0036659993391609676,156514640.7410113,23620141.607733086,0.0,0.006220539572106124,0.00602113111492217,0.0077071627016720495,0.0010700536749231428,0.004852729721184622,0.003665314430201666,0.7110384327017008,0.8720605316710364,0.00814413581834093,0.0036031027945019074,0.0015364313661797586,0.0010545588209786804,3,Baseline
2017.0,55783264.75382076,49185728.356105044,2629846.8503061226,3967689.547409597,0.11827089050509247,0.601389565472248,0.005501486484135143,0.000958966030661205,0.0032826052793788786,156843603.25445747,23677098.058590293,0.0,0.005496795632412155,0.005333768317135772,0.006683838274139411,0.0009585852821323645,0.0043438992058785555,0.0032809897433895853,0.6954500146387086,0.8586285413986404,0.007285549554437206,0.0032152634312812532,0.0013717793550463294,0.0009442719523109508,3,Baseline
2018.0,56564413.49147944,49733993.76111374,2388849.3643883867,4441570.365977321,0.1207547167689559,0.6502631670249516,0.004826235681238985,0.0008510640531091215,0.002911795512090607,157137249.02511913,23728586.702211577,0.0,0.0048208502845673235,0.0046858070612398215,0.005783468694842946,0.0008504689156592658,0.003852221134913246,0.0029096204662886443,0.6783885910115536,0.8428479828882657,0.006456804164610785,0.0028430242738614964,0.0012138725544289983,0.0008376050724722886,3,Baseline
2019.0,57327754.230017364,50274829.64894374,2173887.3364484757,4879037.244625151,0.1230280982711276,0.6917750485689219,0.004207604226907856,0.0007491607053305217,0.0025623247018917742,157397446.0043803,23774695.429306753,0.0,0.004201909090870805,0.004088359574014426,0.004996093169121961,0.0007483781006287027,0.003389110655880689,0.002559828572014326,0.660066576221237,0.8244870308997123,0.005677064731039574,0.0024944293698542534,0.001066034412953811,0.000737076542193259,3,Baseline
2020.0,58074897.13643303,50810236.50598701,1989091.1063775802,5275569.524068445,0.12509123543308995,0.726196279831525,0.003662938043073742,0.0006640830998604966,0.0023796082340107596,157626893.56480384,23815951.15195427,0.0,0.003653884394352779,0.0035554487167190987,0.004330844152522933,0.0006640407603249529,0.0028637556516528107,0.0021630227763874076,0.640805721921423,0.8039358606658413,0.005005717332554672,0.0021776625952335277,0.0009408643233180744,0.000666594916362625,3,Baseline
2021.0,58805824.00205667,51340483.26469363,1831583.7645098406,5633756.972853204,0.12694900316509386,0.7546550346532737,0.0031696684623568915,0.0005758015426445755,0.002048288733158171,157828422.1718199,23852413.385271423,0.0,0.003161801696295621,0.0030774143242389695,0.003733571765615498,0.000569145254882706,0.0027358092100455665,0.002066383572133553,0.6207213141435575,0.7801310279344185,0.004345978708022554,0.0018921418129800463,0.0007973007969362945,0.0005712877791097532,3,Baseline
2015.0,,,,,,,0.011041024473135444,0.0016491020242000518,0.0057271244983653925,212184781.40939727,29345459.19066334,0.0,0.011042629926731034,0.010607493723368113,0.014367000762528588,0.0016496033471283058,0.007624314368455819,0.005728687425495152,0.7735274048670207,0.9257163439954266,0.013244948880450334,0.005876663493936428,0.002713987246957506,0.0016521084068835184,4,Baseline
2016.0,55033605.47814722,48663857.02556522,2872134.6266047386,3497613.825977267,0.11574288831778083,0.5490976373736539,0.010317066080994159,0.0015578429913427013,0.005406529950337111,212776658.68726218,29434350.73219557,0.0,0.010316908944510282,0.009942757504474353,0.013102148144789568,0.001558168502491208,0.007196915330879906,0.005407552255314667,0.7654759442929244,0.9215634727443633,0.012493874807851638,0.005534698113929622,0.0025559678679541644,0.0015596262287591008,4,Baseline
2017.0,55834438.39614908,49222234.36447318,2624930.171409061,3987273.8602668466,0.1184251910041949,0.6030173662466742,0.009586610870751982,0.001461872949786253,0.005070381418946473,213336022.15700257,29519236.67280547,0.0,0.009585368034394174,0.009263278666059147,0.011927295002838163,0.0014619890434296443,0.0067490251596719515,0.005071020645020548,0.7562708485696397,0.9167603439575928,0.011708548163672085,0.005179507341298366,0.002391898243508695,0.0014626571800103738,4,Baseline
2018.0,56616305.2511403,49771185.818461955,2385166.9270540155,4459952.505624334,0.12090367611087591,0.6515521824692619,0.008863329754488893,0.001363414257671963,0.0047276378631806995,213861600.58325702,29599738.6937651,0.0,0.008861374221223933,0.008582814351634705,0.010844366474002316,0.0013633870778317777,0.006291813252225591,0.0047274849540197275,0.7459263818234103,0.91120939200987,0.010908127671940736,0.0048188284589455906,0.0022256203247589153,0.0013637856590494797,4,Baseline
2019.0,57380347.250348896,50312695.84006956,2171205.9229413285,4896445.4873380065,0.12317198743052851,0.6927966877676673,0.008156203833467239,0.0012645335292969567,0.004384397344482774,214352815.35738477,29675600.4086961,0.0,0.00815371912219129,0.007912022393288417,0.009842036997166856,0.0012643060774559236,0.005834028127306569,0.004383518564130942,0.734463309591471,0.9048451199411519,0.010107207858035771,0.004458896048182634,0.002059990562109568,0.0012647707787747878,4,Baseline
2020.0,58128175.77152914,50848754.1998958,1987206.9635354718,5292214.608097872,0.12523051816119032,0.7270103202596101,0.007501271558755653,0.0011806946686770555,0.00426863365396098,214810273.14743,29747159.53605616,0.0,0.007491615100783824,0.007277810231787236,0.008960195742717503,0.001182920790588106,0.005243593510698771,0.003939883215392195,0.7220847703384544,0.8979996940290664,0.00939414392551444,0.0041116984772328734,0.0019047127504261494,0.0011985218180769306,4,Baseline
2021.0,58859772.670103386,51379616.72300976,1830332.8398051132,5649823.107288517,0.12708434993485834,0.7553081977500378,0.0068517470036340905,0.001082615815875598,0.0038874601254032413,215234521.4997514,29813956.989296675,0.0,0.006840972866877326,0.0066574651945395195,0.008082873038691919,0.0010737704200425885,0.005175649652065591,0.0038888321818454238,0.708647058942357,0.8899298021366523,0.008621520442935023,0.003773952597307427,0.001710045552169589,0.0010885643706368701,4,Baseline
2015.0,,,,,,,0.010176860522835472,0.0012091864525213458,0.005107688347908557,158639739.7911588,18468139.539297134,0.0,0.010177326642807488,0.009069112328598403,0.018664537076599288,0.0012091594561447956,0.007098147213927076,0.0051076307100072224,0.7262304556619261,0.8976651998646753,0.010810617882235505,0.005208515303195761,0.0017235402968389401,0.0011410322397213393,5,Baseline
2016.0,54985500.104605846,48635002.87387424,2877468.196345819,3473029.0343857845,0.11549403422084463,0.5468908824302687,0.010162489431362201,0.0012121669177126426,0.005123351039872254,159203010.90449393,18535195.614920303,0.0,0.010162775220283794,0.009072006188769554,0.018303943131666268,0.0012122460974348045,0.007120187344684237,0.005123490179431489,0.7279883731323356,0.8983005313851096,0.01082564484235737,0.005207966079249695,0.0017264495577269544,0.0011445312074096717,5,Baseline
2017.0,55785631.30630125,49194464.20791999,2628637.9121111343,3962529.1862701187,0.11815169863707807,0.6011877907394109,0.010147431627729797,0.0012149042395484182,0.00513812305778471,159773491.90690905,18603373.257417865,0.0,0.01014773736250774,0.009072679523527506,0.017986654386691524,0.0012150122327747388,0.007140996490894204,0.005138463866371342,0.730016482745529,0.8987684251392305,0.010839582833545714,0.005206960792818905,0.0017291914019111508,0.0011478312029332347,5,Baseline
2018.0,56566814.141593054,49744650.30306183,2387533.123279592,4434630.715251629,0.12060364264910842,0.6500328664352898,0.010131602955623528,0.0012168566661609494,0.0051508111091836065,160350938.43185785,18672622.971342452,0.0,0.01013197236289971,0.009070520008663206,0.017711175359150202,0.0012169863660134051,0.007158661679136976,0.005151175247981873,0.732189950813726,0.8990036452825106,0.0108502214101893,0.005204754549193691,0.0017312770593728378,0.0011506656506753941,5,Baseline
2019.0,57330187.62288308,50287520.12223988,2172513.272341513,4870154.228301682,0.12284396393344693,0.6915212492790408,0.010114035500258727,0.0012180323645706826,0.005160212811875786,160935082.88946778,18742878.658234462,0.0,0.010114457908860773,0.009065019173325268,0.017469031642172433,0.0012180531969193825,0.007171852956082409,0.005160667326576499,0.7343989285558931,0.899034419723242,0.010855990323089666,0.005200665088872243,0.0017326691820560266,0.0011527659444187355,5,Baseline
2020.0,58077362.51987334,50825037.02510986,1987700.3051064855,5264625.1896569915,0.12487353385377689,0.725922353244942,0.010144560221691221,0.0012323060905472696,0.005434888010776705,161527026.8042469,18814617.749770924,0.0,0.010142557826133004,0.009085031960369193,0.017431877835149538,0.0012368465112020143,0.0070874482843127735,0.005099932055722435,0.7369034024535446,0.8994370737984653,0.01094157181140832,0.005205782738434301,0.001722756381415343,0.0011805553194476912,5,Baseline
2021.0,58808320.45704566,51357443.69012059,1830213.8829937186,5620662.883931339,0.12669766300105903,0.7543626152672178,0.01010487045112963,0.0012237541271603884,0.005295204030987792,162125051.90755686,18887000.43651989,0.0,0.01007337421396203,0.009058447506798286,0.01696756190154369,0.0012101237145662796,0.007485982485044311,0.005386706260496881,0.7390074726717448,0.8985980638170744,0.010904407355279446,0.005200366846823157,0.0016668995112658963,0.0011493506112792695,5,Baseline
2015.0,,,,,,,0.012545326661951921,0.001908193715759338,0.006210719322920274,212159704.63583237,30949372.213686973,0.0,0.012547362970746169,0.011992281487858952,0.016791523189505633,0.0019085304027738489,0.008009929607904679,0.0062119492385500205,0.7403189921077662,0.9324900251540476,0.015030953178630842,0.00640034015059315,0.0037534834188847127,0.0017615339713391584,6,Baseline
2016.0,54990206.46833292,48630025.57969944,2879569.916237151,3480610.9723963346,0.11566024747144946,0.5472503114835402,0.012198463583152627,0.0018674629904453595,0.006078455887699506,212845006.86197537,31053950.292821072,0.0,0.012199631233259794,0.011686124749108252,0.01602512287383108,0.0018678064207257726,0.007839353768197478,0.006079662375936721,0.7385530270439907,0.931448143861008,0.014697167280009618,0.006251256334343278,0.003667990297796288,0.001724020356217706,6,Baseline
2017.0,55790405.37192231,49187790.18555678,2630964.68492813,3971650.501437401,0.11834678637571677,0.6015268782646762,0.011835633527819252,0.0018225844214065606,0.005933186124028987,213520119.7565065,31157614.668337353,0.0,0.011836376678525953,0.011359661713631293,0.015305061929328527,0.0018228753211740711,0.007651723479670449,0.005934149258469238,0.7364589031025899,0.9301941978682978,0.014332821138699348,0.006090240674625985,0.0035750335972178074,0.0016828177820215643,6,Baseline
2018.0,56571654.93774925,49736212.89809703,2389957.9675569707,4445484.072095249,0.12082803741863049,0.6503579499770626,0.011462138323800882,0.0017740742341190011,0.005777449323904976,214183527.85651267,31260042.155520476,0.0,0.011462662119151607,0.011017917522236638,0.014630852094846552,0.001774339201753239,0.00745039884927624,0.0057780157534696435,0.733984179600831,0.9286752719293633,0.013943830402200198,0.005919224653944283,0.00347632663110173,0.0016386464630901679,6,Baseline
2019.0,57335091.62268812,50277263.22852729,2174947.307978742,4882881.086182088,0.12309788289180948,0.6918390209404713,0.011080545959482671,0.0017227680912277618,0.005612681616796975,214833936.55284676,31360942.287557602,0.0,0.011080902334004517,0.010664810501724997,0.013989370218115624,0.0017228710676066206,0.007237652337068589,0.00561302422430502,0.7310861862891643,0.9268836408179814,0.01353455975272172,0.005739895295586893,0.0033730647534301536,0.0015919137259691586,6,Baseline
2020.0,58082328.53489576,50812920.08240111,1990085.728486153,5279322.724008501,0.1251569734868189,0.726238284519119,0.01074212799500596,0.0016903285988817927,0.005751386378547423,215471241.13636595,31460719.124323383,0.0,0.010728934347810474,0.010332346087182951,0.0134548251475462,0.001691543030988856,0.006769215762186879,0.005249737108550794,0.7279055536161256,0.9251553017842674,0.01322209026272286,0.005564890102879586,0.003303378683881975,0.0015866220331100071,6,Baseline
2021.0,58813348.72185518,51343423.95362607,1832514.3350058817,5637410.433223232,0.1270107030218001,0.7546810186362407,0.010363347311811436,0.0016322885174302239,0.005520705789022576,216094901.58957633,31558739.691758297,0.0,0.010353612816527292,0.009986445956310153,0.012840085051257484,0.0016220592322650203,0.007171943675698354,0.00556206511617958,0.7242737414262304,0.9229506090559003,0.012786696003761158,0.005385585497816406,0.0031338825669205194,0.001521194556219054,6,Baseline
2015.0,,,,,,,0.008311372213442355,0.0011977756463868966,0.0041282924640784965,151895352.73901898,20645330.14918683,0.0,0.008312919797270566,0.007958621788896031,0.011022733934406613,0.0011981062186097993,0.005701230339066835,0.004129668745255383,0.6595809057040516,0.9112121939824768,0.009471725498071237,0.004178939535707964,0.0019248551713958412,0.0011338453595296162,7,Baseline
2016.0,54992155.68419579,48633507.46576662,2878235.6102598556,3480412.608169304,0.11562827714820012,0.5473510231438948,0.007887502424557942,0.0011465181051480834,0.003950200268804216,152343968.1796003,20710264.03794643,0.0,0.007887913418035157,0.007572146565886992,0.010241089935113938,0.0011467753875962204,0.005454583562354592,0.00395101090750317,0.6533820267859898,0.9079523721625069,0.009057844292404596,0.003991520029216738,0.0018380829703493738,0.0010849319138526857,7,Baseline
2017.0,55792384.9005128,49191500.83643123,2629707.323066921,3971176.74101465,0.11831155946912929,0.6016128601051546,0.007454264205050556,0.00109183088849986,0.003760939180565106,152774860.43966502,20773143.332909703,0.0,0.007453981072925887,0.007171833341780704,0.009507678226253865,0.0010919790594658791,0.005192610792254556,0.003761251733351168,0.6462428811902932,0.9042356585385196,0.008618795075158992,0.0037941807401374833,0.0017466662352036153,0.0010329509051168278,7,Baseline
2018.0,56573663.72718026,49740105.99854557,2388807.015523999,4444750.713110674,0.12079043990484141,0.6504299648316169,0.007020315952660826,0.001034991764945501,0.003565003582034557,153186951.4246631,20833705.315386187,0.0,0.0070195864939369725,0.006766217155997438,0.008825147302240934,0.0010350484523068619,0.004921706410241629,0.0035650229734489475,0.6381792186183324,0.9000168963440669,0.008165472799335622,0.0035910738216701817,0.0016530638463945957,0.000979136726229647,7,Baseline
2019.0,57337131.13946887,50281296.34941307,2173914.0252796477,4881920.764776152,0.12305873436347795,0.6918983947380015,0.006591171889456293,0.0009772153736454067,0.0033663807002362405,153579584.43515527,20891756.730477437,0.0,0.006590118754719957,0.0063618747859584416,0.008186119188673523,0.0009771319824108048,0.00464706433654421,0.0033660868280162813,0.6292181901569385,0.8952907018664861,0.007706228438541603,0.003385876023829729,0.0015587062067639592,0.0009245844785914239,7,Baseline
2020.0,58084396.33389872,50817051.4964146,1989170.033792153,5278174.803691977,0.12511699003821486,0.7262865491764967,0.006199930804901379,0.0009305831381638311,0.0033472269110067254,153953085.86985457,20947586.651212424,0.0,0.006192587943441469,0.005982680288940819,0.00763588227414728,0.0009334915772520553,0.004288258864609681,0.0031061871826848506,0.6196163471138514,0.8905418810846696,0.007313148704403144,0.0031883860443108055,0.0014568010683104957,0.0008945278514969748,7,Baseline
2021.0,58815442.44321685,51347624.42571874,1831707.0382192514,5636110.979278877,0.1269703619879746,0.754719914983559,0.005786849858381408,0.0008659889650480283,0.003055531850700446,154307197.08125302,21000603.127844244,0.0,0.005778758097931309,0.005593809987904888,0.007031685600795808,0.000858898886838522,0.004366609213499759,0.0031629400180818745,0.6090791929986487,0.8846710246567152,0.0068338131252381465,0.002990553653760406,0.0013100431535244283,0.0008144131083183293,7,Baseline
2015.0,,,,,,,0.00899570854756692,0.0011051872147096063,0.00451602756953683,164204999.34335276,18964381.095713526,0.0,0.008997578824771963,0.008638537652463843,0.011745416437669806,0.0011055045936730734,0.006086747624848122,0.004517766034955762,0.696008079152878,0.9124313149574895,0.010433254158076877,0.005363855984593451,0.0019801054726672797,0.0007042655517465208,8,Baseline
2016.0,54970703.27599637,48618107.27488835,2880986.966945676,3471609.034162349,0.11556330231419767,0.546486669946716,0.008535024618852725,0.0010584298232962559,0.00432221040479703,164690322.26116633,19024288.3516802,0.0,0.008535723768877927,0.008216513339863785,0.010915999618161368,0.0010586962776991881,0.005824033747370302,0.004322771941930553,0.6905733140839998,0.9090904560745492,0.009979487396550985,0.005124977829042891,0.001892247974344959,0.0006740401489203328,8,Baseline
2017.0,55770619.19270142,49175822.46341735,2631819.5956478873,3962977.133636189,0.11824858365831309,0.6009248345803686,0.008061259087960055,0.0010081284323773514,0.004113699031554382,165156280.83467415,19082320.89405795,0.0,0.008061215685559677,0.0077766381145916675,0.010133787432466988,0.0010082995006960214,0.005543109125081084,0.004114261289742345,0.6842789536492722,0.9052161354889808,0.009494725776043132,0.004871208488279681,0.0017989056885524385,0.0006415232133921425,8,Baseline
2018.0,56551587.86832899,49724140.24423905,2390383.415921374,4437064.2081685625,0.12072954768284347,0.6498862316442889,0.007583540626822016,0.0009553602391256699,0.003896918574870951,165601526.88596433,19138212.065793797,0.0,0.007582996204654083,0.007327899925874616,0.00940185429763132,0.0009554504324856163,0.00525059155728229,0.0038971460068556894,0.6771193154272453,0.900733199263988,0.008990351923987979,0.004607921763762535,0.001702295520848867,0.0006077167306851121,8,Baseline
2019.0,57314753.12438386,50265041.50084923,2175058.1458373168,4874653.477697313,0.1229999474696405,0.6914684937499938,0.007107993277883315,0.0009012780640602089,0.00367550272079296,166025159.62471455,19191755.981672682,0.0,0.007107055490939965,0.006877524672536748,0.008712886034202392,0.0009012206144998809,0.004952200067888795,0.00367567092377537,0.6691003559052806,0.8956120599735934,0.008475484093234033,0.004339737321069704,0.0016040826695002735,0.0005731873669386335,8,Baseline
2020.0,58061727.9003409,50800511.5528633,1989972.3062616303,5271244.041215964,0.1250602868716031,0.7259450468029495,0.006666777325352967,0.0008573031557544011,0.003634358911690824,166427313.93494436,19243235.55259347,0.0,0.006661747111055445,0.006450817276554382,0.008112784731518427,0.0008612106071315387,0.004552064527901331,0.0033786783649658926,0.660413930397278,0.8903070680300361,0.008019521056464054,0.004078038026354225,0.0015138869104798038,0.0005515531552079337,8,Baseline
2021.0,58792489.69418687,51330797.177881576,1832242.307797973,5629450.208507319,0.12691574306714673,0.7544468223805582,0.0062070219578560844,0.0007965879444271095,0.0032895817644302814,166807588.00738102,19292046.12623839,0.0,0.006199207161606647,0.006013092663118362,0.007460628598077153,0.0007896474225743052,0.004610457019587847,0.0034220190177899463,0.650840801671579,0.8837495309921404,0.007484120207083491,0.003816244048285012,0.0013624600007390495,0.000497785842208571,8,Baseline
2015.0,,,,,,,0.011007903377388755,0.0014507593438236408,0.005596533779082797,257223831.46042243,29285302.134291276,0.0,0.011004162993115895,0.010344239637183008,0.01605228501718776,0.001450998721954843,0.007708041907925206,0.005597767138484812,0.7843048334419156,0.9021145148507679,0.013175062012011365,0.0059905891571124855,0.0025992734012256933,0.001494103189639516,9,Baseline
2016.0,54978750.09932245,48622500.480568014,2881677.1568729794,3474572.4618814616,0.11561284327620198,0.5466387681864407,0.009695048623725395,0.0013032071388958894,0.005018678459115957,257796519.24823108,29361530.12933992,0.0,0.009687921234677245,0.009145273157309541,0.013732032888822084,0.001303038379871675,0.006909277982270712,0.005017685386484624,0.770262558991518,0.8919643767877661,0.011785588152700638,0.005335796255596987,0.0023217613983935424,0.0013398335093707204,9,Baseline
2017.0,55778782.184182905,49179733.90568656,2632889.3871583086,3966158.891338033,0.11830750009396267,0.6010198325510299,0.00844975225642964,0.0011559363023337065,0.004444413179933568,258305409.41679168,29430545.46694114,0.0,0.00844061177146685,0.007994505183927018,0.01168751817773798,0.0011553913294224914,0.006116327187354864,0.004441825271135738,0.754471634402439,0.8797045582007916,0.01041329424988019,0.004695770153777675,0.0020490323273452196,0.001186522260087731,9,Baseline
2018.0,56559868.13283339,49727579.75292151,2391677.544045347,4440610.835866547,0.12079745949665155,0.6499448777546786,0.007298403128834029,0.0010136529441643568,0.0038923037399435367,258752999.81111515,29492248.798162192,0.0,0.007288171001121383,0.006919579641792592,0.009914405716370051,0.0010128174033728417,0.00535465385655908,0.0038886796094583596,0.7370735881525226,0.864937289651194,0.00910091164847772,0.004088727080441573,0.001789309802434187,0.0010391259416017578,9,Baseline
2019.0,57323147.30651201,50268040.84604493,2176451.8089382686,4878654.651528815,0.12307604854183592,0.6915068792889375,0.006255954357687452,0.0008800487716931695,0.003375652938898039,259143223.52843773,29546798.332161978,0.0,0.006245309024356244,0.005938177140581323,0.008392414241354052,0.0008789561592709076,0.004642311483818559,0.0033713592869820796,0.7182426061459531,0.8473248050144915,0.007878183965744948,0.00352728038674127,0.001548047309439241,0.0009011959942016371,9,Baseline
2020.0,58070230.5263748,50803117.13820356,1991374.1658551362,5275739.222316114,0.12514352573252854,0.7259745294333078,0.005346241810484389,0.0007664297832566207,0.003049055273722941,259481359.55980334,29594886.05748023,0.0,0.005333327703166631,0.005070199573162281,0.007141992465963999,0.0007675751804460367,0.0038938444584819478,0.002827804364899192,0.6982684326840676,0.8271032140285638,0.006812961493056319,0.0030229514416450763,0.001335676580318437,0.000793117009350842,9,Baseline
2021.0,58801098.5697014,51333062.95546864,1833592.0377724138,5634443.576460355,0.12700503555014947,0.7544746527081487,0.004534425987225961,0.000652816224286058,0.002583410612324883,259772598.08707708,29636612.652359277,0.0,0.0045177635757678546,0.004298179823956931,0.006004781193087942,0.0006438608429887913,0.0035736102814012695,0.00259524253214227,0.6772845037477712,0.8027445798816537,0.005803512913268721,0.002573582796701454,0.0011183253677364302,0.0006688041397611455,9,Baseline
2015.0,,,,,,,0.00966016417083716,0.0014652696022708616,0.0054250775683644505,218313439.57175046,28796179.405657396,0.0,0.00965817783721702,0.009091216788612851,0.013996405383476213,0.0014656334388612508,0.007041834755897154,0.005426833536674941,0.7430525457120092,0.9017426149282736,0.012682687471722779,0.005464713619520461,0.0025824007428642956,0.0018228511802978655,10,Baseline
2016.0,54986277.64760523,48630746.75801372,2879385.37690279,3476145.512688732,0.11558394496755534,0.5469480949863101,0.008592825684995848,0.00132904478966644,0.004915944519774445,218818523.0916646,28873545.649314743,0.0,0.008588107802296007,0.008123371432504366,0.012052729016530121,0.0013290467407089423,0.0063786659189164615,0.004915758368090755,0.7279485413727984,0.8925764110162459,0.011460940329341675,0.004917384671901757,0.0023289531769828346,0.0016517801187589725,10,Baseline
2017.0,55786420.33033773,49188400.70152049,2630911.689193979,3967107.939623268,0.11827286263838507,0.6012573715750534,0.007567807287462902,0.0011912340748168365,0.0044020876923689806,219271938.1688289,28944299.827307522,0.0,0.007561400104045837,0.007182079249529884,0.010323229024161447,0.0011908862875418596,0.005710051971677048,0.004400486891587753,0.7110142398350376,0.8815951339066399,0.010237323583615019,0.004375256874511358,0.0020767327373447143,0.0014791218456676701,10,Baseline
2018.0,56567614.03203006,49736588.05998376,2390027.852464024,4440998.119582271,0.12075860170058418,0.6501216856377916,0.006607002587527378,0.001056176526198883,0.003900174813691871,219674983.66436142,29008240.38182981,0.0,0.00659958204741166,0.006290074183127336,0.008805694806771463,0.0010555461227240962,0.005057504484880936,0.003897597132260518,0.6924067803779526,0.8684950743716037,0.00904972976314357,0.0038536024850441214,0.0018332827726556112,0.0013104767946478567,10,Baseline
2019.0,57330998.49648821,50277313.71782152,2175112.630592386,4878572.148074307,0.12303439611467368,0.6916345571365989,0.005723873317606272,0.000927412165308744,0.003422603645520565,220030149.53573424,29065402.980849996,0.0,0.005715934805424924,0.005462934684840956,0.007485311742886552,0.0009265042569525704,0.004436983862662015,0.0034193890743334588,0.6723139251646912,0.8530305379053473,0.007925744799159275,0.0033636153765388,0.0016038011762578388,0.0011500106710566056,10,Baseline
2020.0,58078184.165604815,50812581.770267755,1990313.469568105,5275288.925768956,0.12510037115864084,0.7260635304175943,0.004945629395449129,0.0008199282185130509,0.003161079480677228,220341181.04152375,29116411.035585016,0.0,0.004932767840323135,0.004720695730591848,0.006391061327533263,0.0008197095583267984,0.0037190369032132744,0.0028660988066476823,0.6510713595878793,0.8355522627145906,0.006950396444099925,0.0029169078381651135,0.0014036751381800616,0.0010344288836816988,10,Baseline
2021.0,58809152.72346857,51342654.90265158,1832772.8809739877,5633724.939843012,0.12696149281262123,0.75453379550127,0.004235516275197899,0.0007053528951106471,0.002705177396743215,220611899.91077304,29161240.969285823,0.0,0.004222706600833777,0.0040518746943233415,0.005380020676439835,0.0006964337490990338,0.0035758509519502927,0.002755751667126434,0.6287967199124705,0.8147200822016943,0.00598665930694439,0.0025127325218367424,0.0011765905286870635,0.0008812436727189154,10,Baseline
2015.0,,,,,,,0.015414762872960397,0.002307453853167246,0.007666674282969391,359496433.1958914,46193859.90247552,0.0,0.015410105776868455,0.01435037961088286,0.023491637488480772,0.0023079579992182557,0.010135315827602707,0.007668524800236036,0.76305100895471,0.9315880641759798,0.018336689976440758,0.008085994185490185,0.004094479128467514,0.002095442923981343,11,Baseline
2016.0,54988532.95144346,48613831.79126426,2889057.3673795788,3485643.792799621,0.11592782745828577,0.5467932857109236,0.013583084832746197,0.0020777149527707534,0.006897096900177709,360298767.06038225,46315268.93173749,0.0,0.013574227499316298,0.012726846262337395,0.019867963295714473,0.0020776038263306076,0.009114927414253897,0.00689648434419738,0.7466233645244504,0.9250322808748114,0.01644474392453118,0.007217247283548863,0.0036678610775605952,0.0018851032875617918,11,Baseline
2017.0,55788708.3978352,49168692.99821672,2640482.2976301573,3979533.1019883254,0.11866228112704187,0.6011365324343007,0.011833387281678468,0.0018466993376000675,0.00612445043834498,361011792.86983895,46425436.681880176,0.0,0.011821880485084915,0.011152786885488819,0.016673913914901178,0.0018460100410351977,0.008091261576010433,0.006121964141645485,0.7281147591062664,0.9170504335333957,0.014561197844596993,0.0063623641529541655,0.0032443889001907726,0.001673924815459082,11,Baseline
2018.0,56569934.03645094,49714344.48170619,2399086.7179423496,4456502.836802406,0.12118786545388836,0.650053916036741,0.01020018463347846,0.001621156751234727,0.005372413720220811,361638202.7424864,46524091.70513041,0.0,0.01018703341453419,0.009664473330827312,0.013895798053724174,0.0016200236202236556,0.0070953416621927804,0.00536843690203406,0.7076367914702528,0.907369964285549,0.01274077080223,0.00554421278108805,0.002835877086897873,0.0014683793649280731,11,Baseline
2019.0,57333349.39626625,50252796.18382857,2183431.5014030556,4897121.711034633,0.12349798654705493,0.6916298153698438,0.008705337834319305,0.0014068068816417115,0.004658982008145381,362182629.78560865,46611341.51349503,0.0,0.008691329642686527,0.008287382930660144,0.011503695754529024,0.0014052589854365665,0.006151023176878645,0.004653952040673052,0.6853640023930045,0.8957428708139283,0.0110241106242615,0.004779170009271371,0.002451336188929067,0.0012733853717525417,11,Baseline
2020.0,58080565.45205912,50786046.93607679,1997788.7214212818,5296729.794561049,0.12559310432339668,0.7261246623688574,0.007389529507847911,0.0012218045856757184,0.004210580581111805,362651800.949474,46688090.209194764,0.0,0.007371764328690515,0.00705331178276011,0.009551393475290527,0.001222194248391124,0.005106588070264896,0.003863717512855206,0.6616524409871586,0.8823450646372875,0.009514142954071974,0.004084037599861274,0.002118897704558893,0.0011212615429267805,11,Baseline
2021.0,58811563.72103552,51314334.04552154,1839381.9433381995,5657847.732175767,0.12747883581324304,0.7546584507947461,0.00620498128128268,0.0010383100998439278,0.003570651600825649,363052545.24383366,46754620.823850244,0.0,0.006181340332544428,0.005947813331585321,0.007755831951424254,0.0010278401985268618,0.004713846776718498,0.0035665638374409456,0.6366930035765594,0.8659616970418488,0.00807602747037469,0.0034589815021087993,0.0017687310465697777,0.0009463571966485056,11,Baseline
2015.0,,,,,,,0.011130728004265487,0.0015212450915568702,0.005744835060275712,235088452.72856486,28582721.796710946,0.0,0.011130308540814385,0.0102760762851219,0.017665143898553476,0.0015216586176270055,0.007614494626033954,0.005746640974808558,0.7875674187494421,0.9024726734689119,0.013159035845216426,0.005868809941193305,0.0030496923261830603,0.0012180951937103975,12,Baseline
2016.0,54980618.64916088,48624442.153668106,2881530.8483456927,3474645.6471470743,0.11560758412073227,0.5466565709135016,0.010121630060030772,0.0014055301402207073,0.005303076114531389,235676644.8692187,28663758.10962449,0.0,0.010118791094962332,0.009384822921167761,0.015589213531225199,0.001405699892697305,0.007027283047309599,0.005303473793674759,0.776027519783366,0.8955319901139924,0.01211984217694342,0.00538607348952602,0.002807307422471216,0.0011244276744615672,12,Baseline
2017.0,55780678.411142245,49181925.16693096,2632792.497509119,3965960.7467021723,0.11829818912516461,0.601016676927764,0.00913383368516326,0.0012867003048002892,0.0048504129104609325,236217050.85347247,28739349.39743928,0.0,0.009129465742881078,0.008500578187051314,0.013707268892656622,0.0012865872920453931,0.006426206622321876,0.0048498428460590475,0.7630014837916146,0.8873083454419446,0.011062614286964086,0.004899936350168488,0.0025614840457980244,0.001028448091503565,12,Baseline
2018.0,56561791.3548362,49730003.424700625,2391637.6475780457,4440150.282557536,0.12078450428270326,0.6499250749531709,0.008186945080476751,0.0011678957444916887,0.004399818837090444,236709745.35133404,28809200.506096948,0.0,0.008181583409657524,0.007642824162129277,0.012020840933472943,0.0011675607949706457,0.005828057885859674,0.004398421418005809,0.748529099241356,0.8775956106285893,0.010016137500803681,0.004422828949343708,0.0023185226204562783,0.0009329072327446641,12,Baseline
2019.0,57325096.58699386,50270663.60632563,2176472.3356050663,4877960.645063167,0.12306011503988937,0.6914745179989081,0.007293783396653817,0.001051982481609417,0.00396120901528289,237155859.63619775,28873194.507516235,0.0,0.00728779815006056,0.006825865847677703,0.010517618961605966,0.001051406041056371,0.005245991771088161,0.0039591375062736365,0.7326725439338383,0.8662695838227503,0.009002436633866559,0.003964026393782941,0.0020834161533039323,0.0008399074320102085,12,Baseline
2020.0,58072205.32455063,50805893.98622534,1991454.4842253122,5274856.854099976,0.12512545886135618,0.7259332291858148,0.0064915424142611335,0.0009546110873587516,0.0037476584887108306,237558020.48257422,28931840.670399122,0.0,0.006481005134256198,0.006076079884131579,0.00926482336318263,0.0009563247492468352,0.0045343928500242514,0.0034220954938674196,0.7156979699490025,0.853861391587004,0.008111163858407867,0.003536378625829063,0.0018833094525728565,0.0007736891955541629,12,Baseline
2021.0,58803098.33491562,51335937.85059952,1833730.6879317812,5633429.79638432,0.1269858340080409,0.7544273098477904,0.005725255849474439,0.0008446669654065679,0.0032843637451866617,237918469.13244128,28984784.020216543,0.0,0.00570925937303247,0.005370486220615827,0.00800382387605468,0.0008342558805104633,0.0044411751111214665,0.0033517442881389288,0.6974958163132068,0.8387924857116652,0.007187533060840601,0.003136000088072749,0.0016324742763689764,0.0006754553743152643,12,Baseline
2015.0,,,,,,,0.010562478956603687,0.0013188062719531701,0.004779789623836734,168667613.87352633,20481169.698744822,0.0,0.010563387047649548,0.009476756233062152,0.018871946512191214,0.0013188445273312796,0.006658134579721767,0.00478012555646098,0.723125077868666,0.8973451211330155,0.010661542510185276,0.004893988952770638,0.00186096108609373,0.0013330012027837875,13,Baseline
2016.0,54989490.00099154,48629504.461768694,2880975.337326343,3479010.201896508,0.11565820194201058,0.5470154264409886,0.010468903359427515,0.0013135571645539283,0.004764357163944961,169250095.97069633,20554076.13473664,0.0,0.010469479914991916,0.009411699415202649,0.01835015750989585,0.0013136889264779383,0.006636810363979119,0.004764816098921054,0.7237449223326877,0.897554702908918,0.010606897279870325,0.004859368125824267,0.0018521137718440278,0.0013286973548706795,13,Baseline
2017.0,55789679.39661433,49187507.70994754,2632321.637934021,3969850.0487327725,0.11834037689536277,0.6012945795926448,0.010370013768127436,0.0013071762273342675,0.004744908153583231,169835474.65270615,20627699.71606496,0.0,0.01037049511103739,0.009339685563496711,0.01787173813127548,0.001307330343616407,0.006609831013522407,0.004745446607200699,0.7244799903995922,0.8975583831870306,0.01054442847890933,0.004821602222500542,0.0018418126201310634,0.0013232733600413151,13,Baseline
2018.0,56570918.72967327,49736239.42167897,2391235.1898160637,4443444.118178243,0.12081612711036452,0.6501320571077692,0.01026708909977762,0.0012992835499873732,0.004720748680627442,170423150.38899463,20701929.73639483,0.0,0.01026754583247051,0.009261283489330066,0.017436984874906847,0.0012994507799747202,0.006576100690219346,0.004721230337835737,0.7252287508213422,0.8972839898525328,0.010473341555533913,0.00478065712609487,0.0018298696163244847,0.0013165356981266387,13,Baseline
2019.0,57334347.084412366,50277656.56714853,2176134.6926416443,4880555.824622208,0.12307963508984254,0.6916210669409639,0.010160211715315125,0.001290026606743188,0.004691532639619626,171012565.2494815,20776646.56854795,0.0,0.01016065210100243,0.00917697528012639,0.017038096909765963,0.001290090727073331,0.006535323304095409,0.00469195471668422,0.7259025249611701,0.8967596930554042,0.010393414874974412,0.004736548852769925,0.0018163723138354393,0.0013083878462609878,13,Baseline
2020.0,58081575.73385489,50813719.763535015,1991183.9044918888,5276672.065827981,0.12513186631890125,0.7260287060415902,0.010105195926376515,0.0012945714424927,0.004919590388007009,171604677.04426944,20852297.364231605,0.0,0.010101186480076886,0.009119109035538617,0.016853311337050314,0.0012985500801318962,0.006357524368319584,0.004564306164880054,0.7267495432933974,0.8966158416657813,0.010394055174256647,0.004701089907718706,0.0017936856002612883,0.0013340614655537836,13,Baseline
2021.0,58812586.64394447,51344652.32488983,1833533.1643224773,5634401.154732157,0.12697850486097528,0.7544792058971156,0.009976108815457392,0.0012756844789002892,0.0047815165546893565,172197726.17869705,20928048.0319727,0.0,0.009945605547811522,0.009015602120931438,0.016245865377955835,0.0012621432957286279,0.0067463333788406465,0.004843446795866415,0.7271781390193452,0.8951883276912044,0.010269173491507536,0.004655003277703033,0.0017315851596452266,0.0012955550457382477,13,Baseline
2015.0,,,,,,,0.008006574020609412,0.0012886767543528138,0.0041959608570997595,187186368.81764904,26608457.428813465,0.0,0.008003771388473883,0.007646876998515548,0.010732256141728246,0.0012888422554639387,0.005757674790031521,0.004196366890891939,0.7026764145626896,0.8954032632462481,0.009113132981601862,0.004080721345848921,0.0015937489296369844,0.0011265498820474604,14,Baseline
2016.0,54977498.906993076,48618098.6442858,2882803.0585632687,3476597.2041440113,0.11567278230436873,0.5466863321265422,0.007036193979382882,0.0011517545544164572,0.0037479923874976966,187602461.90406132,26675999.73527594,0.0,0.007030769345895897,0.006747205704000704,0.009142681146526348,0.001151490697604212,0.005140804800973227,0.0037467734538767245,0.6854860589835221,0.8843124716419262,0.00812859266452754,0.003626543809301436,0.0014180219285426568,0.0010062773523985531,14,Baseline
2017.0,55777514.63170999,49174869.117541164,2633907.373474223,3968738.140694595,0.11837468122710432,0.6010830253082585,0.006117410920109976,0.0010163797131512223,0.0033055268133806185,187971340.9908188,26736838.14829149,0.0,0.006110466695631618,0.005885790430540646,0.007744603044009671,0.0010157527729359598,0.004532388379885525,0.003303341231940649,0.6663794594573639,0.8710150992101696,0.007159987447493113,0.0031837321219663484,0.0012465205325499493,0.000887482264144038,14,Baseline
2018.0,56558582.29276907,49722298.23902655,2392571.6945309136,4443712.359211592,0.1208708524261669,0.6500186832902143,0.0052702133408667595,0.0008868414198093615,0.0028833487774994017,188294968.20688272,26790955.553668838,0.0,0.005262480777115958,0.005083906294926736,0.006533907163180745,0.0008859672159864446,0.003952158333262087,0.002880452089093216,0.6456314130578217,0.8551601517337749,0.00623809778363551,0.00276531542533753,0.0010841921498087653,0.0007741340626897111,14,Baseline
2019.0,57321843.33811793,50262386.53616309,2177223.297472634,4882233.504482197,0.12315474155836204,0.6915877016387805,0.004505528904060318,0.0007663152153586626,0.002491084299316634,188576379.06972805,26838566.665989254,0.0,0.004497529362985524,0.004354714910794431,0.0054951620299357,0.0007652451340516113,0.003413343154296294,0.002487747349805526,0.6235351728113023,0.836447083252884,0.005383614915049497,0.0023799039537811344,0.0009344100482783524,0.0006688171837487455,14,Baseline
2020.0,58068909.82511085,50797130.7072076,1992032.6595535618,5279746.45834969,0.12522672011243272,0.7260597953739902,0.003839806027542832,0.0006632458277618644,0.002245869822849802,188819555.4720349,26880291.95437208,0.0,0.0038297124234710996,0.0037121240928972995,0.004637346797245718,0.0006634997320231247,0.0028575021438960258,0.002082633671506022,0.6004921376260461,0.815138041720972,0.004643729205534143,0.0020352624114457923,0.000802632105229621,0.0005875060928965412,14,Baseline
2021.0,58799761.626648456,51326786.984686896,1834146.846910228,5638827.795051333,0.12709192070218797,0.7545626828958718,0.003249525076323698,0.0005634460863037378,0.0018932832132215346,189028506.93279505,26916386.08132328,0.0,0.003238232374150416,0.003144307891899826,0.003873776483461217,0.000557435496373538,0.0026057828270395858,0.0018991730479764404,0.5766949151873293,0.7899495018962,0.003947481216830701,0.001729805242819456,0.0006669756979519957,0.0004928421012589294,14,Baseline
2015.0,,,,,,,0.014232853630820682,0.002178795012852756,0.007775797005755236,312162133.42292404,41965830.56937724,0.0,0.014231563219135617,0.013616315196024763,0.01894906062622819,0.002179368471110505,0.010397420583485518,0.007777927372779751,0.8212760098037915,0.9399606280896535,0.019430048506103033,0.008791410456338326,0.003735514723205818,0.0027612887610888514,15,Baseline
2016.0,54961846.19857068,48620803.35999454,2878127.5281309243,3462915.3104452244,0.11537172196994089,0.54611132562902,0.012792012395642609,0.001994656985825066,0.007107819339477956,312909759.9323082,42081339.04811013,0.0,0.012787645931493183,0.012301820073124714,0.01641708128000167,0.0019948275384084266,0.009502042066053484,0.007108127683153343,0.8081039816871012,0.9338680642943791,0.017730166049099896,0.008001009182308082,0.003400391450727917,0.0025240810226172038,15,Baseline
2017.0,55761633.827914484,49178711.80751526,2629303.956674842,3953618.06372438,0.11805468327407198,0.600587102729285,0.011385214589646668,0.0018063954860382601,0.006427912051807653,313587984.33044314,42188019.4009577,0.0,0.011378856517178343,0.010998815844343552,0.014151677080968227,0.0018061794081937325,0.008590931971039597,0.00642655977977522,0.7930786951098878,0.9265761791787877,0.016006164190792895,0.007204424728008555,0.0030629892764326085,0.0022826369171915035,15,Baseline
2018.0,56542479.93597987,49726943.029706895,2388313.4394595325,4427223.466813439,0.12053834416159057,0.649578093068303,0.010038232177879244,0.001618830434600848,0.005753753571208449,314197078.9670843,42285450.68929262,0.0,0.010030455173564788,0.009734926652375495,0.012141215656155493,0.0016182857159183256,0.0076882970331581075,0.005751331829285188,0.7761999939633062,0.9178212900142944,0.014302329605866203,0.006420342255246441,0.002731863535514816,0.0020432342894874233,15,Baseline
2019.0,57305525.723333284,50267544.31443022,2173439.5881420462,4864541.820761001,0.12281505701355723,0.6911842385101152,0.008769379384592296,0.0014361895140993634,0.0050990745325916595,314738764.4352671,42373479.04343024,0.0,0.008760543949350297,0.008532090270231087,0.010361414886377023,0.001435255437503044,0.00681221769571684,0.005095969145367409,0.7575030383674322,0.9073392620211914,0.012653127657134612,0.005664222521804352,0.002413129313480658,0.0018107490702725972,15,Baseline
2020.0,58052380.34766132,50802557.24087158,1988761.8551694257,5261061.251620313,0.12488416604749616,0.72568132685791,0.007616777069848651,0.0012789333696239958,0.004733438857782624,315216412.48015875,42452691.88162449,0.0,0.007599569248668151,0.007420513822258314,0.008833180061987425,0.0012776763922186243,0.005770812720563043,0.004316932441277685,0.7371720487316472,0.8951486296774143,0.011174891823433623,0.004954206908309999,0.0021351755032032573,0.0016370534852291683,15,Baseline
2021.0,58783023.84855755,51332276.386190474,1831378.0364020607,5619369.425965011,0.12674998621306724,0.7542021058085574,0.006546341342880808,0.0011157161982828724,0.0041579517749537635,315633912.04291356,42522849.76274906,0.0,0.0065260427405030175,0.006391113557719325,0.007441810992861113,0.0010960413474535226,0.00536339443728203,0.004012157829896179,0.7152478529587367,0.8803490423720705,0.009712131985963678,0.004293327591703199,0.001865448988612565,0.0014326903809980542,15,Baseline
2015.0,,,,,,,0.010000792129633618,0.0014223406364908169,0.0052188408474183375,209969218.75856483,26681044.213236067,0.0,0.01000091487931336,0.009288751974335431,0.015441802245088253,0.0014228030169003017,0.006984732840966704,0.005220821336444389,0.6656770926343965,0.9082300450184642,0.011519091075217862,0.004735816871130279,0.0024183816366270894,0.0015923311906555371,16,Baseline
2016.0,54991043.8691337,48626301.20877315,2883058.24993465,3481684.4104259014,0.115741441015508,0.5470267371703399,0.009082409072090028,0.0013125503537624525,0.004813099689472898,210497495.89065313,26756784.89136385,0.0,0.009080159757849966,0.008471711331596254,0.013608780571321474,0.0013127493215421158,0.006440109729288714,0.004813736337416926,0.652997786462395,0.902012860015866,0.01059681183417706,0.004337493597581864,0.0022219519746889986,0.001468534677211595,16,Baseline
2017.0,55791255.751734406,49183187.96506312,2634538.8324364126,3973528.954234879,0.11844271468053243,0.6013147991988866,0.008179354525678603,0.0011992023136095258,0.004394867711518134,210982047.9156621,26827323.649064608,0.0,0.008175533962125057,0.007659015606053329,0.01192994998849319,0.0011991261087229892,0.005879133235311373,0.0043944278089900765,0.6387453373962524,0.8946647788556661,0.009654168946483686,0.003935907983325525,0.0020219925430919397,0.001340927064161588,16,Baseline
2018.0,56572517.07885867,49730748.766878806,2393454.439364246,4448313.87261563,0.12093802194522942,0.6501702001259925,0.007311484370041859,0.0010856148928229652,0.003976944347665836,211422769.03354067,26892355.787428,0.0,0.007306612592606499,0.006870304836101471,0.010411153335010935,0.0010852994609896974,0.00531888367998737,0.00397566263947465,0.6230448166910414,0.8860578394422237,0.008719023150831787,0.0035419093490210557,0.0018242952316120998,0.0012134136129907415,16,Baseline
2019.0,57335967.35098386,50270958.13368228,2178261.5781310834,4886747.639170502,0.12322124390180632,0.6916831229608714,0.006492169335949363,0.0009747335113703538,0.0035696109026831318,211820617.2910381,26951760.729815178,0.0,0.0064866381341830695,0.006119850170273014,0.009047290043810524,0.0009741745153982755,0.004773065300327807,0.0035676842232301104,0.6060484492322755,0.8761245799316747,0.007812925904792635,0.003163816734619766,0.0016331378802545969,0.001089131273596547,16,Baseline
2020.0,58083217.55355565,50805792.218040064,1993156.5650710762,5284268.770444522,0.1252930819268999,0.7261178956596106,0.005758859010991362,0.0008811223663921853,0.003365644525772875,212178065.6081023,27005992.83484461,0.0,0.0057491479467293456,0.0054329769581101675,0.00791939795514932,0.000882116501129922,0.004113401432301624,0.0030746106475486906,0.5880908039115147,0.8654366710040985,0.007018172581850031,0.0028129046342371075,0.001466039272824965,0.0009998847015709968,16,Baseline
2021.0,58814249.22831869,51335483.827938765,1835311.6391952238,5643453.761184705,0.12715907281834266,0.7545969767814901,0.005058544327415619,0.0007782237947307933,0.0029639832107631056,212497126.06332982,27054773.85135141,0.0,0.005039495187125168,0.004787928237877089,0.006740694598796463,0.0007673920618307895,0.003973813806429424,0.0029702742223698566,0.569160876761524,0.8523527431546197,0.006201004170098898,0.0024852640461845866,0.0012747705774675394,0.0008773329973384062,16,Baseline
2015.0,,,,,,,0.011417233443055463,0.0017517037098647172,0.00653396176658683,279779367.7307186,36792669.173242,0.0,0.011411271233184106,0.010910192605172555,0.01525073505325802,0.0017518178751734243,0.008754601714236093,0.006534822669795324,0.7831866970822421,0.9144496950777992,0.01447101709588134,0.0061720457747732865,0.002771909840520678,0.0019975088388674454,17,Baseline
2016.0,54943135.20374361,48600418.56501782,2884259.8446809836,3458456.7940448085,0.11544147626824224,0.5452642757094046,0.009896768087397406,0.00155094129198623,0.00577474804750993,280368414.90185165,36884007.7786602,0.0,0.009886923669890099,0.009498140230942474,0.012789048918340064,0.0015504617151780983,0.007733320112894908,0.005772492825612654,0.7667915793995458,0.9037515496141092,0.012762819636417042,0.0054192126531347196,0.002438027294371676,0.0017654082896722007,17,Baseline
2017.0,55742649.8328417,49157289.63095592,2634632.779386916,3950727.4224988623,0.11813862853010451,0.5999257901439522,0.008473163830855099,0.0013534272348617892,0.0050309211183244,280883100.6834132,36965443.513613015,0.0,0.00846109183805083,0.00816009080324421,0.010655273212507314,0.0013524461639622329,0.006733920968154625,0.005026497016734261,0.7483762624059642,0.8906591438986201,0.011097184563891993,0.004692368485889236,0.0021148920906196513,0.0015380116628303099,17,Baseline
2018.0,56523229.88832636,49704670.001122385,2392789.2093822947,4425770.677821677,0.12063287785704187,0.6490770413452385,0.007176025676455257,0.0011655939648139463,0.004326731955685569,281327390.3362852,37037013.34360282,0.0,0.0071628488590949075,0.006928369884589803,0.008835993542755785,0.0011642463631861644,0.0057888189814536565,0.004321031012733828,0.7281415031249336,0.8746646548632597,0.00952675700252731,0.0040123627120451704,0.0018122193923545537,0.001322732766678992,17,Baseline
2019.0,57286014.92889701,50244601.92453723,2177097.9701041398,4864315.034255637,0.12291678890737168,0.6908151859923338,0.006021024178879631,0.000992183116361748,0.0036786070322265374,281706873.709193,37099102.35711419,0.0,0.006007581823788979,0.0058225719733108255,0.007302768787909586,0.0009905290865630818,0.004919726018009361,0.0036723015119442363,0.7063334749987333,0.8552708003315592,0.008086626376186826,0.003393103638227879,0.0015361081429801486,0.0011245933667945042,17,Baseline
2020.0,58032614.34733933,50779115.89535974,1991679.6992027466,5261818.752776847,0.12499003419983183,0.72541805690202,0.005030223960215137,0.0008468413969861899,0.0032659141989536556,282028509.41254985,37152730.04131225,0.0,0.005013965969095424,0.004861856190928758,0.006060918378078731,0.000847001825263599,0.004023611850552736,0.0030034021870687343,0.6833132378314789,0.8325086175424429,0.006854779674445832,0.0028462895927769405,0.0012992687114202113,0.0009729711208612993,17,Baseline
2021.0,58763009.04109415,51308493.032351844,1833646.3219581977,5620869.686784105,0.12685728880100763,0.7540220827471852,0.004167923519520949,0.0007037785649032624,0.0026800581207284124,282299326.2512096,37198332.5786434,0.0,0.004152918899150929,0.004030133212736535,0.0049854770724021774,0.000696631845908531,0.003700996468396246,0.0027625877694901733,0.6593300392962925,0.8049725159463107,0.005706698473267055,0.002369930623129166,0.0010427466331539596,0.0007938680381736191,17,Baseline
2015.0,,,,,,,0.010714764896073523,0.00142385234622835,0.0051223959697162084,231052596.57404566,27031938.42378494,0.0,0.010713207256572018,0.009613738205050546,0.01911978625543199,0.0014241264849989956,0.006751510221336005,0.005123797135910775,0.7564659813989951,0.8993908804204144,0.012182587266994609,0.005362630486985584,0.0024089977729304045,0.001729283000921482,18,Baseline
2016.0,54984860.770681895,48625314.469298676,2882825.7903749547,3476720.511008259,0.11565995098007313,0.5466931674437319,0.009722014683160102,0.0013133387848275058,0.004723014819702213,231618194.11593354,27107724.82495663,0.0,0.009718222505612786,0.008767688978396249,0.016799031147010365,0.0013133894158902047,0.00622356123846164,0.004723130707559667,0.7428595746813276,0.8927515290848678,0.01120052002494808,0.004911260649602448,0.002211980693438187,0.001594454877970664,18,Baseline
2017.0,55784982.70157412,49182662.035883866,2634185.2369694365,3968135.428720816,0.11835301089918508,0.6010213119974172,0.008762038594729602,0.0012010104235396406,0.004317422935679966,232136933.62157905,27178321.617070295,0.0,0.008756970075344952,0.007938763945099807,0.014709710077624834,0.0012008271901679016,0.005687877402818894,0.004316594212340142,0.7276618513242796,0.88501097702116,0.010212553981762816,0.004462558893681684,0.0020146926909105373,0.0014575300571450208,18,Baseline
2018.0,56566156.17770243,49730660.09737244,2393046.4941131873,4442449.586216804,0.12084073838880441,0.6499088777185488,0.007851644895849873,0.001089784607226688,0.003916843849744453,232609507.4080696,27243512.42954965,0.0,0.007845860790242094,0.007143648638562913,0.0128472632371846,0.0010894116358490275,0.005159106215182688,0.003915303803536076,0.7109646141242056,0.876047129689591,0.009244642983946203,0.0040272900653892186,0.0018220307664567133,0.0013222975198854444,18,Baseline
2019.0,57329520.377812,50271279.47405955,2177846.962325179,4880393.941427277,0.12311704087592851,0.6914462127288197,0.007000464546504508,0.0009821971049666107,0.0035297038273344357,233037511.08062512,27303244.307726827,0.0,0.006994336883534678,0.00639335562154885,0.011194189373799816,0.000981604037866623,0.004648359416715979,0.003527692306646694,0.6928841972008002,0.8658190508987522,0.008315510177045397,0.003612916732492013,0.001637561032984691,0.0011916019110945653,18,Baseline
2020.0,58076686.29911627,50806490.7403515,1992766.364985732,5277429.193779046,0.12518268554993997,0.7258992074039466,0.0062404625568516035,0.0008905781791587726,0.0033361656550141335,233423852.96732825,27357992.81668296,0.0,0.006231773498357014,0.005708884734646715,0.009824716894276607,0.0008925492021117047,0.004059997066622502,0.0030811774935965057,0.6737489645899553,0.8549110501700261,0.0074983094760186575,0.003229787306632682,0.0014576075579338017,0.0010966385784595173,18,Baseline
2021.0,58807635.490523726,51336521.35715044,1834964.567900505,5636149.565472776,0.12704326693388612,0.7543921113848651,0.005512259313542664,0.0007882585518926864,0.0029249026694685787,233770636.03124112,27407446.78204167,0.0,0.005495383821924371,0.005064548325085057,0.008412000666100703,0.0007798808869911404,0.003953698870358075,0.0030005065954243977,0.653441315930454,0.8415950255644927,0.006654793205128022,0.002872174873320868,0.0012551481076252431,0.0009577992356955595,18,Baseline
2015.0,,,,,,,0.006216707631925943,0.0010235485808653708,0.003620748227508245,154727286.84997296,22127532.16663009,0.0,0.006212571346416835,0.005946957815754824,0.00824457502924466,0.001023531503614918,0.0049427961224004,0.003620406135660106,0.6813819376117953,0.8635054569579326,0.007739306643219859,0.0033380401247047457,0.0013831704009900072,0.001021650098383668,19,Baseline
2016.0,54985933.706700325,48629344.84461601,2878836.432815967,3477752.4292683383,0.11560390873765813,0.5471098579321984,0.005373009213449638,0.0009008033737110272,0.0031830098227605312,155047777.34623617,22180785.411965866,0.0,0.005366517981245131,0.005152793032755639,0.006959529518212607,0.0009003440075614262,0.004342749304010775,0.0031808951525670857,0.6650969912597517,0.846800167247108,0.00679405696854189,0.0029179353743087884,0.0012110760302957938,0.0008981354389331322,19,Baseline
2017.0,55786071.59623987,49186949.15957156,2630233.8564230083,3968888.5802452965,0.11829337051066172,0.6014267227702881,0.0045948760257073125,0.0007820685647674678,0.0027605029111481775,155327208.7032469,22227995.696404923,0.0,0.004587207413383212,0.004413561601123966,0.005851283551083324,0.0007812631026153751,0.003764684344869257,0.0027574850273954904,0.6471740992415144,0.8266981672625691,0.0058853196151493125,0.0025182122075555376,0.0010470603600895693,0.0007789185807884275,19,Baseline
2018.0,56567260.71294339,49735155.288039654,2389255.0450510317,4442850.379852712,0.1207784386020386,0.6502900794911703,0.003898367285482631,0.0006714076693852334,0.002368328019974495,155568469.05650532,22269309.916998446,0.0,0.003890327254531908,0.0037466240367748306,0.004914444763587433,0.0006704011677777456,0.003228495833481129,0.002364747773333534,0.6279488818653112,0.8027314587032743,0.0050435914334041355,0.0021509962084910704,0.0008960478971411121,0.0006682603712208073,19,Baseline
2019.0,57330639.359413765,50275962.932730556,2174278.2382046343,4880398.188478577,0.12305246383973607,0.6917961779252175,0.0032896459887499264,0.0005714473243076704,0.0020150550341213767,155775285.85010225,22305088.687256992,0.0,0.003281780236419801,0.0031601914370599717,0.0041320023891971295,0.0005703212266783381,0.0027457563642093695,0.0020111598661653883,0.6077526703048282,0.7745653716796872,0.004286679255999673,0.0018231033720492629,0.0007608650813735928,0.0005685789357619515,19,Baseline
2020.0,58077818.940758795,50811372.45862172,1989447.3146206634,5276999.167516409,0.1251156915783817,0.7262145507420618,0.0027767640580278136,0.0004893698157645156,0.0017997735826722032,155951973.81192026,22336050.95609367,0.0,0.002767907760000871,0.002661125673682222,0.003502107785049473,0.000489748699752697,0.0022674684658244636,0.0016608325617320507,0.5869590526956157,0.7427630975960993,0.003654563334288226,0.0015392157176716587,0.0006437713703210182,0.0004948232056055592,19,Baseline
2021.0,58808782.436383724,51341650.38024726,1831895.7835005336,5635236.272635937,0.12697307692459073,0.7546721057390319,0.0023389524204643387,0.0004124930879250906,0.0015153691937185697,156102689.68999648,22362552.290173568,0.0,0.002329462990181161,0.0022361680242956494,0.0029614555208669975,0.00040659105741356244,0.002034124485527635,0.0014899171614071991,0.565800971174991,0.706061628680691,0.0030806323241281486,0.001296370602156286,0.0005340108669874627,0.0004145741096458583,19,Baseline
